sbcl-bin	Set up job	﻿2026-09-29T04:14:30.0350957Z Current runner version: '2.337.0'
sbcl-bin	Set up job	2026-09-29T04:14:30.0379304Z ##[group]Runner Image Provisioner
sbcl-bin	Set up job	2026-09-29T04:14:30.0380220Z Hosted Compute Agent
sbcl-bin	Set up job	2026-09-29T04:14:30.0381001Z Version: 20260828.587
sbcl-bin	Set up job	2026-09-29T04:14:30.0381712Z Commit: abac92662cab4cc7352de4f9f9d2e2419aad9c29
sbcl-bin	Set up job	2026-09-29T04:14:30.0382485Z Build Date: 2026-08-28T16:44:25Z
sbcl-bin	Set up job	2026-09-29T04:14:30.0383283Z Worker ID: {0e19e8b0-665a-4e83-99d5-fd7f4b489a5d}
sbcl-bin	Set up job	2026-09-29T04:14:30.0384042Z Azure Region: westcentralus
sbcl-bin	Set up job	2026-09-29T04:14:30.0384711Z ##[endgroup]
sbcl-bin	Set up job	2026-09-29T04:14:30.0386253Z ##[group]Operating System
sbcl-bin	Set up job	2026-09-29T04:14:30.0387198Z Ubuntu
sbcl-bin	Set up job	2026-09-29T04:14:30.0387846Z 24.04.5
sbcl-bin	Set up job	2026-09-29T04:14:30.0388400Z LTS
sbcl-bin	Set up job	2026-09-29T04:14:30.0389064Z ##[endgroup]
sbcl-bin	Set up job	2026-09-29T04:14:30.0389709Z ##[group]Runner Image
sbcl-bin	Set up job	2026-09-29T04:14:30.0390346Z Image: ubuntu-24.04
sbcl-bin	Set up job	2026-09-29T04:14:30.0390999Z Version: 20260920.314.1
sbcl-bin	Set up job	2026-09-29T04:14:30.0392116Z Included Software: https://github.com/actions/runner-images/blob/ubuntu24/20260920.314/images/ubuntu/Ubuntu2404-Readme.md
sbcl-bin	Set up job	2026-09-29T04:14:30.0394018Z Image Release: https://github.com/actions/runner-images/releases/tag/ubuntu24%2F20260920.314
sbcl-bin	Set up job	2026-09-29T04:14:30.0395129Z ##[endgroup]
sbcl-bin	Set up job	2026-09-29T04:14:30.0398645Z ##[group]GITHUB_TOKEN Permissions
sbcl-bin	Set up job	2026-09-29T04:14:30.0401646Z Actions: write
sbcl-bin	Set up job	2026-09-29T04:14:30.0402432Z ArtifactMetadata: write
sbcl-bin	Set up job	2026-09-29T04:14:30.0403099Z Attestations: write
sbcl-bin	Set up job	2026-09-29T04:14:30.0403776Z Checks: write
sbcl-bin	Set up job	2026-09-29T04:14:30.0404391Z CodeQuality: write
sbcl-bin	Set up job	2026-09-29T04:14:30.0404983Z Contents: write
sbcl-bin	Set up job	2026-09-29T04:14:30.0405710Z CopilotRequests: write
sbcl-bin	Set up job	2026-09-29T04:14:30.0406360Z Deployments: write
sbcl-bin	Set up job	2026-09-29T04:14:30.0407299Z Discussions: write
sbcl-bin	Set up job	2026-09-29T04:14:30.0407918Z Drives: write
sbcl-bin	Set up job	2026-09-29T04:14:30.0408622Z Issues: write
sbcl-bin	Set up job	2026-09-29T04:14:30.0409258Z Metadata: read
sbcl-bin	Set up job	2026-09-29T04:14:30.0409939Z Models: read
sbcl-bin	Set up job	2026-09-29T04:14:30.0410491Z Packages: write
sbcl-bin	Set up job	2026-09-29T04:14:30.0411189Z Pages: write
sbcl-bin	Set up job	2026-09-29T04:14:30.0411816Z PullRequests: write
sbcl-bin	Set up job	2026-09-29T04:14:30.0412481Z RepositoryProjects: write
sbcl-bin	Set up job	2026-09-29T04:14:30.0413166Z SecurityEvents: write
sbcl-bin	Set up job	2026-09-29T04:14:30.0413772Z Statuses: write
sbcl-bin	Set up job	2026-09-29T04:14:30.0414439Z VulnerabilityAlerts: read
sbcl-bin	Set up job	2026-09-29T04:14:30.0415103Z ##[endgroup]
sbcl-bin	Set up job	2026-09-29T04:14:30.0417786Z Secret source: Actions
sbcl-bin	Set up job	2026-09-29T04:14:30.0418824Z Cache mode: write
sbcl-bin	Set up job	2026-09-29T04:14:30.0419626Z Prepare workflow directory
sbcl-bin	Set up job	2026-09-29T04:14:30.0758226Z Prepare all required actions
sbcl-bin	Set up job	2026-09-29T04:14:30.0808943Z Getting action download info
sbcl-bin	Set up job	2026-09-29T04:14:30.4212613Z Download action repository 'actions/checkout@v4' (SHA:11d5960a326750d5838078e36cf38b85af677262)
sbcl-bin	Set up job	2026-09-29T04:14:30.6053512Z Complete job name: sbcl-bin
sbcl-bin	Run actions/checkout@v4	﻿2026-09-29T04:14:30.6851390Z ##[group]Run actions/checkout@v4
sbcl-bin	Run actions/checkout@v4	2026-09-29T04:14:30.6852561Z with:
sbcl-bin	Run actions/checkout@v4	2026-09-29T04:14:30.6853026Z   repository: pyrex41/woo
sbcl-bin	Run actions/checkout@v4	2026-09-29T04:14:30.6856992Z   token: ***
sbcl-bin	Run actions/checkout@v4	2026-09-29T04:14:30.6857443Z   ssh-strict: true
sbcl-bin	Run actions/checkout@v4	2026-09-29T04:14:30.6857896Z   ssh-user: git
sbcl-bin	Run actions/checkout@v4	2026-09-29T04:14:30.6858357Z   persist-credentials: true
sbcl-bin	Run actions/checkout@v4	2026-09-29T04:14:30.6858863Z   clean: true
sbcl-bin	Run actions/checkout@v4	2026-09-29T04:14:30.6859356Z   sparse-checkout-cone-mode: true
sbcl-bin	Run actions/checkout@v4	2026-09-29T04:14:30.6859889Z   fetch-depth: 1
sbcl-bin	Run actions/checkout@v4	2026-09-29T04:14:30.6860344Z   fetch-tags: false
sbcl-bin	Run actions/checkout@v4	2026-09-29T04:14:30.6860805Z   show-progress: true
sbcl-bin	Run actions/checkout@v4	2026-09-29T04:14:30.6861260Z   lfs: false
sbcl-bin	Run actions/checkout@v4	2026-09-29T04:14:30.6861757Z   submodules: false
sbcl-bin	Run actions/checkout@v4	2026-09-29T04:14:30.6862298Z   set-safe-directory: true
sbcl-bin	Run actions/checkout@v4	2026-09-29T04:14:30.6862811Z   allow-unsafe-pr-checkout: false
sbcl-bin	Run actions/checkout@v4	2026-09-29T04:14:30.6863590Z ##[endgroup]
sbcl-bin	Run actions/checkout@v4	2026-09-29T04:14:30.7913126Z Syncing repository: pyrex41/woo
sbcl-bin	Run actions/checkout@v4	2026-09-29T04:14:30.7915296Z ##[group]Getting Git version info
sbcl-bin	Run actions/checkout@v4	2026-09-29T04:14:30.7915992Z Working directory is '/home/runner/work/woo/woo'
sbcl-bin	Run actions/checkout@v4	2026-09-29T04:14:30.7917435Z [command]/usr/bin/git version
sbcl-bin	Run actions/checkout@v4	2026-09-29T04:14:30.7972678Z git version 2.55.0
sbcl-bin	Run actions/checkout@v4	2026-09-29T04:14:30.7994820Z ##[endgroup]
sbcl-bin	Run actions/checkout@v4	2026-09-29T04:14:30.8010647Z Temporarily overriding HOME='/home/runner/work/_temp/3c4c70d3-9186-417d-8298-49cb45882e73' before making global git config changes
sbcl-bin	Run actions/checkout@v4	2026-09-29T04:14:30.8012945Z Adding repository directory to the temporary git global config as a safe directory
sbcl-bin	Run actions/checkout@v4	2026-09-29T04:14:30.8017026Z [command]/usr/bin/git config --global --add safe.directory /home/runner/work/woo/woo
sbcl-bin	Run actions/checkout@v4	2026-09-29T04:14:30.8079008Z Deleting the contents of '/home/runner/work/woo/woo'
sbcl-bin	Run actions/checkout@v4	2026-09-29T04:14:30.8089013Z ##[group]Initializing the repository
sbcl-bin	Run actions/checkout@v4	2026-09-29T04:14:30.8098411Z [command]/usr/bin/git init /home/runner/work/woo/woo
sbcl-bin	Run actions/checkout@v4	2026-09-29T04:14:30.8191969Z hint: Using 'master' as the name for the initial branch. This default branch name
sbcl-bin	Run actions/checkout@v4	2026-09-29T04:14:30.8193765Z hint: will change to "main" in Git 3.0. To configure the initial branch name
sbcl-bin	Run actions/checkout@v4	2026-09-29T04:14:30.8195646Z hint: to use in all of your new repositories, which will suppress this warning,
sbcl-bin	Run actions/checkout@v4	2026-09-29T04:14:30.8197279Z hint: call:
sbcl-bin	Run actions/checkout@v4	2026-09-29T04:14:30.8198240Z hint:
sbcl-bin	Run actions/checkout@v4	2026-09-29T04:14:30.8199626Z hint: 	git config --global init.defaultBranch <name>
sbcl-bin	Run actions/checkout@v4	2026-09-29T04:14:30.8200806Z hint:
sbcl-bin	Run actions/checkout@v4	2026-09-29T04:14:30.8201913Z hint: Names commonly chosen instead of 'master' are 'main', 'trunk' and
sbcl-bin	Run actions/checkout@v4	2026-09-29T04:14:30.8203622Z hint: 'development'. The just-created branch can be renamed via this command:
sbcl-bin	Run actions/checkout@v4	2026-09-29T04:14:30.8205007Z hint:
sbcl-bin	Run actions/checkout@v4	2026-09-29T04:14:30.8205836Z hint: 	git branch -m <name>
sbcl-bin	Run actions/checkout@v4	2026-09-29T04:14:30.8206983Z hint:
sbcl-bin	Run actions/checkout@v4	2026-09-29T04:14:30.8208180Z hint: Disable this message with "git config set advice.defaultBranchName false"
sbcl-bin	Run actions/checkout@v4	2026-09-29T04:14:30.8210009Z Initialized empty Git repository in /home/runner/work/woo/woo/.git/
sbcl-bin	Run actions/checkout@v4	2026-09-29T04:14:30.8213263Z [command]/usr/bin/git remote add origin https://github.com/pyrex41/woo
sbcl-bin	Run actions/checkout@v4	2026-09-29T04:14:30.8269173Z ##[endgroup]
sbcl-bin	Run actions/checkout@v4	2026-09-29T04:14:30.8270396Z ##[group]Disabling automatic garbage collection
sbcl-bin	Run actions/checkout@v4	2026-09-29T04:14:30.8273767Z [command]/usr/bin/git config --local gc.auto 0
sbcl-bin	Run actions/checkout@v4	2026-09-29T04:14:30.8308439Z ##[endgroup]
sbcl-bin	Run actions/checkout@v4	2026-09-29T04:14:30.8309582Z ##[group]Setting up auth
sbcl-bin	Run actions/checkout@v4	2026-09-29T04:14:30.8315831Z [command]/usr/bin/git config --local --name-only --get-regexp core\.sshCommand
sbcl-bin	Run actions/checkout@v4	2026-09-29T04:14:30.8351792Z [command]/usr/bin/git submodule foreach --recursive sh -c "git config --local --name-only --get-regexp 'core\.sshCommand' && git config --local --unset-all 'core.sshCommand' || :"
sbcl-bin	Run actions/checkout@v4	2026-09-29T04:14:30.8749569Z [command]/usr/bin/git config --local --name-only --get-regexp http\.https\:\/\/github\.com\/\.extraheader
sbcl-bin	Run actions/checkout@v4	2026-09-29T04:14:30.8794626Z [command]/usr/bin/git submodule foreach --recursive sh -c "git config --local --name-only --get-regexp 'http\.https\:\/\/github\.com\/\.extraheader' && git config --local --unset-all 'http.https://github.com/.extraheader' || :"
sbcl-bin	Run actions/checkout@v4	2026-09-29T04:14:30.9043287Z [command]/usr/bin/git config --local --name-only --get-regexp ^includeIf\.gitdir:
sbcl-bin	Run actions/checkout@v4	2026-09-29T04:14:30.9082306Z [command]/usr/bin/git submodule foreach --recursive git config --local --show-origin --name-only --get-regexp remote.origin.url
sbcl-bin	Run actions/checkout@v4	2026-09-29T04:14:30.9331838Z [command]/usr/bin/git config --local http.https://github.com/.extraheader AUTHORIZATION: basic ***
sbcl-bin	Run actions/checkout@v4	2026-09-29T04:14:30.9375551Z ##[endgroup]
sbcl-bin	Run actions/checkout@v4	2026-09-29T04:14:30.9376411Z ##[group]Fetching the repository
sbcl-bin	Run actions/checkout@v4	2026-09-29T04:14:30.9385586Z [command]/usr/bin/git -c protocol.version=2 fetch --no-tags --prune --no-recurse-submodules --depth=1 origin +2403a847381cb410db26dfd1d0db38783945b5c6:refs/remotes/origin/codex/upstream-09-h2-codecs
sbcl-bin	Run actions/checkout@v4	2026-09-29T04:14:31.8985818Z From https://github.com/pyrex41/woo
sbcl-bin	Run actions/checkout@v4	2026-09-29T04:14:31.8988139Z  * [new ref]         2403a847381cb410db26dfd1d0db38783945b5c6 -> origin/codex/upstream-09-h2-codecs
sbcl-bin	Run actions/checkout@v4	2026-09-29T04:14:31.8991663Z ##[endgroup]
sbcl-bin	Run actions/checkout@v4	2026-09-29T04:14:31.8992979Z ##[group]Determining the checkout info
sbcl-bin	Run actions/checkout@v4	2026-09-29T04:14:31.8994567Z ##[endgroup]
sbcl-bin	Run actions/checkout@v4	2026-09-29T04:14:31.8999771Z [command]/usr/bin/git sparse-checkout disable
sbcl-bin	Run actions/checkout@v4	2026-09-29T04:14:31.9061496Z [command]/usr/bin/git config --local --unset-all extensions.worktreeConfig
sbcl-bin	Run actions/checkout@v4	2026-09-29T04:14:31.9101800Z ##[group]Checking out the ref
sbcl-bin	Run actions/checkout@v4	2026-09-29T04:14:31.9108144Z [command]/usr/bin/git checkout --progress --force -B codex/upstream-09-h2-codecs refs/remotes/origin/codex/upstream-09-h2-codecs
sbcl-bin	Run actions/checkout@v4	2026-09-29T04:14:31.9256053Z Switched to a new branch 'codex/upstream-09-h2-codecs'
sbcl-bin	Run actions/checkout@v4	2026-09-29T04:14:31.9261440Z branch 'codex/upstream-09-h2-codecs' set up to track 'origin/codex/upstream-09-h2-codecs'.
sbcl-bin	Run actions/checkout@v4	2026-09-29T04:14:31.9266392Z ##[endgroup]
sbcl-bin	Run actions/checkout@v4	2026-09-29T04:14:31.9316591Z [command]/usr/bin/git log -1 --format=%H
sbcl-bin	Run actions/checkout@v4	2026-09-29T04:14:31.9347880Z 2403a847381cb410db26dfd1d0db38783945b5c6
sbcl-bin	Install dependencies from APT	﻿2026-09-29T04:14:31.9613358Z ##[group]Run sudo apt-get install -y libev-dev gcc libc6-dev
sbcl-bin	Install dependencies from APT	2026-09-29T04:14:31.9615354Z ^[[36;1msudo apt-get install -y libev-dev gcc libc6-dev^[[0m
sbcl-bin	Install dependencies from APT	2026-09-29T04:14:31.9878051Z shell: /usr/bin/bash -e {0}
sbcl-bin	Install dependencies from APT	2026-09-29T04:14:31.9879235Z ##[endgroup]
sbcl-bin	Install dependencies from APT	2026-09-29T04:14:34.5129383Z Reading package lists...
sbcl-bin	Install dependencies from APT	2026-09-29T04:14:34.7812160Z Building dependency tree...
sbcl-bin	Install dependencies from APT	2026-09-29T04:14:34.7823813Z Reading state information...
sbcl-bin	Install dependencies from APT	2026-09-29T04:14:34.9701146Z gcc is already the newest version (4:13.2.0-7ubuntu1).
sbcl-bin	Install dependencies from APT	2026-09-29T04:14:34.9701823Z libc6-dev is already the newest version (2.39-0ubuntu8.9).
sbcl-bin	Install dependencies from APT	2026-09-29T04:14:34.9702249Z libc6-dev set to manually installed.
sbcl-bin	Install dependencies from APT	2026-09-29T04:14:34.9702726Z The following additional packages will be installed:
sbcl-bin	Install dependencies from APT	2026-09-29T04:14:34.9705766Z   libev4t64
sbcl-bin	Install dependencies from APT	2026-09-29T04:14:34.9971111Z The following NEW packages will be installed:
sbcl-bin	Install dependencies from APT	2026-09-29T04:14:34.9978580Z   libev-dev libev4t64
sbcl-bin	Install dependencies from APT	2026-09-29T04:14:35.0226206Z 0 upgraded, 2 newly installed, 0 to remove and 1 not upgraded.
sbcl-bin	Install dependencies from APT	2026-09-29T04:14:35.0227143Z Need to get 154 kB of archives.
sbcl-bin	Install dependencies from APT	2026-09-29T04:14:35.0227930Z After this operation, 332 kB of additional disk space will be used.
sbcl-bin	Install dependencies from APT	2026-09-29T04:14:35.0228621Z Get:1 file:/etc/apt/apt-mirrors.txt Mirrorlist [144 B]
sbcl-bin	Install dependencies from APT	2026-09-29T04:14:35.0918715Z Get:2 http://azure.archive.ubuntu.com/ubuntu noble/universe amd64 libev4t64 amd64 1:4.33-2.1build1 [31.0 kB]
sbcl-bin	Install dependencies from APT	2026-09-29T04:14:35.1400286Z Get:3 http://azure.archive.ubuntu.com/ubuntu noble/universe amd64 libev-dev amd64 1:4.33-2.1build1 [123 kB]
sbcl-bin	Install dependencies from APT	2026-09-29T04:14:35.4179240Z Fetched 154 kB in 0s (1154 kB/s)
sbcl-bin	Install dependencies from APT	2026-09-29T04:14:35.4437515Z Selecting previously unselected package libev4t64:amd64.
sbcl-bin	Install dependencies from APT	2026-09-29T04:14:35.4714675Z (Reading database ... 
sbcl-bin	Install dependencies from APT	2026-09-29T04:14:35.4715295Z (Reading database ... 5%
sbcl-bin	Install dependencies from APT	2026-09-29T04:14:35.4716332Z (Reading database ... 10%
sbcl-bin	Install dependencies from APT	2026-09-29T04:14:35.4716692Z (Reading database ... 15%
sbcl-bin	Install dependencies from APT	2026-09-29T04:14:35.4717480Z (Reading database ... 20%
sbcl-bin	Install dependencies from APT	2026-09-29T04:14:35.4717957Z (Reading database ... 25%
sbcl-bin	Install dependencies from APT	2026-09-29T04:14:35.4718467Z (Reading database ... 30%
sbcl-bin	Install dependencies from APT	2026-09-29T04:14:35.4718878Z (Reading database ... 35%
sbcl-bin	Install dependencies from APT	2026-09-29T04:14:35.4719221Z (Reading database ... 40%
sbcl-bin	Install dependencies from APT	2026-09-29T04:14:35.4719596Z (Reading database ... 45%
sbcl-bin	Install dependencies from APT	2026-09-29T04:14:35.4719947Z (Reading database ... 50%
sbcl-bin	Install dependencies from APT	2026-09-29T04:14:35.4778985Z (Reading database ... 55%
sbcl-bin	Install dependencies from APT	2026-09-29T04:14:35.5349404Z (Reading database ... 60%
sbcl-bin	Install dependencies from APT	2026-09-29T04:14:35.7261343Z (Reading database ... 65%
sbcl-bin	Install dependencies from APT	2026-09-29T04:14:35.9321650Z (Reading database ... 70%
sbcl-bin	Install dependencies from APT	2026-09-29T04:14:36.1366495Z (Reading database ... 75%
sbcl-bin	Install dependencies from APT	2026-09-29T04:14:36.2440936Z (Reading database ... 80%
sbcl-bin	Install dependencies from APT	2026-09-29T04:14:36.3820383Z (Reading database ... 85%
sbcl-bin	Install dependencies from APT	2026-09-29T04:14:36.5291656Z (Reading database ... 90%
sbcl-bin	Install dependencies from APT	2026-09-29T04:14:36.6344807Z (Reading database ... 95%
sbcl-bin	Install dependencies from APT	2026-09-29T04:14:36.6345347Z (Reading database ... 100%
sbcl-bin	Install dependencies from APT	2026-09-29T04:14:36.6345876Z (Reading database ... 202190 files and directories currently installed.)
sbcl-bin	Install dependencies from APT	2026-09-29T04:14:36.6398520Z Preparing to unpack .../libev4t64_1%3a4.33-2.1build1_amd64.deb ...
sbcl-bin	Install dependencies from APT	2026-09-29T04:14:36.6430618Z Unpacking libev4t64:amd64 (1:4.33-2.1build1) ...
sbcl-bin	Install dependencies from APT	2026-09-29T04:14:36.6650880Z Selecting previously unselected package libev-dev:amd64.
sbcl-bin	Install dependencies from APT	2026-09-29T04:14:36.6788058Z Preparing to unpack .../libev-dev_1%3a4.33-2.1build1_amd64.deb ...
sbcl-bin	Install dependencies from APT	2026-09-29T04:14:36.6793979Z Unpacking libev-dev:amd64 (1:4.33-2.1build1) ...
sbcl-bin	Install dependencies from APT	2026-09-29T04:14:36.7237004Z Setting up libev4t64:amd64 (1:4.33-2.1build1) ...
sbcl-bin	Install dependencies from APT	2026-09-29T04:14:36.7254333Z Setting up libev-dev:amd64 (1:4.33-2.1build1) ...
sbcl-bin	Install dependencies from APT	2026-09-29T04:14:36.7273802Z Processing triggers for man-db (2.12.0-4build2) ...
sbcl-bin	Install dependencies from APT	2026-09-29T04:14:36.7293129Z Not building database; man-db/auto-update is not 'true'.
sbcl-bin	Install dependencies from APT	2026-09-29T04:14:36.7304300Z Processing triggers for libc-bin (2.39-0ubuntu8.9) ...
sbcl-bin	Install dependencies from APT	2026-09-29T04:14:37.4464703Z 
sbcl-bin	Install dependencies from APT	2026-09-29T04:14:37.4465375Z Running kernel seems to be up-to-date.
sbcl-bin	Install dependencies from APT	2026-09-29T04:14:37.4465660Z 
sbcl-bin	Install dependencies from APT	2026-09-29T04:14:37.4465785Z No services need to be restarted.
sbcl-bin	Install dependencies from APT	2026-09-29T04:14:37.4466131Z 
sbcl-bin	Install dependencies from APT	2026-09-29T04:14:37.4466286Z No containers need to be restarted.
sbcl-bin	Install dependencies from APT	2026-09-29T04:14:37.4466512Z 
sbcl-bin	Install dependencies from APT	2026-09-29T04:14:37.4467372Z No user sessions are running outdated binaries.
sbcl-bin	Install dependencies from APT	2026-09-29T04:14:37.4467726Z 
sbcl-bin	Install dependencies from APT	2026-09-29T04:14:37.4468036Z No VM guests are running outdated hypervisor (qemu) binaries on this host.
sbcl-bin	Generate server certificates	﻿2026-09-29T04:14:38.5421635Z ##[group]Run sh ./t/generate-certificates.sh
sbcl-bin	Generate server certificates	2026-09-29T04:14:38.5422029Z ^[[36;1msh ./t/generate-certificates.sh^[[0m
sbcl-bin	Generate server certificates	2026-09-29T04:14:38.5494967Z shell: /usr/bin/bash -e {0}
sbcl-bin	Generate server certificates	2026-09-29T04:14:38.5495254Z ##[endgroup]
sbcl-bin	Generate server certificates	2026-09-29T04:14:38.7370438Z Certificate request self-signature ok
sbcl-bin	Generate server certificates	2026-09-29T04:14:38.7371259Z subject=C = JP, ST = Tokyo, L = Chuo-ku, O = \"Woo\", OU = Development, CN = localhost
sbcl-bin	Generate server certificates	2026-09-29T04:14:38.7602723Z Certificate:
sbcl-bin	Generate server certificates	2026-09-29T04:14:38.7603133Z     Data:
sbcl-bin	Generate server certificates	2026-09-29T04:14:38.7603439Z         Version: 3 (0x2)
sbcl-bin	Generate server certificates	2026-09-29T04:14:38.7603785Z         Serial Number:
sbcl-bin	Generate server certificates	2026-09-29T04:14:38.7604197Z             62:92:a7:c8:64:2c:69:f5:07:19:85:1f:15:cc:12:ad:2c:80:b6:59
sbcl-bin	Generate server certificates	2026-09-29T04:14:38.7604786Z         Signature Algorithm: sha256WithRSAEncryption
sbcl-bin	Generate server certificates	2026-09-29T04:14:38.7605457Z         Issuer: C = JP, ST = Tokyo, L = Chuo-ku, O = \"Woo\", OU = Development, CN = localhost
sbcl-bin	Generate server certificates	2026-09-29T04:14:38.7606073Z         Validity
sbcl-bin	Generate server certificates	2026-09-29T04:14:38.7606400Z             Not Before: Sep 29 04:14:38 2026 GMT
sbcl-bin	Generate server certificates	2026-09-29T04:14:38.7606960Z             Not After : Sep 26 04:14:38 2036 GMT
sbcl-bin	Generate server certificates	2026-09-29T04:14:38.7607348Z         Subject: C = JP, ST = Tokyo, L = Chuo-ku, O = \"Woo\", OU = Development, CN = localhost
sbcl-bin	Generate server certificates	2026-09-29T04:14:38.7607776Z         Subject Public Key Info:
sbcl-bin	Generate server certificates	2026-09-29T04:14:38.7608060Z             Public Key Algorithm: rsaEncryption
sbcl-bin	Generate server certificates	2026-09-29T04:14:38.7608368Z                 Public-Key: (2048 bit)
sbcl-bin	Generate server certificates	2026-09-29T04:14:38.7608628Z                 Modulus:
sbcl-bin	Generate server certificates	2026-09-29T04:14:38.7608903Z                     00:95:fa:21:9e:f6:eb:8e:73:ec:95:34:6c:f2:4a:
sbcl-bin	Generate server certificates	2026-09-29T04:14:38.7609244Z                     90:0e:43:9e:55:51:58:36:55:b7:2b:03:3a:9e:84:
sbcl-bin	Generate server certificates	2026-09-29T04:14:38.7609564Z                     e8:74:62:a7:87:61:a8:c5:02:73:2f:54:06:b2:40:
sbcl-bin	Generate server certificates	2026-09-29T04:14:38.7609887Z                     34:a5:39:ee:3a:65:bf:8c:75:58:c4:e2:6b:b5:e9:
sbcl-bin	Generate server certificates	2026-09-29T04:14:38.7610199Z                     32:e7:3e:ad:7d:85:ed:39:c6:af:30:60:2a:97:fb:
sbcl-bin	Generate server certificates	2026-09-29T04:14:38.7681456Z                     8d:aa:0c:6c:03:e9:00:c7:e8:d5:14:0a:7e:1a:6a:
sbcl-bin	Generate server certificates	2026-09-29T04:14:38.7682004Z                     7b:43:20:b4:33:7d:41:63:e4:6a:ba:4f:63:af:4b:
sbcl-bin	Generate server certificates	2026-09-29T04:14:38.7682357Z                     14:c5:8e:f4:e6:06:99:3e:e9:7c:9e:c7:6f:b9:14:
sbcl-bin	Generate server certificates	2026-09-29T04:14:38.7682700Z                     a0:13:b7:b1:8f:db:dc:8c:4a:82:25:cd:a4:6d:e3:
sbcl-bin	Generate server certificates	2026-09-29T04:14:38.7683025Z                     05:db:ec:44:44:21:c0:db:cd:6d:95:11:5c:07:3a:
sbcl-bin	Generate server certificates	2026-09-29T04:14:38.7683365Z                     6a:73:4e:a2:0d:47:fb:e4:a5:8d:af:bf:ae:76:84:
sbcl-bin	Generate server certificates	2026-09-29T04:14:38.7683734Z                     06:43:05:43:0b:a0:79:af:14:ee:f2:d1:47:f4:c6:
sbcl-bin	Generate server certificates	2026-09-29T04:14:38.7684064Z                     72:0b:f4:a3:bd:82:a2:e5:f1:1e:64:ec:ba:12:d5:
sbcl-bin	Generate server certificates	2026-09-29T04:14:38.7684417Z                     81:4b:b6:6a:47:1a:fb:c2:4a:5a:7a:09:a6:8f:40:
sbcl-bin	Generate server certificates	2026-09-29T04:14:38.7684753Z                     0d:08:20:71:94:48:eb:9d:30:9b:ff:46:16:a9:31:
sbcl-bin	Generate server certificates	2026-09-29T04:14:38.7685090Z                     6b:ff:6c:81:86:03:93:00:d2:27:5d:ad:e2:fc:79:
sbcl-bin	Generate server certificates	2026-09-29T04:14:38.7685440Z                     84:77:32:7d:92:8b:cf:2a:e1:94:ff:82:41:49:c8:
sbcl-bin	Generate server certificates	2026-09-29T04:14:38.7685742Z                     a2:a9
sbcl-bin	Generate server certificates	2026-09-29T04:14:38.7686019Z                 Exponent: 65537 (0x10001)
sbcl-bin	Generate server certificates	2026-09-29T04:14:38.7686309Z         X509v3 extensions:
sbcl-bin	Generate server certificates	2026-09-29T04:14:38.7686566Z             X509v3 Basic Constraints: critical
sbcl-bin	Generate server certificates	2026-09-29T04:14:38.7686980Z                 CA:TRUE, pathlen:0
sbcl-bin	Generate server certificates	2026-09-29T04:14:38.7687248Z             X509v3 Key Usage: critical
sbcl-bin	Generate server certificates	2026-09-29T04:14:38.7687516Z                 Certificate Sign, CRL Sign
sbcl-bin	Generate server certificates	2026-09-29T04:14:38.7688156Z             X509v3 Subject Key Identifier: 
sbcl-bin	Generate server certificates	2026-09-29T04:14:38.7688483Z                 37:D6:41:7A:C1:CE:E2:65:CE:CA:03:5C:D3:70:EA:66:0E:C3:A8:BA
sbcl-bin	Generate server certificates	2026-09-29T04:14:38.7688858Z     Signature Algorithm: sha256WithRSAEncryption
sbcl-bin	Generate server certificates	2026-09-29T04:14:38.7689160Z     Signature Value:
sbcl-bin	Generate server certificates	2026-09-29T04:14:38.7689424Z         4d:0c:e5:97:c9:64:8d:2c:38:65:56:b9:61:ff:3b:ae:ec:dd:
sbcl-bin	Generate server certificates	2026-09-29T04:14:38.7689760Z         b7:6c:c3:6e:2e:21:6d:78:48:c3:c8:9e:b8:5e:dc:4b:f5:89:
sbcl-bin	Generate server certificates	2026-09-29T04:14:38.7690106Z         a2:81:67:e3:a4:82:57:b9:48:6c:29:41:24:7c:cb:ac:1c:e3:
sbcl-bin	Generate server certificates	2026-09-29T04:14:38.7690646Z         6f:61:54:66:5c:83:98:23:35:21:35:e0:f3:7c:cf:ac:29:6e:
sbcl-bin	Generate server certificates	2026-09-29T04:14:38.7690959Z         a4:aa:37:a3:f2:3b:db:19:df:da:a8:4e:12:24:9d:03:22:2e:
sbcl-bin	Generate server certificates	2026-09-29T04:14:38.7691272Z         35:0e:1e:de:7d:17:0d:df:0c:c7:cb:45:b0:4f:17:11:a9:68:
sbcl-bin	Generate server certificates	2026-09-29T04:14:38.7691584Z         a2:d6:78:b5:08:1c:a9:f5:18:20:18:c9:3b:bc:c6:a7:6c:17:
sbcl-bin	Generate server certificates	2026-09-29T04:14:38.7691902Z         3e:b5:44:eb:e5:ad:c0:0a:b8:de:de:e2:c3:c5:bf:ed:d5:8e:
sbcl-bin	Generate server certificates	2026-09-29T04:14:38.7692224Z         9b:d5:2d:64:c6:9f:89:fa:d0:3a:6f:fa:26:76:97:98:cd:12:
sbcl-bin	Generate server certificates	2026-09-29T04:14:38.7692553Z         2a:9a:9e:e4:68:60:e4:ef:df:28:89:75:eb:37:d6:64:56:73:
sbcl-bin	Generate server certificates	2026-09-29T04:14:38.7692894Z         84:fa:64:2f:f1:72:2d:c0:ea:b4:9d:9b:99:92:94:a3:98:a4:
sbcl-bin	Generate server certificates	2026-09-29T04:14:38.7693220Z         d5:7c:6b:aa:9c:a0:57:34:f5:a7:9f:e6:0c:7d:81:1c:6b:85:
sbcl-bin	Generate server certificates	2026-09-29T04:14:38.7693546Z         8e:5e:33:90:10:3f:a3:40:2c:9f:71:d4:c7:5c:af:68:9b:52:
sbcl-bin	Generate server certificates	2026-09-29T04:14:38.7693853Z         bc:3b:a2:4d:06:49:99:ba:ec:d3:e6:61:41:3f:88:13:1f:0a:
sbcl-bin	Generate server certificates	2026-09-29T04:14:38.7694139Z         20:c2:68:63
sbcl-bin	Generate server certificates	2026-09-29T04:14:39.0131170Z Certificate request self-signature ok
sbcl-bin	Generate server certificates	2026-09-29T04:14:39.0131906Z subject=C = JP, ST = Tokyo, L = Chuo-ku, O = \"Woo\", OU = Development, CN = localhost
sbcl-bin	Generate server certificates	2026-09-29T04:14:39.0216181Z localhost.crt: OK
sbcl-bin	Generate server certificates	2026-09-29T04:14:39.3836320Z Certificate request self-signature ok
sbcl-bin	Generate server certificates	2026-09-29T04:14:39.4859736Z subject=C = US, O = Woo Test, CN = Woo Chain Intermediate
sbcl-bin	Generate server certificates	2026-09-29T04:14:39.4860434Z Certificate request self-signature ok
sbcl-bin	Generate server certificates	2026-09-29T04:14:39.4860890Z subject=C = US, O = Woo Test, CN = localhost
sbcl-bin	Generate server certificates	2026-09-29T04:14:39.4939932Z chain-leaf.crt: OK
sbcl-bin	Install Roswell	﻿2026-09-29T04:14:39.4994177Z ##[group]Run curl -L https://raw.githubusercontent.com/roswell/roswell/master/scripts/install-for-ci.sh | sh
sbcl-bin	Install Roswell	2026-09-29T04:14:39.4995031Z ^[[36;1mcurl -L https://raw.githubusercontent.com/roswell/roswell/master/scripts/install-for-ci.sh | sh^[[0m
sbcl-bin	Install Roswell	2026-09-29T04:14:39.5064512Z shell: /usr/bin/bash -e {0}
sbcl-bin	Install Roswell	2026-09-29T04:14:39.5064790Z env:
sbcl-bin	Install Roswell	2026-09-29T04:14:39.5064997Z   LISP: sbcl-bin
sbcl-bin	Install Roswell	2026-09-29T04:14:39.5065226Z   ROSWELL_INSTALL_DIR: /usr
sbcl-bin	Install Roswell	2026-09-29T04:14:39.5065478Z ##[endgroup]
sbcl-bin	Install Roswell	2026-09-29T04:14:39.5235561Z   % Total    % Received % Xferd  Average Speed   Time    Time     Time  Current
sbcl-bin	Install Roswell	2026-09-29T04:14:39.5236510Z                                  Dload  Upload   Total   Spent    Left  Speed
sbcl-bin	Install Roswell	2026-09-29T04:14:39.5237042Z 
sbcl-bin	Install Roswell	2026-09-29T04:14:39.5942074Z   0     0    0     0    0     0      0      0 --:--:-- --:--:-- --:--:--     0
sbcl-bin	Install Roswell	2026-09-29T04:14:39.5942845Z 100  9933  100  9933    0     0   137k      0 --:--:-- --:--:-- --:--:--  138k
sbcl-bin	Install Roswell	2026-09-29T04:14:39.5965891Z Installing Roswell...
sbcl-bin	Install Roswell	2026-09-29T04:14:39.6024822Z Downloading https://github.com/roswell/roswell/archive/release.tar.gz...
sbcl-bin	Install Roswell	2026-09-29T04:14:39.6079330Z   % Total    % Received % Xferd  Average Speed   Time    Time     Time  Current
sbcl-bin	Install Roswell	2026-09-29T04:14:39.6080021Z                                  Dload  Upload   Total   Spent    Left  Speed
sbcl-bin	Install Roswell	2026-09-29T04:14:39.6080405Z 
sbcl-bin	Install Roswell	2026-09-29T04:14:39.6795656Z   0     0    0     0    0     0      0      0 --:--:-- --:--:-- --:--:--     0
sbcl-bin	Install Roswell	2026-09-29T04:14:39.8617064Z   0     0    0     0    0     0      0      0 --:--:-- --:--:-- --:--:--     0
sbcl-bin	Install Roswell	2026-09-29T04:14:39.8617751Z   0     0    0     0    0     0      0      0 --:--:-- --:--:-- --:--:--     0
sbcl-bin	Install Roswell	2026-09-29T04:14:40.2180043Z 
sbcl-bin	Install Roswell	2026-09-29T04:14:40.2180802Z 100  168k  100  168k    0     0   276k      0 --:--:-- --:--:-- --:--:--  276k
sbcl-bin	Install Roswell	2026-09-29T04:14:40.2214391Z ✓ Successfully downloaded https://github.com/roswell/roswell/archive/release.tar.gz
sbcl-bin	Install Roswell	2026-09-29T04:14:40.2215348Z Extracting a tarball /home/runner/roswell.tar.gz into /home/runner/.roswell...
sbcl-bin	Install Roswell	2026-09-29T04:14:40.3206601Z Get:1 file:/etc/apt/apt-mirrors.txt Mirrorlist [144 B]
sbcl-bin	Install Roswell	2026-09-29T04:14:40.3541641Z Hit:2 http://azure.archive.ubuntu.com/ubuntu noble InRelease
sbcl-bin	Install Roswell	2026-09-29T04:14:40.3542954Z Get:6 https://packages.microsoft.com/ubuntu/24.04/prod noble InRelease [3600 B]
sbcl-bin	Install Roswell	2026-09-29T04:14:40.3567726Z Get:3 http://azure.archive.ubuntu.com/ubuntu noble-updates InRelease [126 kB]
sbcl-bin	Install Roswell	2026-09-29T04:14:40.3625067Z Get:4 http://azure.archive.ubuntu.com/ubuntu noble-backports InRelease [126 kB]
sbcl-bin	Install Roswell	2026-09-29T04:14:40.3632738Z Get:5 http://azure.archive.ubuntu.com/ubuntu noble-security InRelease [126 kB]
sbcl-bin	Install Roswell	2026-09-29T04:14:40.4778141Z Get:7 https://packages.microsoft.com/ubuntu/24.04/prod noble/main amd64 Packages [501 kB]
sbcl-bin	Install Roswell	2026-09-29T04:14:40.4939991Z Get:8 https://packages.microsoft.com/ubuntu/24.04/prod noble/main arm64 Packages [449 kB]
sbcl-bin	Install Roswell	2026-09-29T04:14:40.5320861Z Get:9 http://azure.archive.ubuntu.com/ubuntu noble-updates/main amd64 Packages [1319 kB]
sbcl-bin	Install Roswell	2026-09-29T04:14:40.5428489Z Get:10 http://azure.archive.ubuntu.com/ubuntu noble-updates/main Translation-en [299 kB]
sbcl-bin	Install Roswell	2026-09-29T04:14:40.5439761Z Get:11 http://azure.archive.ubuntu.com/ubuntu noble-updates/main amd64 Components [181 kB]
sbcl-bin	Install Roswell	2026-09-29T04:14:40.5497803Z Get:12 http://azure.archive.ubuntu.com/ubuntu noble-updates/universe amd64 Packages [1697 kB]
sbcl-bin	Install Roswell	2026-09-29T04:14:40.5572545Z Get:13 http://azure.archive.ubuntu.com/ubuntu noble-updates/universe Translation-en [340 kB]
sbcl-bin	Install Roswell	2026-09-29T04:14:40.5601458Z Get:14 http://azure.archive.ubuntu.com/ubuntu noble-updates/universe amd64 Components [388 kB]
sbcl-bin	Install Roswell	2026-09-29T04:14:40.5658353Z Get:15 http://azure.archive.ubuntu.com/ubuntu noble-updates/restricted amd64 Packages [1654 kB]
sbcl-bin	Install Roswell	2026-09-29T04:14:40.5745666Z Get:16 http://azure.archive.ubuntu.com/ubuntu noble-updates/restricted Translation-en [377 kB]
sbcl-bin	Install Roswell	2026-09-29T04:14:40.5752932Z Get:17 http://azure.archive.ubuntu.com/ubuntu noble-updates/multiverse amd64 Components [940 B]
sbcl-bin	Install Roswell	2026-09-29T04:14:40.6020147Z Get:18 http://azure.archive.ubuntu.com/ubuntu noble-backports/main amd64 Packages [40.6 kB]
sbcl-bin	Install Roswell	2026-09-29T04:14:40.6478160Z Get:19 http://azure.archive.ubuntu.com/ubuntu noble-backports/main amd64 Components [5788 B]
sbcl-bin	Install Roswell	2026-09-29T04:14:40.6492904Z Get:20 http://azure.archive.ubuntu.com/ubuntu noble-backports/universe amd64 Packages [31.0 kB]
sbcl-bin	Install Roswell	2026-09-29T04:14:40.6508095Z Get:21 http://azure.archive.ubuntu.com/ubuntu noble-backports/universe Translation-en [18.6 kB]
sbcl-bin	Install Roswell	2026-09-29T04:14:40.6516174Z Get:22 http://azure.archive.ubuntu.com/ubuntu noble-backports/universe amd64 Components [12.6 kB]
sbcl-bin	Install Roswell	2026-09-29T04:14:40.6611784Z Get:23 http://azure.archive.ubuntu.com/ubuntu noble-security/main amd64 Packages [1063 kB]
sbcl-bin	Install Roswell	2026-09-29T04:14:40.6681567Z Get:24 http://azure.archive.ubuntu.com/ubuntu noble-security/main Translation-en [220 kB]
sbcl-bin	Install Roswell	2026-09-29T04:14:40.6702403Z Get:25 http://azure.archive.ubuntu.com/ubuntu noble-security/main amd64 Components [46.3 kB]
sbcl-bin	Install Roswell	2026-09-29T04:14:40.6716198Z Get:26 http://azure.archive.ubuntu.com/ubuntu noble-security/universe amd64 Packages [1216 kB]
sbcl-bin	Install Roswell	2026-09-29T04:14:40.6787579Z Get:27 http://azure.archive.ubuntu.com/ubuntu noble-security/universe Translation-en [244 kB]
sbcl-bin	Install Roswell	2026-09-29T04:14:40.6809998Z Get:28 http://azure.archive.ubuntu.com/ubuntu noble-security/universe amd64 Components [76.3 kB]
sbcl-bin	Install Roswell	2026-09-29T04:14:40.6827577Z Get:29 http://azure.archive.ubuntu.com/ubuntu noble-security/restricted amd64 Packages [1559 kB]
sbcl-bin	Install Roswell	2026-09-29T04:14:40.6922309Z Get:30 http://azure.archive.ubuntu.com/ubuntu noble-security/restricted Translation-en [359 kB]
sbcl-bin	Install Roswell	2026-09-29T04:14:43.2421523Z Fetched 12.5 MB in 1s (8682 kB/s)
sbcl-bin	Install Roswell	2026-09-29T04:14:44.0856254Z Reading package lists...
sbcl-bin	Install Roswell	2026-09-29T04:14:44.1197643Z Reading package lists...
sbcl-bin	Install Roswell	2026-09-29T04:14:44.3798603Z Building dependency tree...
sbcl-bin	Install Roswell	2026-09-29T04:14:44.3806544Z Reading state information...
sbcl-bin	Install Roswell	2026-09-29T04:14:44.5675216Z The following additional packages will be installed:
sbcl-bin	Install Roswell	2026-09-29T04:14:44.5682513Z   curl libcurl3t64-gnutls libcurl4t64
sbcl-bin	Install Roswell	2026-09-29T04:14:44.5687789Z Suggested packages:
sbcl-bin	Install Roswell	2026-09-29T04:14:44.5688349Z   libcurl4-doc libidn-dev libkrb5-dev libldap2-dev librtmp-dev libssh2-1-dev
sbcl-bin	Install Roswell	2026-09-29T04:14:44.5879434Z The following NEW packages will be installed:
sbcl-bin	Install Roswell	2026-09-29T04:14:44.5885934Z   libcurl4-openssl-dev
sbcl-bin	Install Roswell	2026-09-29T04:14:44.5890484Z The following packages will be upgraded:
sbcl-bin	Install Roswell	2026-09-29T04:14:44.5898557Z   curl libcurl3t64-gnutls libcurl4t64
sbcl-bin	Install Roswell	2026-09-29T04:14:44.6087553Z 3 upgraded, 1 newly installed, 0 to remove and 34 not upgraded.
sbcl-bin	Install Roswell	2026-09-29T04:14:44.6088217Z Need to get 1352 kB of archives.
sbcl-bin	Install Roswell	2026-09-29T04:14:44.6088775Z After this operation, 1966 kB of additional disk space will be used.
sbcl-bin	Install Roswell	2026-09-29T04:14:44.6089461Z Get:1 file:/etc/apt/apt-mirrors.txt Mirrorlist [144 B]
sbcl-bin	Install Roswell	2026-09-29T04:14:44.6747427Z Get:2 http://azure.archive.ubuntu.com/ubuntu noble-updates/main amd64 curl amd64 8.5.0-2ubuntu10.15 [227 kB]
sbcl-bin	Install Roswell	2026-09-29T04:14:44.7325985Z Get:3 http://azure.archive.ubuntu.com/ubuntu noble-updates/main amd64 libcurl4t64 amd64 8.5.0-2ubuntu10.15 [343 kB]
sbcl-bin	Install Roswell	2026-09-29T04:14:44.7922261Z Get:4 http://azure.archive.ubuntu.com/ubuntu noble-updates/main amd64 libcurl3t64-gnutls amd64 8.5.0-2ubuntu10.15 [336 kB]
sbcl-bin	Install Roswell	2026-09-29T04:14:44.8472743Z Get:5 http://azure.archive.ubuntu.com/ubuntu noble-updates/main amd64 libcurl4-openssl-dev amd64 8.5.0-2ubuntu10.15 [446 kB]
sbcl-bin	Install Roswell	2026-09-29T04:14:45.1230729Z Fetched 1352 kB in 0s (5274 kB/s)
sbcl-bin	Install Roswell	2026-09-29T04:14:45.1510151Z (Reading database ... 
sbcl-bin	Install Roswell	2026-09-29T04:14:45.1510656Z (Reading database ... 5%
sbcl-bin	Install Roswell	2026-09-29T04:14:45.1510982Z (Reading database ... 10%
sbcl-bin	Install Roswell	2026-09-29T04:14:45.1511233Z (Reading database ... 15%
sbcl-bin	Install Roswell	2026-09-29T04:14:45.1527443Z (Reading database ... 20%
sbcl-bin	Install Roswell	2026-09-29T04:14:45.1527847Z (Reading database ... 25%
sbcl-bin	Install Roswell	2026-09-29T04:14:45.1528198Z (Reading database ... 30%
sbcl-bin	Install Roswell	2026-09-29T04:14:45.1528535Z (Reading database ... 35%
sbcl-bin	Install Roswell	2026-09-29T04:14:45.1528883Z (Reading database ... 40%
sbcl-bin	Install Roswell	2026-09-29T04:14:45.1529247Z (Reading database ... 45%
sbcl-bin	Install Roswell	2026-09-29T04:14:45.1529634Z (Reading database ... 50%
sbcl-bin	Install Roswell	2026-09-29T04:14:45.1533895Z (Reading database ... 55%
sbcl-bin	Install Roswell	2026-09-29T04:14:45.1645988Z (Reading database ... 60%
sbcl-bin	Install Roswell	2026-09-29T04:14:45.1676606Z (Reading database ... 65%
sbcl-bin	Install Roswell	2026-09-29T04:14:45.1702928Z (Reading database ... 70%
sbcl-bin	Install Roswell	2026-09-29T04:14:45.1733514Z (Reading database ... 75%
sbcl-bin	Install Roswell	2026-09-29T04:14:45.1772884Z (Reading database ... 80%
sbcl-bin	Install Roswell	2026-09-29T04:14:45.1801301Z (Reading database ... 85%
sbcl-bin	Install Roswell	2026-09-29T04:14:45.2009186Z (Reading database ... 90%
sbcl-bin	Install Roswell	2026-09-29T04:14:45.2270120Z (Reading database ... 95%
sbcl-bin	Install Roswell	2026-09-29T04:14:45.2270647Z (Reading database ... 100%
sbcl-bin	Install Roswell	2026-09-29T04:14:45.2271202Z (Reading database ... 202205 files and directories currently installed.)
sbcl-bin	Install Roswell	2026-09-29T04:14:45.2318420Z Preparing to unpack .../curl_8.5.0-2ubuntu10.15_amd64.deb ...
sbcl-bin	Install Roswell	2026-09-29T04:14:45.2337574Z Unpacking curl (8.5.0-2ubuntu10.15) over (8.5.0-2ubuntu10.13) ...
sbcl-bin	Install Roswell	2026-09-29T04:14:45.2735392Z Preparing to unpack .../libcurl4t64_8.5.0-2ubuntu10.15_amd64.deb ...
sbcl-bin	Install Roswell	2026-09-29T04:14:45.2761858Z Unpacking libcurl4t64:amd64 (8.5.0-2ubuntu10.15) over (8.5.0-2ubuntu10.13) ...
sbcl-bin	Install Roswell	2026-09-29T04:14:45.3155925Z Preparing to unpack .../libcurl3t64-gnutls_8.5.0-2ubuntu10.15_amd64.deb ...
sbcl-bin	Install Roswell	2026-09-29T04:14:45.3230353Z Unpacking libcurl3t64-gnutls:amd64 (8.5.0-2ubuntu10.15) over (8.5.0-2ubuntu10.13) ...
sbcl-bin	Install Roswell	2026-09-29T04:14:45.3525863Z Selecting previously unselected package libcurl4-openssl-dev:amd64.
sbcl-bin	Install Roswell	2026-09-29T04:14:45.3666352Z Preparing to unpack .../libcurl4-openssl-dev_8.5.0-2ubuntu10.15_amd64.deb ...
sbcl-bin	Install Roswell	2026-09-29T04:14:45.3673212Z Unpacking libcurl4-openssl-dev:amd64 (8.5.0-2ubuntu10.15) ...
sbcl-bin	Install Roswell	2026-09-29T04:14:45.4197459Z Setting up libcurl4t64:amd64 (8.5.0-2ubuntu10.15) ...
sbcl-bin	Install Roswell	2026-09-29T04:14:45.4215680Z Setting up libcurl3t64-gnutls:amd64 (8.5.0-2ubuntu10.15) ...
sbcl-bin	Install Roswell	2026-09-29T04:14:45.4231703Z Setting up libcurl4-openssl-dev:amd64 (8.5.0-2ubuntu10.15) ...
sbcl-bin	Install Roswell	2026-09-29T04:14:45.4247571Z Setting up curl (8.5.0-2ubuntu10.15) ...
sbcl-bin	Install Roswell	2026-09-29T04:14:45.4266202Z Processing triggers for man-db (2.12.0-4build2) ...
sbcl-bin	Install Roswell	2026-09-29T04:14:45.4283037Z Not building database; man-db/auto-update is not 'true'.
sbcl-bin	Install Roswell	2026-09-29T04:14:45.4294329Z Processing triggers for libc-bin (2.39-0ubuntu8.9) ...
sbcl-bin	Install Roswell	2026-09-29T04:14:45.9943430Z 
sbcl-bin	Install Roswell	2026-09-29T04:14:45.9944126Z Running kernel seems to be up-to-date.
sbcl-bin	Install Roswell	2026-09-29T04:14:45.9944558Z 
sbcl-bin	Install Roswell	2026-09-29T04:14:45.9944709Z Restarting services...
sbcl-bin	Install Roswell	2026-09-29T04:14:46.0137648Z  systemctl restart packagekit.service php8.3-fpm.service
sbcl-bin	Install Roswell	2026-09-29T04:14:46.1414665Z 
sbcl-bin	Install Roswell	2026-09-29T04:14:46.1416450Z No containers need to be restarted.
sbcl-bin	Install Roswell	2026-09-29T04:14:46.1417007Z 
sbcl-bin	Install Roswell	2026-09-29T04:14:46.1427563Z No user sessions are running outdated binaries.
sbcl-bin	Install Roswell	2026-09-29T04:14:46.1427938Z 
sbcl-bin	Install Roswell	2026-09-29T04:14:46.1428246Z No VM guests are running outdated hypervisor (qemu) binaries on this host.
sbcl-bin	Install Roswell	2026-09-29T04:14:47.4800089Z W: --force-yes is deprecated, use one of the options starting with --allow instead.
sbcl-bin	Install Roswell	2026-09-29T04:14:48.9282887Z configure.ac:16: installing './compile'
sbcl-bin	Install Roswell	2026-09-29T04:14:48.9283516Z configure.ac:12: installing './install-sh'
sbcl-bin	Install Roswell	2026-09-29T04:14:48.9284041Z configure.ac:12: installing './missing'
sbcl-bin	Install Roswell	2026-09-29T04:14:49.0292089Z src/Makefile.am: installing './depcomp'
sbcl-bin	Install Roswell	2026-09-29T04:14:49.3292587Z checking for a BSD-compatible install... /usr/bin/install -c
sbcl-bin	Install Roswell	2026-09-29T04:14:49.3320486Z checking whether build environment is sane... yes
sbcl-bin	Install Roswell	2026-09-29T04:14:49.3451455Z checking for a race-free mkdir -p... /usr/bin/mkdir -p
sbcl-bin	Install Roswell	2026-09-29T04:14:49.3454816Z checking for gawk... gawk
sbcl-bin	Install Roswell	2026-09-29T04:14:49.3531470Z checking whether make sets $(MAKE)... yes
sbcl-bin	Install Roswell	2026-09-29T04:14:49.3587009Z checking whether make supports nested variables... yes
sbcl-bin	Install Roswell	2026-09-29T04:14:49.3630945Z checking whether to enable maintainer-specific portions of Makefiles... yes
sbcl-bin	Install Roswell	2026-09-29T04:14:49.3635559Z checking for gcc... gcc
sbcl-bin	Install Roswell	2026-09-29T04:14:49.4736603Z checking whether the C compiler works... yes
sbcl-bin	Install Roswell	2026-09-29T04:14:49.4737634Z checking for C compiler default output file name... a.out
sbcl-bin	Install Roswell	2026-09-29T04:14:49.5055339Z checking for suffix of executables... 
sbcl-bin	Install Roswell	2026-09-29T04:14:49.5585234Z checking whether we are cross compiling... no
sbcl-bin	Install Roswell	2026-09-29T04:14:49.5773707Z checking for suffix of object files... o
sbcl-bin	Install Roswell	2026-09-29T04:14:49.5930447Z checking whether the compiler supports GNU C... yes
sbcl-bin	Install Roswell	2026-09-29T04:14:49.6100312Z checking whether gcc accepts -g... yes
sbcl-bin	Install Roswell	2026-09-29T04:14:49.6565655Z checking for gcc option to enable C11 features... none needed
sbcl-bin	Install Roswell	2026-09-29T04:14:49.6845222Z checking whether gcc understands -c and -o together... yes
sbcl-bin	Install Roswell	2026-09-29T04:14:49.6923172Z checking whether make supports the include directive... yes (GNU style)
sbcl-bin	Install Roswell	2026-09-29T04:14:49.7261688Z checking dependency style of gcc... gcc3
sbcl-bin	Install Roswell	2026-09-29T04:14:49.7532156Z checking for main in -lwininet... no
sbcl-bin	Install Roswell	2026-09-29T04:14:49.8204443Z checking for curl_global_init in -lcurl... yes
sbcl-bin	Install Roswell	2026-09-29T04:14:49.8361357Z checking for stdio.h... yes
sbcl-bin	Install Roswell	2026-09-29T04:14:49.8612547Z checking for stdlib.h... yes
sbcl-bin	Install Roswell	2026-09-29T04:14:49.8814291Z checking for string.h... yes
sbcl-bin	Install Roswell	2026-09-29T04:14:49.9029807Z checking for inttypes.h... yes
sbcl-bin	Install Roswell	2026-09-29T04:14:49.9235740Z checking for stdint.h... yes
sbcl-bin	Install Roswell	2026-09-29T04:14:49.9439662Z checking for strings.h... yes
sbcl-bin	Install Roswell	2026-09-29T04:14:49.9648657Z checking for sys/stat.h... yes
sbcl-bin	Install Roswell	2026-09-29T04:14:49.9850608Z checking for sys/types.h... yes
sbcl-bin	Install Roswell	2026-09-29T04:14:50.0082608Z checking for unistd.h... yes
sbcl-bin	Install Roswell	2026-09-29T04:14:50.0534431Z checking for curl/curl.h... yes
sbcl-bin	Install Roswell	2026-09-29T04:14:50.0764203Z checking for gnu/libc-version.h... yes
sbcl-bin	Install Roswell	2026-09-29T04:14:50.1064399Z checking for windows.h... no
sbcl-bin	Install Roswell	2026-09-29T04:14:50.1070002Z checking for windres... no
sbcl-bin	Install Roswell	2026-09-29T04:14:50.1269168Z checking for struct dirent.d_type... yes
sbcl-bin	Install Roswell	2026-09-29T04:14:50.1272921Z checking for git... yes
sbcl-bin	Install Roswell	2026-09-29T04:14:50.1321884Z checking for uname... yes
sbcl-bin	Install Roswell	2026-09-29T04:14:50.3357083Z checking that generated files are newer than configure... done
sbcl-bin	Install Roswell	2026-09-29T04:14:50.3357790Z configure: creating ./config.status
sbcl-bin	Install Roswell	2026-09-29T04:14:50.4142047Z config.status: creating Makefile
sbcl-bin	Install Roswell	2026-09-29T04:14:50.4259871Z config.status: creating src/Makefile
sbcl-bin	Install Roswell	2026-09-29T04:14:50.4418006Z config.status: creating documents/Makefile
sbcl-bin	Install Roswell	2026-09-29T04:14:50.4564748Z config.status: creating config.h
sbcl-bin	Install Roswell	2026-09-29T04:14:50.4659882Z config.status: executing depfiles commands
sbcl-bin	Install Roswell	2026-09-29T04:14:50.7302157Z make  all-recursive
sbcl-bin	Install Roswell	2026-09-29T04:14:50.7331589Z make[1]: Entering directory '/home/runner/.roswell'
sbcl-bin	Install Roswell	2026-09-29T04:14:50.7478892Z Making all in src
sbcl-bin	Install Roswell	2026-09-29T04:14:50.7509144Z make[2]: Entering directory '/home/runner/.roswell/src'
sbcl-bin	Install Roswell	2026-09-29T04:14:50.7509986Z gcc -DHAVE_CONFIG_H -I. -I..      -MT main.o -MD -MP -MF .deps/main.Tpo -c -o main.o main.c
sbcl-bin	Install Roswell	2026-09-29T04:14:50.7975994Z mv -f .deps/main.Tpo .deps/main.Po
sbcl-bin	Install Roswell	2026-09-29T04:14:50.8004060Z gcc -DHAVE_CONFIG_H -I. -I..      -MT opt.o -MD -MP -MF .deps/opt.Tpo -c -o opt.o opt.c
sbcl-bin	Install Roswell	2026-09-29T04:14:50.8485001Z mv -f .deps/opt.Tpo .deps/opt.Po
sbcl-bin	Install Roswell	2026-09-29T04:14:50.8512938Z gcc -DHAVE_CONFIG_H -I. -I..      -MT download.o -MD -MP -MF .deps/download.Tpo -c -o download.o download.c
sbcl-bin	Install Roswell	2026-09-29T04:14:50.9228027Z mv -f .deps/download.Tpo .deps/download.Po
sbcl-bin	Install Roswell	2026-09-29T04:14:50.9256524Z gcc -DHAVE_CONFIG_H -I. -I..      -MT download_windows.o -MD -MP -MF .deps/download_windows.Tpo -c -o download_windows.o download_windows.c
sbcl-bin	Install Roswell	2026-09-29T04:14:50.9624697Z mv -f .deps/download_windows.Tpo .deps/download_windows.Po
sbcl-bin	Install Roswell	2026-09-29T04:14:50.9652823Z gcc -DHAVE_CONFIG_H -I. -I..      -MT archive.o -MD -MP -MF .deps/archive.Tpo -c -o archive.o archive.c
sbcl-bin	Install Roswell	2026-09-29T04:14:51.0084738Z mv -f .deps/archive.Tpo .deps/archive.Po
sbcl-bin	Install Roswell	2026-09-29T04:14:51.0112552Z gcc -DHAVE_CONFIG_H -I. -I..      -MT archive_windows.o -MD -MP -MF .deps/archive_windows.Tpo -c -o archive_windows.o archive_windows.c
sbcl-bin	Install Roswell	2026-09-29T04:14:51.0473665Z mv -f .deps/archive_windows.Tpo .deps/archive_windows.Po
sbcl-bin	Install Roswell	2026-09-29T04:14:51.0500981Z gcc -DHAVE_CONFIG_H -I. -I..      -MT register-commands.o -MD -MP -MF .deps/register-commands.Tpo -c -o register-commands.o register-commands.c
sbcl-bin	Install Roswell	2026-09-29T04:14:51.0999261Z mv -f .deps/register-commands.Tpo .deps/register-commands.Po
sbcl-bin	Install Roswell	2026-09-29T04:14:51.1026343Z gcc -DHAVE_CONFIG_H -I. -I..      -MT tsv-sbcl-bin.o -MD -MP -MF .deps/tsv-sbcl-bin.Tpo -c -o tsv-sbcl-bin.o tsv-sbcl-bin.c
sbcl-bin	Install Roswell	2026-09-29T04:14:51.1448342Z mv -f .deps/tsv-sbcl-bin.Tpo .deps/tsv-sbcl-bin.Po
sbcl-bin	Install Roswell	2026-09-29T04:14:51.1476853Z printf '#define ROS_COMPILE_ENVIRONMENT "%s"\n' "`gcc --version|head -n 1`" > gend.h.tmp
sbcl-bin	Install Roswell	2026-09-29T04:14:51.1508531Z printf '#define ROS_REVISION "NO-GIT-REVISION"\n' >> gend.h.tmp
sbcl-bin	Install Roswell	2026-09-29T04:14:51.1521772Z printf '#define UNAME_M "x86_64"\n' >> gend.h.tmp
sbcl-bin	Install Roswell	2026-09-29T04:14:51.1534836Z printf '#define UNAME_S "Linux"\n' >> gend.h.tmp
sbcl-bin	Install Roswell	2026-09-29T04:14:51.1548631Z printf '#define PATCH_PATH "/usr/etc/roswell/patch"\n' >> gend.h.tmp
sbcl-bin	Install Roswell	2026-09-29T04:14:51.1561970Z printf '#define LISP_PATH "/usr/etc/roswell"\n' >> gend.h.tmp
sbcl-bin	Install Roswell	2026-09-29T04:14:51.1575660Z cmp -s gend.h.tmp gend.h||cp gend.h.tmp gend.h
sbcl-bin	Install Roswell	2026-09-29T04:14:51.1612962Z cat gend.h
sbcl-bin	Install Roswell	2026-09-29T04:14:51.1633852Z #define ROS_COMPILE_ENVIRONMENT "gcc (Ubuntu 13.3.0-6ubuntu2~24.04.1) 13.3.0"
sbcl-bin	Install Roswell	2026-09-29T04:14:51.1634581Z #define ROS_REVISION "NO-GIT-REVISION"
sbcl-bin	Install Roswell	2026-09-29T04:14:51.1634964Z #define UNAME_M "x86_64"
sbcl-bin	Install Roswell	2026-09-29T04:14:51.1635315Z #define UNAME_S "Linux"
sbcl-bin	Install Roswell	2026-09-29T04:14:51.1635709Z #define PATCH_PATH "/usr/etc/roswell/patch"
sbcl-bin	Install Roswell	2026-09-29T04:14:51.1636170Z #define LISP_PATH "/usr/etc/roswell"
sbcl-bin	Install Roswell	2026-09-29T04:14:51.1636623Z rm -f gend.h.tmp
sbcl-bin	Install Roswell	2026-09-29T04:14:51.1658307Z gcc -DHAVE_CONFIG_H -I. -I..      -MT util.o -MD -MP -MF .deps/util.Tpo -c -o util.o util.c
sbcl-bin	Install Roswell	2026-09-29T04:14:51.2178870Z mv -f .deps/util.Tpo .deps/util.Po
sbcl-bin	Install Roswell	2026-09-29T04:14:51.2206397Z gcc -DHAVE_CONFIG_H -I. -I..      -MT util_windows.o -MD -MP -MF .deps/util_windows.Tpo -c -o util_windows.o util_windows.c
sbcl-bin	Install Roswell	2026-09-29T04:14:51.2580050Z mv -f .deps/util_windows.Tpo .deps/util_windows.Po
sbcl-bin	Install Roswell	2026-09-29T04:14:51.2607996Z gcc -DHAVE_CONFIG_H -I. -I..      -MT util-list.o -MD -MP -MF .deps/util-list.Tpo -c -o util-list.o util-list.c
sbcl-bin	Install Roswell	2026-09-29T04:14:51.3129661Z mv -f .deps/util-list.Tpo .deps/util-list.Po
sbcl-bin	Install Roswell	2026-09-29T04:14:51.3157810Z gcc -DHAVE_CONFIG_H -I. -I..      -MT util-string.o -MD -MP -MF .deps/util-string.Tpo -c -o util-string.o util-string.c
sbcl-bin	Install Roswell	2026-09-29T04:14:51.3690432Z mv -f .deps/util-string.Tpo .deps/util-string.Po
sbcl-bin	Install Roswell	2026-09-29T04:14:51.3722390Z gcc -DHAVE_CONFIG_H -I. -I..      -MT util-dir.o -MD -MP -MF .deps/util-dir.Tpo -c -o util-dir.o util-dir.c
sbcl-bin	Install Roswell	2026-09-29T04:14:51.4228344Z mv -f .deps/util-dir.Tpo .deps/util-dir.Po
sbcl-bin	Install Roswell	2026-09-29T04:14:51.4257149Z gcc -DHAVE_CONFIG_H -I. -I..      -MT util-dir_windows.o -MD -MP -MF .deps/util-dir_windows.Tpo -c -o util-dir_windows.o util-dir_windows.c
sbcl-bin	Install Roswell	2026-09-29T04:14:51.4638099Z mv -f .deps/util-dir_windows.Tpo .deps/util-dir_windows.Po
sbcl-bin	Install Roswell	2026-09-29T04:14:51.4668052Z gcc -DHAVE_CONFIG_H -I. -I..      -MT util-file.o -MD -MP -MF .deps/util-file.Tpo -c -o util-file.o util-file.c
sbcl-bin	Install Roswell	2026-09-29T04:14:51.5091529Z mv -f .deps/util-file.Tpo .deps/util-file.Po
sbcl-bin	Install Roswell	2026-09-29T04:14:51.5119776Z gcc -DHAVE_CONFIG_H -I. -I..      -MT util-file_windows.o -MD -MP -MF .deps/util-file_windows.Tpo -c -o util-file_windows.o util-file_windows.c
sbcl-bin	Install Roswell	2026-09-29T04:14:51.5496603Z mv -f .deps/util-file_windows.Tpo .deps/util-file_windows.Po
sbcl-bin	Install Roswell	2026-09-29T04:14:51.5525022Z gcc -DHAVE_CONFIG_H -I. -I..      -MT util-system.o -MD -MP -MF .deps/util-system.Tpo -c -o util-system.o util-system.c
sbcl-bin	Install Roswell	2026-09-29T04:14:51.5945449Z mv -f .deps/util-system.Tpo .deps/util-system.Po
sbcl-bin	Install Roswell	2026-09-29T04:14:51.5973950Z gcc -DHAVE_CONFIG_H -I. -I..      -MT util-system_windows.o -MD -MP -MF .deps/util-system_windows.Tpo -c -o util-system_windows.o util-system_windows.c
sbcl-bin	Install Roswell	2026-09-29T04:14:51.6344528Z mv -f .deps/util-system_windows.Tpo .deps/util-system_windows.Po
sbcl-bin	Install Roswell	2026-09-29T04:14:51.6372268Z gcc -DHAVE_CONFIG_H -I. -I..      -MT util-cmdline.o -MD -MP -MF .deps/util-cmdline.Tpo -c -o util-cmdline.o util-cmdline.c
sbcl-bin	Install Roswell	2026-09-29T04:14:51.6844644Z mv -f .deps/util-cmdline.Tpo .deps/util-cmdline.Po
sbcl-bin	Install Roswell	2026-09-29T04:14:51.6874599Z gcc -DHAVE_CONFIG_H -I. -I..      -MT proc-opt.o -MD -MP -MF .deps/proc-opt.Tpo -c -o proc-opt.o proc-opt.c
sbcl-bin	Install Roswell	2026-09-29T04:14:51.7352485Z mv -f .deps/proc-opt.Tpo .deps/proc-opt.Po
sbcl-bin	Install Roswell	2026-09-29T04:14:51.7380315Z gcc -DHAVE_CONFIG_H -I. -I..      -MT manual.o -MD -MP -MF .deps/manual.Tpo -c -o manual.o manual.c
sbcl-bin	Install Roswell	2026-09-29T04:14:51.7765415Z mv -f .deps/manual.Tpo .deps/manual.Po
sbcl-bin	Install Roswell	2026-09-29T04:14:51.7793537Z gcc -DHAVE_CONFIG_H -I. -I..      -MT manual_windows.o -MD -MP -MF .deps/manual_windows.Tpo -c -o manual_windows.o manual_windows.c
sbcl-bin	Install Roswell	2026-09-29T04:14:51.8162002Z mv -f .deps/manual_windows.Tpo .deps/manual_windows.Po
sbcl-bin	Install Roswell	2026-09-29T04:14:51.8189391Z gcc -DHAVE_CONFIG_H -I. -I..      -MT cmd-internal.o -MD -MP -MF .deps/cmd-internal.Tpo -c -o cmd-internal.o cmd-internal.c
sbcl-bin	Install Roswell	2026-09-29T04:14:51.8701518Z mv -f .deps/cmd-internal.Tpo .deps/cmd-internal.Po
sbcl-bin	Install Roswell	2026-09-29T04:14:51.8729472Z gcc -DHAVE_CONFIG_H -I. -I..      -MT cmd-script.o -MD -MP -MF .deps/cmd-script.Tpo -c -o cmd-script.o cmd-script.c
sbcl-bin	Install Roswell	2026-09-29T04:14:51.9175885Z mv -f .deps/cmd-script.Tpo .deps/cmd-script.Po
sbcl-bin	Install Roswell	2026-09-29T04:14:51.9205525Z gcc -DHAVE_CONFIG_H -I. -I..      -MT cmd-run.o -MD -MP -MF .deps/cmd-run.Tpo -c -o cmd-run.o cmd-run.c
sbcl-bin	Install Roswell	2026-09-29T04:14:51.9804088Z mv -f .deps/cmd-run.Tpo .deps/cmd-run.Po
sbcl-bin	Install Roswell	2026-09-29T04:14:51.9832189Z gcc -DHAVE_CONFIG_H -I. -I..      -MT cmd-run-sbcl.o -MD -MP -MF .deps/cmd-run-sbcl.Tpo -c -o cmd-run-sbcl.o cmd-run-sbcl.c
sbcl-bin	Install Roswell	2026-09-29T04:14:52.0315358Z mv -f .deps/cmd-run-sbcl.Tpo .deps/cmd-run-sbcl.Po
sbcl-bin	Install Roswell	2026-09-29T04:14:52.0343911Z gcc -DHAVE_CONFIG_H -I. -I..      -MT cmd-run-ccl.o -MD -MP -MF .deps/cmd-run-ccl.Tpo -c -o cmd-run-ccl.o cmd-run-ccl.c
sbcl-bin	Install Roswell	2026-09-29T04:14:52.0795129Z mv -f .deps/cmd-run-ccl.Tpo .deps/cmd-run-ccl.Po
sbcl-bin	Install Roswell	2026-09-29T04:14:52.0823352Z gcc -DHAVE_CONFIG_H -I. -I..      -MT cmd-run-clasp.o -MD -MP -MF .deps/cmd-run-clasp.Tpo -c -o cmd-run-clasp.o cmd-run-clasp.c
sbcl-bin	Install Roswell	2026-09-29T04:14:52.1237658Z mv -f .deps/cmd-run-clasp.Tpo .deps/cmd-run-clasp.Po
sbcl-bin	Install Roswell	2026-09-29T04:14:52.1265347Z gcc -DHAVE_CONFIG_H -I. -I..      -MT cmd-run-clisp.o -MD -MP -MF .deps/cmd-run-clisp.Tpo -c -o cmd-run-clisp.o cmd-run-clisp.c
sbcl-bin	Install Roswell	2026-09-29T04:14:52.1718165Z mv -f .deps/cmd-run-clisp.Tpo .deps/cmd-run-clisp.Po
sbcl-bin	Install Roswell	2026-09-29T04:14:52.1746659Z gcc -DHAVE_CONFIG_H -I. -I..      -MT cmd-run-ecl.o -MD -MP -MF .deps/cmd-run-ecl.Tpo -c -o cmd-run-ecl.o cmd-run-ecl.c
sbcl-bin	Install Roswell	2026-09-29T04:14:52.2179500Z mv -f .deps/cmd-run-ecl.Tpo .deps/cmd-run-ecl.Po
sbcl-bin	Install Roswell	2026-09-29T04:14:52.2207663Z gcc -DHAVE_CONFIG_H -I. -I..      -MT cmd-run-mkcl.o -MD -MP -MF .deps/cmd-run-mkcl.Tpo -c -o cmd-run-mkcl.o cmd-run-mkcl.c
sbcl-bin	Install Roswell	2026-09-29T04:14:52.2641908Z mv -f .deps/cmd-run-mkcl.Tpo .deps/cmd-run-mkcl.Po
sbcl-bin	Install Roswell	2026-09-29T04:14:52.2670091Z gcc -DHAVE_CONFIG_H -I. -I..      -MT cmd-run-abcl.o -MD -MP -MF .deps/cmd-run-abcl.Tpo -c -o cmd-run-abcl.o cmd-run-abcl.c
sbcl-bin	Install Roswell	2026-09-29T04:14:52.3090593Z mv -f .deps/cmd-run-abcl.Tpo .deps/cmd-run-abcl.Po
sbcl-bin	Install Roswell	2026-09-29T04:14:52.3118873Z gcc -DHAVE_CONFIG_H -I. -I..      -MT cmd-run-cmu.o -MD -MP -MF .deps/cmd-run-cmu.Tpo -c -o cmd-run-cmu.o cmd-run-cmu.c
sbcl-bin	Install Roswell	2026-09-29T04:14:52.3552995Z mv -f .deps/cmd-run-cmu.Tpo .deps/cmd-run-cmu.Po
sbcl-bin	Install Roswell	2026-09-29T04:14:52.3581424Z gcc -DHAVE_CONFIG_H -I. -I..      -MT cmd-run-acl.o -MD -MP -MF .deps/cmd-run-acl.Tpo -c -o cmd-run-acl.o cmd-run-acl.c
sbcl-bin	Install Roswell	2026-09-29T04:14:52.4006117Z mv -f .deps/cmd-run-acl.Tpo .deps/cmd-run-acl.Po
sbcl-bin	Install Roswell	2026-09-29T04:14:52.4034955Z gcc -DHAVE_CONFIG_H -I. -I..      -MT cmd-run-lispworks.o -MD -MP -MF .deps/cmd-run-lispworks.Tpo -c -o cmd-run-lispworks.o cmd-run-lispworks.c
sbcl-bin	Install Roswell	2026-09-29T04:14:52.4439666Z mv -f .deps/cmd-run-lispworks.Tpo .deps/cmd-run-lispworks.Po
sbcl-bin	Install Roswell	2026-09-29T04:14:52.4469657Z gcc -DHAVE_CONFIG_H -I. -I..      -MT cmd-run-npt.o -MD -MP -MF .deps/cmd-run-npt.Tpo -c -o cmd-run-npt.o cmd-run-npt.c
sbcl-bin	Install Roswell	2026-09-29T04:14:52.4879617Z mv -f .deps/cmd-run-npt.Tpo .deps/cmd-run-npt.Po
sbcl-bin	Install Roswell	2026-09-29T04:14:52.4907698Z gcc -DHAVE_CONFIG_H -I. -I..      -MT cmd-install.o -MD -MP -MF .deps/cmd-install.Tpo -c -o cmd-install.o cmd-install.c
sbcl-bin	Install Roswell	2026-09-29T04:14:52.5421925Z mv -f .deps/cmd-install.Tpo .deps/cmd-install.Po
sbcl-bin	Install Roswell	2026-09-29T04:14:52.5450691Z gcc -DHAVE_CONFIG_H -I. -I..      -MT install-sbcl-bin.o -MD -MP -MF .deps/install-sbcl-bin.Tpo -c -o install-sbcl-bin.o install-sbcl-bin.c
sbcl-bin	Install Roswell	2026-09-29T04:14:52.5959671Z mv -f .deps/install-sbcl-bin.Tpo .deps/install-sbcl-bin.Po
sbcl-bin	Install Roswell	2026-09-29T04:14:52.5988132Z gcc -DHAVE_CONFIG_H -I. -I..      -MT install-sbcl-bin_windows.o -MD -MP -MF .deps/install-sbcl-bin_windows.Tpo -c -o install-sbcl-bin_windows.o install-sbcl-bin_windows.c
sbcl-bin	Install Roswell	2026-09-29T04:14:52.6360162Z mv -f .deps/install-sbcl-bin_windows.Tpo .deps/install-sbcl-bin_windows.Po
sbcl-bin	Install Roswell	2026-09-29T04:14:52.6411193Z gcc     -o ros main.o opt.o download.o download_windows.o archive.o archive_windows.o register-commands.o tsv-sbcl-bin.o util.o util_windows.o util-list.o util-string.o util-dir.o util-dir_windows.o util-file.o util-file_windows.o util-system.o util-system_windows.o util-cmdline.o proc-opt.o manual.o manual_windows.o cmd-internal.o cmd-script.o cmd-run.o cmd-run-sbcl.o cmd-run-ccl.o cmd-run-clasp.o cmd-run-clisp.o cmd-run-ecl.o cmd-run-mkcl.o cmd-run-abcl.o cmd-run-cmu.o cmd-run-acl.o cmd-run-lispworks.o cmd-run-npt.o cmd-install.o install-sbcl-bin.o install-sbcl-bin_windows.o  -lcurl 
sbcl-bin	Install Roswell	2026-09-29T04:14:52.7042404Z make[2]: Leaving directory '/home/runner/.roswell/src'
sbcl-bin	Install Roswell	2026-09-29T04:14:52.7065683Z make[2]: Entering directory '/home/runner/.roswell'
sbcl-bin	Install Roswell	2026-09-29T04:14:52.7216390Z make[2]: Leaving directory '/home/runner/.roswell'
sbcl-bin	Install Roswell	2026-09-29T04:14:52.7220888Z make[1]: Leaving directory '/home/runner/.roswell'
sbcl-bin	Install Roswell	2026-09-29T04:14:52.7446401Z Making install in src
sbcl-bin	Install Roswell	2026-09-29T04:14:52.7644593Z make[1]: Entering directory '/home/runner/.roswell/src'
sbcl-bin	Install Roswell	2026-09-29T04:14:52.7645345Z printf '#define ROS_COMPILE_ENVIRONMENT "%s"\n' "`gcc --version|head -n 1`" > gend.h.tmp
sbcl-bin	Install Roswell	2026-09-29T04:14:52.7677480Z printf '#define ROS_REVISION "NO-GIT-REVISION"\n' >> gend.h.tmp
sbcl-bin	Install Roswell	2026-09-29T04:14:52.7690182Z printf '#define UNAME_M "x86_64"\n' >> gend.h.tmp
sbcl-bin	Install Roswell	2026-09-29T04:14:52.7703576Z printf '#define UNAME_S "Linux"\n' >> gend.h.tmp
sbcl-bin	Install Roswell	2026-09-29T04:14:52.7716658Z printf '#define PATCH_PATH "/usr/etc/roswell/patch"\n' >> gend.h.tmp
sbcl-bin	Install Roswell	2026-09-29T04:14:52.7730001Z printf '#define LISP_PATH "/usr/etc/roswell"\n' >> gend.h.tmp
sbcl-bin	Install Roswell	2026-09-29T04:14:52.7743119Z cmp -s gend.h.tmp gend.h||cp gend.h.tmp gend.h
sbcl-bin	Install Roswell	2026-09-29T04:14:52.7767247Z cat gend.h
sbcl-bin	Install Roswell	2026-09-29T04:14:52.7787218Z #define ROS_COMPILE_ENVIRONMENT "gcc (Ubuntu 13.3.0-6ubuntu2~24.04.1) 13.3.0"
sbcl-bin	Install Roswell	2026-09-29T04:14:52.7787984Z #define ROS_REVISION "NO-GIT-REVISION"
sbcl-bin	Install Roswell	2026-09-29T04:14:52.7788463Z #define UNAME_M "x86_64"
sbcl-bin	Install Roswell	2026-09-29T04:14:52.7788813Z #define UNAME_S "Linux"
sbcl-bin	Install Roswell	2026-09-29T04:14:52.7789074Z #define PATCH_PATH "/usr/etc/roswell/patch"
sbcl-bin	Install Roswell	2026-09-29T04:14:52.7789543Z #define LISP_PATH "/usr/etc/roswell"
sbcl-bin	Install Roswell	2026-09-29T04:14:52.7789841Z rm -f gend.h.tmp
sbcl-bin	Install Roswell	2026-09-29T04:14:52.8012040Z make[2]: Entering directory '/home/runner/.roswell/src'
sbcl-bin	Install Roswell	2026-09-29T04:14:52.8012644Z printf '#define ROS_COMPILE_ENVIRONMENT "%s"\n' "`gcc --version|head -n 1`" > gend.h.tmp
sbcl-bin	Install Roswell	2026-09-29T04:14:52.8045053Z printf '#define ROS_REVISION "NO-GIT-REVISION"\n' >> gend.h.tmp
sbcl-bin	Install Roswell	2026-09-29T04:14:52.8058015Z printf '#define UNAME_M "x86_64"\n' >> gend.h.tmp
sbcl-bin	Install Roswell	2026-09-29T04:14:52.8071081Z printf '#define UNAME_S "Linux"\n' >> gend.h.tmp
sbcl-bin	Install Roswell	2026-09-29T04:14:52.8083904Z printf '#define PATCH_PATH "/usr/etc/roswell/patch"\n' >> gend.h.tmp
sbcl-bin	Install Roswell	2026-09-29T04:14:52.8096458Z printf '#define LISP_PATH "/usr/etc/roswell"\n' >> gend.h.tmp
sbcl-bin	Install Roswell	2026-09-29T04:14:52.8109523Z cmp -s gend.h.tmp gend.h||cp gend.h.tmp gend.h
sbcl-bin	Install Roswell	2026-09-29T04:14:52.8133804Z cat gend.h
sbcl-bin	Install Roswell	2026-09-29T04:14:52.8152730Z #define ROS_COMPILE_ENVIRONMENT "gcc (Ubuntu 13.3.0-6ubuntu2~24.04.1) 13.3.0"
sbcl-bin	Install Roswell	2026-09-29T04:14:52.8153241Z #define ROS_REVISION "NO-GIT-REVISION"
sbcl-bin	Install Roswell	2026-09-29T04:14:52.8153581Z #define UNAME_M "x86_64"
sbcl-bin	Install Roswell	2026-09-29T04:14:52.8153955Z #define UNAME_S "Linux"
sbcl-bin	Install Roswell	2026-09-29T04:14:52.8154351Z #define PATCH_PATH "/usr/etc/roswell/patch"
sbcl-bin	Install Roswell	2026-09-29T04:14:52.8154827Z #define LISP_PATH "/usr/etc/roswell"
sbcl-bin	Install Roswell	2026-09-29T04:14:52.8155199Z rm -f gend.h.tmp
sbcl-bin	Install Roswell	2026-09-29T04:14:52.8194856Z  /usr/bin/mkdir -p '/usr/bin'
sbcl-bin	Install Roswell	2026-09-29T04:14:52.8240101Z   /usr/bin/install -c ros '/usr/bin'
sbcl-bin	Install Roswell	2026-09-29T04:14:52.8260824Z make[2]: Nothing to be done for 'install-data-am'.
sbcl-bin	Install Roswell	2026-09-29T04:14:52.8261434Z make[2]: Leaving directory '/home/runner/.roswell/src'
sbcl-bin	Install Roswell	2026-09-29T04:14:52.8263513Z make[1]: Leaving directory '/home/runner/.roswell/src'
sbcl-bin	Install Roswell	2026-09-29T04:14:52.8285713Z make[1]: Entering directory '/home/runner/.roswell'
sbcl-bin	Install Roswell	2026-09-29T04:14:52.8455580Z make[2]: Entering directory '/home/runner/.roswell'
sbcl-bin	Install Roswell	2026-09-29T04:14:52.8562322Z make[2]: Nothing to be done for 'install-exec-am'.
sbcl-bin	Install Roswell	2026-09-29T04:14:52.8581862Z  /usr/bin/mkdir -p '/usr/etc/roswell'
sbcl-bin	Install Roswell	2026-09-29T04:14:52.8621937Z  /usr/bin/install -c -m 644 lisp/helper.el lisp/init.lisp lisp/util.lisp lisp/util-main.lisp lisp/util-swank.lisp lisp/locations.lisp lisp/patch-quicklisp.lisp lisp/extend-quicklisp.lisp lisp/extend-quicklisp-system.lisp lisp/system.lisp lisp/build-ros.lisp lisp/build-asd.lisp lisp/client-swank.lisp lisp/util-config.lisp lisp/dist-list.lisp lisp/dist-clean.lisp lisp/dist-enable.lisp lisp/dist-disable.lisp lisp/dist-add.lisp lisp/dist-delete.lisp lisp/dist-use.lisp lisp/dist-versions.lisp lisp/dist-preference.lisp lisp/dist-default.lisp lisp/delete-default.lisp lisp/delete-dump.lisp lisp/delete-git.lisp lisp/delete-asdf.lisp lisp/delete-env.lisp lisp/util-dump.lisp lisp/dump-ccl.lisp lisp/dump-clisp.lisp lisp/dump-cmucl.lisp lisp/dump-ecl.lisp lisp/dump-sbcl.lisp lisp/help-install.lisp lisp/help-options.lisp lisp/help-run.lisp lisp/init-default.lisp lisp/init-env.lisp '/usr/etc/roswell'
sbcl-bin	Install Roswell	2026-09-29T04:14:52.8662872Z  /usr/bin/install -c -m 644 lisp/init-dist.lisp lisp/util-install.lisp lisp/util-install-quicklisp.lisp lisp/install+7zip.lisp lisp/install-abcl-bin.lisp lisp/install-allegro.lisp lisp/install-ccl-bin.lisp lisp/install-clasp-bin.lisp lisp/install-clasp.lisp lisp/install-clisp.lisp lisp/install-clisp-head.lisp lisp/install-cmu-bin.lisp lisp/install-ecl.lisp lisp/install-quicklisp.lisp lisp/install-sbcl-bin.lisp lisp/install-sbcl.lisp lisp/install-sbcl-source.lisp lisp/install-sbcl-head.lisp lisp/install-slime.lisp lisp/install-sly.lisp lisp/install-lispworks.lisp lisp/install-mkcl.lisp lisp/install-npt.lisp lisp/install+externals-clasp.lisp lisp/install+ffcall.lisp lisp/install+msys2.lisp lisp/install+sigsegv.lisp lisp/install-asdf.lisp lisp/serve-default.lisp lisp/serve-swank.lisp lisp/update-git.lisp lisp/update-hg.lisp lisp/update-quicklisp.lisp lisp/update-default.lisp lisp/list-default.lisp lisp/list-dump.lisp lisp/list-git.lisp lisp/list-installed.lisp lisp/list-versions.lisp lisp/list-asdf.lisp '/usr/etc/roswell'
sbcl-bin	Install Roswell	2026-09-29T04:14:52.8693623Z  /usr/bin/install -c -m 644 lisp/list-env.lisp lisp/util-template.lisp lisp/util-use.lisp lisp/use-asdf.lisp lisp/use-env.lisp '/usr/etc/roswell'
sbcl-bin	Install Roswell	2026-09-29T04:14:52.8728739Z  /usr/bin/mkdir -p '/usr/etc/roswell'
sbcl-bin	Install Roswell	2026-09-29T04:14:52.8775249Z  /usr/bin/install -c lisp/balus.ros lisp/build.ros lisp/checkout.ros lisp/client.ros lisp/config.ros lisp/compile-file.ros lisp/ecl-config.ros lisp/emacs.ros lisp/exec.ros lisp/dist.ros lisp/fmt.ros lisp/get.ros lisp/git.ros lisp/hg.ros lisp/run.ros lisp/setup.ros lisp/shell.ros lisp/version.ros lisp/wait.ros lisp/delete.ros lisp/dump.ros lisp/help.ros lisp/init.ros lisp/install.ros lisp/serve.ros lisp/update.ros lisp/list.ros lisp/make-depends.ros lisp/template.ros lisp/use.ros lisp/which.ros '/usr/etc/roswell'
sbcl-bin	Install Roswell	2026-09-29T04:14:52.8819282Z  /usr/bin/mkdir -p '/usr/etc/roswell/patch'
sbcl-bin	Install Roswell	2026-09-29T04:14:52.8847200Z  /usr/bin/install -c -m 644 patch/sbcl-1.3.11.patch patch/sbcl-posix-tests.patch '/usr/etc/roswell/patch'
sbcl-bin	Install Roswell	2026-09-29T04:14:52.8883863Z  /usr/bin/mkdir -p '/usr/share/man/man1'
sbcl-bin	Install Roswell	2026-09-29T04:14:52.8949346Z  /usr/bin/install -c -m 644 documents/man/ros.1 documents/man/ros-checkout.1 documents/man/ros-dump.1 documents/man/ros-init.1 documents/man/ros-install.1 documents/man/ros-list.1 documents/man/ros-setup.1 documents/man/ros-template.1 documents/man/ros-config.1 documents/man/ros-delete.1 documents/man/ros-emacs.1 documents/man/ros-run.1 documents/man/ros-use.1 documents/man/ros-wait.1 documents/man/ros-asdf.1 documents/man/ros-build.1 documents/man/ros-update.1 documents/man/ros-help.1 documents/man/ros-client.1 documents/man/ros-serve.1 '/usr/share/man/man1'
sbcl-bin	Install Roswell	2026-09-29T04:14:52.9006311Z make[2]: Leaving directory '/home/runner/.roswell'
sbcl-bin	Install Roswell	2026-09-29T04:14:52.9009161Z make[1]: Leaving directory '/home/runner/.roswell'
sbcl-bin	Install Roswell	2026-09-29T04:14:52.9026611Z Roswell has been installed.
sbcl-bin	Install Roswell	2026-09-29T04:14:52.9027157Z Installing sbcl-bin...
sbcl-bin	Install Roswell	2026-09-29T04:14:52.9107054Z Installing sbcl-bin...
sbcl-bin	Install Roswell	2026-09-29T04:14:53.2031812Z 
sbcl-bin	Install Roswell	2026-09-29T04:14:53.2038567Z [###############################################################           ] 86%
sbcl-bin	Install Roswell	2026-09-29T04:14:53.2055970Z [##########################################################################]100%
sbcl-bin	Install Roswell	2026-09-29T04:14:53.2118601Z No SBCL version specified. Downloading sbcl-bin_uri.tsv to see the available versions...
sbcl-bin	Install Roswell	2026-09-29T04:14:53.2119413Z Installing sbcl-bin/2.6.9...
sbcl-bin	Install Roswell	2026-09-29T04:14:53.2159653Z No SBCL version specified. Downloading sbcl-bin_uri.tsv to see the available versions...
sbcl-bin	Install Roswell	2026-09-29T04:14:53.2160182Z Installing sbcl-bin/2.6.9...
sbcl-bin	Install Roswell	2026-09-29T04:14:53.2231311Z No SBCL version specified. Downloading sbcl-bin_uri.tsv to see the available versions...
sbcl-bin	Install Roswell	2026-09-29T04:14:53.2231822Z Installing sbcl-bin/2.6.9...
sbcl-bin	Install Roswell	2026-09-29T04:14:53.2232358Z Downloading https://github.com/roswell/sbcl_bin/releases/download/2.6.9/sbcl-2.6.9-x86-64-linux-binary.tar.bz2
sbcl-bin	Install Roswell	2026-09-29T04:14:53.5371365Z 
sbcl-bin	Install Roswell	2026-09-29T04:14:53.5748857Z [                                                                          ]  0%
sbcl-bin	Install Roswell	2026-09-29T04:14:53.5871635Z [                                                                          ]  1%
sbcl-bin	Install Roswell	2026-09-29T04:14:53.5920225Z [#                                                                         ]  1%
sbcl-bin	Install Roswell	2026-09-29T04:14:53.6089159Z [#                                                                         ]  2%
sbcl-bin	Install Roswell	2026-09-29T04:14:53.6105499Z [##                                                                        ]  2%
sbcl-bin	Install Roswell	2026-09-29T04:14:53.6237164Z [##                                                                        ]  3%
sbcl-bin	Install Roswell	2026-09-29T04:14:53.6368766Z [###                                                                       ]  4%
sbcl-bin	Install Roswell	2026-09-29T04:14:53.6382314Z [###                                                                       ]  5%
sbcl-bin	Install Roswell	2026-09-29T04:14:53.6414137Z [####                                                                      ]  5%
sbcl-bin	Install Roswell	2026-09-29T04:14:53.6443532Z [####                                                                      ]  6%
sbcl-bin	Install Roswell	2026-09-29T04:14:53.6477423Z [#####                                                                     ]  6%
sbcl-bin	Install Roswell	2026-09-29T04:14:53.6553008Z [#####                                                                     ]  7%
sbcl-bin	Install Roswell	2026-09-29T04:14:53.6553412Z [#####                                                                     ]  8%
sbcl-bin	Install Roswell	2026-09-29T04:14:53.6583877Z [######                                                                    ]  8%
sbcl-bin	Install Roswell	2026-09-29T04:14:53.6587322Z [######                                                                    ]  9%
sbcl-bin	Install Roswell	2026-09-29T04:14:53.6612364Z [#######                                                                   ]  9%
sbcl-bin	Install Roswell	2026-09-29T04:14:53.6708363Z [#######                                                                   ] 10%
sbcl-bin	Install Roswell	2026-09-29T04:14:53.6710972Z [########                                                                  ] 10%
sbcl-bin	Install Roswell	2026-09-29T04:14:53.6727122Z [########                                                                  ] 11%
sbcl-bin	Install Roswell	2026-09-29T04:14:53.6727515Z [########                                                                  ] 12%
sbcl-bin	Install Roswell	2026-09-29T04:14:53.6755179Z [#########                                                                 ] 12%
sbcl-bin	Install Roswell	2026-09-29T04:14:53.6759157Z [#########                                                                 ] 13%
sbcl-bin	Install Roswell	2026-09-29T04:14:53.6781908Z [##########                                                                ] 13%
sbcl-bin	Install Roswell	2026-09-29T04:14:53.6885592Z [##########                                                                ] 14%
sbcl-bin	Install Roswell	2026-09-29T04:14:53.6886157Z [###########                                                               ] 14%
sbcl-bin	Install Roswell	2026-09-29T04:14:53.6895923Z [###########                                                               ] 15%
sbcl-bin	Install Roswell	2026-09-29T04:14:53.6896936Z [###########                                                               ] 16%
sbcl-bin	Install Roswell	2026-09-29T04:14:53.6906506Z [############                                                              ] 16%
sbcl-bin	Install Roswell	2026-09-29T04:14:53.6910786Z [############                                                              ] 17%
sbcl-bin	Install Roswell	2026-09-29T04:14:53.6915432Z [#############                                                             ] 17%
sbcl-bin	Install Roswell	2026-09-29T04:14:53.6922073Z [#############                                                             ] 18%
sbcl-bin	Install Roswell	2026-09-29T04:14:53.6922584Z [##############                                                            ] 18%
sbcl-bin	Install Roswell	2026-09-29T04:14:53.6932095Z [##############                                                            ] 19%
sbcl-bin	Install Roswell	2026-09-29T04:14:53.6933737Z [##############                                                            ] 20%
sbcl-bin	Install Roswell	2026-09-29T04:14:53.6952971Z [###############                                                           ] 20%
sbcl-bin	Install Roswell	2026-09-29T04:14:53.7054361Z [###############                                                           ] 21%
sbcl-bin	Install Roswell	2026-09-29T04:14:53.7056009Z [################                                                          ] 21%
sbcl-bin	Install Roswell	2026-09-29T04:14:53.7061717Z [################                                                          ] 22%
sbcl-bin	Install Roswell	2026-09-29T04:14:53.7069543Z [#################                                                         ] 23%
sbcl-bin	Install Roswell	2026-09-29T04:14:53.7070169Z [#################                                                         ] 24%
sbcl-bin	Install Roswell	2026-09-29T04:14:53.7082688Z [##################                                                        ] 24%
sbcl-bin	Install Roswell	2026-09-29T04:14:53.7093350Z [##################                                                        ] 25%
sbcl-bin	Install Roswell	2026-09-29T04:14:53.7094221Z [###################                                                       ] 25%
sbcl-bin	Install Roswell	2026-09-29T04:14:53.7103940Z [###################                                                       ] 26%
sbcl-bin	Install Roswell	2026-09-29T04:14:53.7104518Z [###################                                                       ] 27%
sbcl-bin	Install Roswell	2026-09-29T04:14:53.7110265Z [####################                                                      ] 27%
sbcl-bin	Install Roswell	2026-09-29T04:14:53.7113362Z [####################                                                      ] 28%
sbcl-bin	Install Roswell	2026-09-29T04:14:53.7124103Z [#####################                                                     ] 28%
sbcl-bin	Install Roswell	2026-09-29T04:14:53.7225470Z [#####################                                                     ] 29%
sbcl-bin	Install Roswell	2026-09-29T04:14:53.7226508Z [######################                                                    ] 29%
sbcl-bin	Install Roswell	2026-09-29T04:14:53.7231198Z [######################                                                    ] 30%
sbcl-bin	Install Roswell	2026-09-29T04:14:53.7235786Z [#######################                                                   ] 31%
sbcl-bin	Install Roswell	2026-09-29T04:14:53.7238713Z [#######################                                                   ] 32%
sbcl-bin	Install Roswell	2026-09-29T04:14:53.7242165Z [########################                                                  ] 32%
sbcl-bin	Install Roswell	2026-09-29T04:14:53.7245844Z [########################                                                  ] 33%
sbcl-bin	Install Roswell	2026-09-29T04:14:53.7247102Z [#########################                                                 ] 33%
sbcl-bin	Install Roswell	2026-09-29T04:14:53.7253623Z [#########################                                                 ] 34%
sbcl-bin	Install Roswell	2026-09-29T04:14:53.7254225Z [#########################                                                 ] 35%
sbcl-bin	Install Roswell	2026-09-29T04:14:53.7262250Z [##########################                                                ] 35%
sbcl-bin	Install Roswell	2026-09-29T04:14:53.7262884Z [##########################                                                ] 36%
sbcl-bin	Install Roswell	2026-09-29T04:14:53.7263604Z [###########################                                               ] 36%
sbcl-bin	Install Roswell	2026-09-29T04:14:53.7271640Z [###########################                                               ] 37%
sbcl-bin	Install Roswell	2026-09-29T04:14:53.7272208Z [############################                                              ] 37%
sbcl-bin	Install Roswell	2026-09-29T04:14:53.7273790Z [############################                                              ] 38%
sbcl-bin	Install Roswell	2026-09-29T04:14:53.7274305Z [############################                                              ] 39%
sbcl-bin	Install Roswell	2026-09-29T04:14:53.7275636Z [#############################                                             ] 39%
sbcl-bin	Install Roswell	2026-09-29T04:14:53.7278853Z [#############################                                             ] 40%
sbcl-bin	Install Roswell	2026-09-29T04:14:53.7279485Z [##############################                                            ] 40%
sbcl-bin	Install Roswell	2026-09-29T04:14:53.7285668Z [##############################                                            ] 41%
sbcl-bin	Install Roswell	2026-09-29T04:14:53.7286136Z [###############################                                           ] 41%
sbcl-bin	Install Roswell	2026-09-29T04:14:53.7318103Z [###############################                                           ] 42%
sbcl-bin	Install Roswell	2026-09-29T04:14:53.7381503Z [###############################                                           ] 43%
sbcl-bin	Install Roswell	2026-09-29T04:14:53.7396007Z [################################                                          ] 43%
sbcl-bin	Install Roswell	2026-09-29T04:14:53.7400670Z [################################                                          ] 44%
sbcl-bin	Install Roswell	2026-09-29T04:14:53.7403528Z [#################################                                         ] 44%
sbcl-bin	Install Roswell	2026-09-29T04:14:53.7410168Z [#################################                                         ] 45%
sbcl-bin	Install Roswell	2026-09-29T04:14:53.7412104Z [##################################                                        ] 46%
sbcl-bin	Install Roswell	2026-09-29T04:14:53.7413067Z [##################################                                        ] 47%
sbcl-bin	Install Roswell	2026-09-29T04:14:53.7414045Z [###################################                                       ] 47%
sbcl-bin	Install Roswell	2026-09-29T04:14:53.7418553Z [###################################                                       ] 48%
sbcl-bin	Install Roswell	2026-09-29T04:14:53.7419173Z [####################################                                      ] 48%
sbcl-bin	Install Roswell	2026-09-29T04:14:53.7424807Z [####################################                                      ] 49%
sbcl-bin	Install Roswell	2026-09-29T04:14:53.7426632Z [#####################################                                     ] 50%
sbcl-bin	Install Roswell	2026-09-29T04:14:53.7427619Z [#####################################                                     ] 51%
sbcl-bin	Install Roswell	2026-09-29T04:14:53.7431897Z [######################################                                    ] 51%
sbcl-bin	Install Roswell	2026-09-29T04:14:53.7435429Z [######################################                                    ] 52%
sbcl-bin	Install Roswell	2026-09-29T04:14:53.7436109Z [#######################################                                   ] 52%
sbcl-bin	Install Roswell	2026-09-29T04:14:53.7441746Z [#######################################                                   ] 53%
sbcl-bin	Install Roswell	2026-09-29T04:14:53.7442305Z [#######################################                                   ] 54%
sbcl-bin	Install Roswell	2026-09-29T04:14:53.7447415Z [########################################                                  ] 54%
sbcl-bin	Install Roswell	2026-09-29T04:14:53.7448071Z [########################################                                  ] 55%
sbcl-bin	Install Roswell	2026-09-29T04:14:53.7449489Z [#########################################                                 ] 55%
sbcl-bin	Install Roswell	2026-09-29T04:14:53.7453526Z [#########################################                                 ] 56%
sbcl-bin	Install Roswell	2026-09-29T04:14:53.7455287Z [##########################################                                ] 56%
sbcl-bin	Install Roswell	2026-09-29T04:14:53.7465540Z [##########################################                                ] 57%
sbcl-bin	Install Roswell	2026-09-29T04:14:53.7466050Z [##########################################                                ] 58%
sbcl-bin	Install Roswell	2026-09-29T04:14:53.7500747Z [###########################################                               ] 58%
sbcl-bin	Install Roswell	2026-09-29T04:14:53.7553348Z [###########################################                               ] 59%
sbcl-bin	Install Roswell	2026-09-29T04:14:53.7564318Z [############################################                              ] 59%
sbcl-bin	Install Roswell	2026-09-29T04:14:53.7568735Z [############################################                              ] 60%
sbcl-bin	Install Roswell	2026-09-29T04:14:53.7657497Z [#############################################                             ] 60%
sbcl-bin	Install Roswell	2026-09-29T04:14:53.7659617Z [#############################################                             ] 61%
sbcl-bin	Install Roswell	2026-09-29T04:14:53.7660158Z [#############################################                             ] 62%
sbcl-bin	Install Roswell	2026-09-29T04:14:53.7661221Z [##############################################                            ] 62%
sbcl-bin	Install Roswell	2026-09-29T04:14:53.7662230Z [##############################################                            ] 63%
sbcl-bin	Install Roswell	2026-09-29T04:14:53.7663291Z [###############################################                           ] 63%
sbcl-bin	Install Roswell	2026-09-29T04:14:53.7664719Z [###############################################                           ] 64%
sbcl-bin	Install Roswell	2026-09-29T04:14:53.7665075Z [################################################                          ] 64%
sbcl-bin	Install Roswell	2026-09-29T04:14:53.7667041Z [################################################                          ] 65%
sbcl-bin	Install Roswell	2026-09-29T04:14:53.7667533Z [################################################                          ] 66%
sbcl-bin	Install Roswell	2026-09-29T04:14:53.7669577Z [#################################################                         ] 66%
sbcl-bin	Install Roswell	2026-09-29T04:14:53.7670984Z [#################################################                         ] 67%
sbcl-bin	Install Roswell	2026-09-29T04:14:53.7671782Z [##################################################                        ] 67%
sbcl-bin	Install Roswell	2026-09-29T04:14:53.7673512Z [##################################################                        ] 68%
sbcl-bin	Install Roswell	2026-09-29T04:14:53.7673842Z [###################################################                       ] 68%
sbcl-bin	Install Roswell	2026-09-29T04:14:53.7675486Z [###################################################                       ] 69%
sbcl-bin	Install Roswell	2026-09-29T04:14:53.7676261Z [###################################################                       ] 70%
sbcl-bin	Install Roswell	2026-09-29T04:14:53.7677894Z [####################################################                      ] 70%
sbcl-bin	Install Roswell	2026-09-29T04:14:53.7679146Z [####################################################                      ] 71%
sbcl-bin	Install Roswell	2026-09-29T04:14:53.7679907Z [#####################################################                     ] 71%
sbcl-bin	Install Roswell	2026-09-29T04:14:53.7681830Z [#####################################################                     ] 72%
sbcl-bin	Install Roswell	2026-09-29T04:14:53.7683738Z [######################################################                    ] 73%
sbcl-bin	Install Roswell	2026-09-29T04:14:53.7684307Z [######################################################                    ] 74%
sbcl-bin	Install Roswell	2026-09-29T04:14:53.7685466Z [#######################################################                   ] 74%
sbcl-bin	Install Roswell	2026-09-29T04:14:53.7687024Z [#######################################################                   ] 75%
sbcl-bin	Install Roswell	2026-09-29T04:14:53.7687631Z [########################################################                  ] 75%
sbcl-bin	Install Roswell	2026-09-29T04:14:53.7689567Z [########################################################                  ] 76%
sbcl-bin	Install Roswell	2026-09-29T04:14:53.7690082Z [########################################################                  ] 77%
sbcl-bin	Install Roswell	2026-09-29T04:14:53.7691383Z [#########################################################                 ] 77%
sbcl-bin	Install Roswell	2026-09-29T04:14:53.7692188Z [#########################################################                 ] 78%
sbcl-bin	Install Roswell	2026-09-29T04:14:53.7693363Z [##########################################################                ] 78%
sbcl-bin	Install Roswell	2026-09-29T04:14:53.7694678Z [##########################################################                ] 79%
sbcl-bin	Install Roswell	2026-09-29T04:14:53.7695120Z [###########################################################               ] 79%
sbcl-bin	Install Roswell	2026-09-29T04:14:53.7697289Z [###########################################################               ] 80%
sbcl-bin	Install Roswell	2026-09-29T04:14:53.7697636Z [###########################################################               ] 81%
sbcl-bin	Install Roswell	2026-09-29T04:14:53.7699143Z [############################################################              ] 81%
sbcl-bin	Install Roswell	2026-09-29T04:14:53.7699946Z [############################################################              ] 82%
sbcl-bin	Install Roswell	2026-09-29T04:14:53.7701089Z [#############################################################             ] 82%
sbcl-bin	Install Roswell	2026-09-29T04:14:53.7702461Z [#############################################################             ] 83%
sbcl-bin	Install Roswell	2026-09-29T04:14:53.7703092Z [##############################################################            ] 83%
sbcl-bin	Install Roswell	2026-09-29T04:14:53.7724033Z [##############################################################            ] 84%
sbcl-bin	Install Roswell	2026-09-29T04:14:53.7724948Z [##############################################################            ] 85%
sbcl-bin	Install Roswell	2026-09-29T04:14:53.7725505Z [###############################################################           ] 85%
sbcl-bin	Install Roswell	2026-09-29T04:14:53.7726030Z [###############################################################           ] 86%
sbcl-bin	Install Roswell	2026-09-29T04:14:53.7728320Z [################################################################          ] 86%
sbcl-bin	Install Roswell	2026-09-29T04:14:53.7729754Z [################################################################          ] 87%
sbcl-bin	Install Roswell	2026-09-29T04:14:53.7730190Z [#################################################################         ] 87%
sbcl-bin	Install Roswell	2026-09-29T04:14:53.7742041Z [#################################################################         ] 88%
sbcl-bin	Install Roswell	2026-09-29T04:14:53.7742583Z [#################################################################         ] 89%
sbcl-bin	Install Roswell	2026-09-29T04:14:53.7746050Z [##################################################################        ] 89%
sbcl-bin	Install Roswell	2026-09-29T04:14:53.7777600Z [##################################################################        ] 90%
sbcl-bin	Install Roswell	2026-09-29T04:14:53.7778291Z [###################################################################       ] 90%
sbcl-bin	Install Roswell	2026-09-29T04:14:53.7780212Z [###################################################################       ] 91%
sbcl-bin	Install Roswell	2026-09-29T04:14:53.7780742Z [####################################################################      ] 91%
sbcl-bin	Install Roswell	2026-09-29T04:14:53.7782157Z [####################################################################      ] 92%
sbcl-bin	Install Roswell	2026-09-29T04:14:53.7782669Z [####################################################################      ] 93%
sbcl-bin	Install Roswell	2026-09-29T04:14:53.7783946Z [#####################################################################     ] 93%
sbcl-bin	Install Roswell	2026-09-29T04:14:53.7785138Z [#####################################################################     ] 94%
sbcl-bin	Install Roswell	2026-09-29T04:14:53.7785945Z [######################################################################    ] 94%
sbcl-bin	Install Roswell	2026-09-29T04:14:53.7787794Z [######################################################################    ] 95%
sbcl-bin	Install Roswell	2026-09-29T04:14:53.7789695Z [#######################################################################   ] 96%
sbcl-bin	Install Roswell	2026-09-29T04:14:53.7790339Z [#######################################################################   ] 97%
sbcl-bin	Install Roswell	2026-09-29T04:14:53.7791687Z [########################################################################  ] 97%
sbcl-bin	Install Roswell	2026-09-29T04:14:53.7792906Z [########################################################################  ] 98%
sbcl-bin	Install Roswell	2026-09-29T04:14:53.7793548Z [######################################################################### ] 98%
sbcl-bin	Install Roswell	2026-09-29T04:14:53.7795377Z [######################################################################### ] 99%
sbcl-bin	Install Roswell	2026-09-29T04:14:53.7818955Z [##########################################################################]100%
sbcl-bin	Install Roswell	2026-09-29T04:14:53.7912951Z No SBCL version specified. Downloading sbcl-bin_uri.tsv to see the available versions...
sbcl-bin	Install Roswell	2026-09-29T04:14:53.7913742Z Installing sbcl-bin/2.6.9...
sbcl-bin	Install Roswell	2026-09-29T04:14:53.7914600Z Downloading https://github.com/roswell/sbcl_bin/releases/download/2.6.9/sbcl-2.6.9-x86-64-linux-binary.tar.bz2
sbcl-bin	Install Roswell	2026-09-29T04:14:53.7915750Z Extracting sbcl-bin-2.6.9-x86-64-linux.tar.bz2 to /home/runner/.roswell/src/sbcl-2.6.9-x86-64-linux/
sbcl-bin	Install Roswell	2026-09-29T04:14:55.7614831Z No SBCL version specified. Downloading sbcl-bin_uri.tsv to see the available versions...
sbcl-bin	Install Roswell	2026-09-29T04:14:55.7615693Z Installing sbcl-bin/2.6.9...
sbcl-bin	Install Roswell	2026-09-29T04:14:55.7616498Z Downloading https://github.com/roswell/sbcl_bin/releases/download/2.6.9/sbcl-2.6.9-x86-64-linux-binary.tar.bz2
sbcl-bin	Install Roswell	2026-09-29T04:14:55.7617900Z Extracting sbcl-bin-2.6.9-x86-64-linux.tar.bz2 to /home/runner/.roswell/src/sbcl-2.6.9-x86-64-linux/
sbcl-bin	Install Roswell	2026-09-29T04:14:55.7670506Z No SBCL version specified. Downloading sbcl-bin_uri.tsv to see the available versions...
sbcl-bin	Install Roswell	2026-09-29T04:14:55.7671061Z Installing sbcl-bin/2.6.9...
sbcl-bin	Install Roswell	2026-09-29T04:14:55.7671597Z Downloading https://github.com/roswell/sbcl_bin/releases/download/2.6.9/sbcl-2.6.9-x86-64-linux-binary.tar.bz2
sbcl-bin	Install Roswell	2026-09-29T04:14:55.7672630Z Extracting sbcl-bin-2.6.9-x86-64-linux.tar.bz2 to /home/runner/.roswell/src/sbcl-2.6.9-x86-64-linux/
sbcl-bin	Install Roswell	2026-09-29T04:14:56.1852057Z Building sbcl-bin/2.6.9...patchelf sbcl Done.Install Script for sbcl-bin...
sbcl-bin	Install Roswell	2026-09-29T04:15:22.4991728Z Installing Quicklisp... Done 16696
sbcl-bin	Install Roswell	2026-09-29T04:15:22.5651187Z Making core for Roswell...
sbcl-bin	Install Roswell	2026-09-29T04:15:23.3302886Z $ ros quicklisp.dist=http://beta.quicklisp.org/dist/quicklisp.txt setup
sbcl-bin	Install Roswell	2026-09-29T04:15:23.9465171Z 
sbcl-bin	Install Roswell	2026-09-29T04:15:23.9466204Z $ ros version
sbcl-bin	Install Roswell	2026-09-29T04:15:24.2364749Z roswell 26.02.116(NO-GIT-REVISION)
sbcl-bin	Install Roswell	2026-09-29T04:15:24.2365266Z build with gcc (Ubuntu 13.3.0-6ubuntu2~24.04.1) 13.3.0
sbcl-bin	Install Roswell	2026-09-29T04:15:24.2365737Z libcurl=8.5.0
sbcl-bin	Install Roswell	2026-09-29T04:15:24.2451260Z Quicklisp=2021-02-13
sbcl-bin	Install Roswell	2026-09-29T04:15:24.2451754Z Dist=2026-01-01
sbcl-bin	Install Roswell	2026-09-29T04:15:24.2458186Z lispdir='/usr/etc/roswell/'
sbcl-bin	Install Roswell	2026-09-29T04:15:24.2458615Z homedir='/home/runner/.roswell/'
sbcl-bin	Install Roswell	2026-09-29T04:15:24.2459036Z sbcl-bin-variant=''
sbcl-bin	Install Roswell	2026-09-29T04:15:24.2462641Z 
sbcl-bin	Install Roswell	2026-09-29T04:15:24.7657863Z SBCL 2.6.9.roswell up and running! (ASDF 3.3.1)
sbcl-bin	Install Roswell	2026-09-29T04:15:24.7658354Z 
sbcl-bin	Install Roswell	2026-09-29T04:15:24.7713099Z ASDF source registry configurations at /home/runner/.config/common-lisp/source-registry.conf.d/ci.conf.
sbcl-bin	Install frozen Quicklisp distribution	﻿2026-09-29T04:15:24.7751833Z ##[group]Run ros -e '(ql-dist:install-dist "http://beta.quicklisp.org/dist/quicklisp/2026-01-01/distinfo.txt" :prompt nil :replace t)'
sbcl-bin	Install frozen Quicklisp distribution	2026-09-29T04:15:24.7752822Z ^[[36;1mros -e '(ql-dist:install-dist "http://beta.quicklisp.org/dist/quicklisp/2026-01-01/distinfo.txt" :prompt nil :replace t)'^[[0m
sbcl-bin	Install frozen Quicklisp distribution	2026-09-29T04:15:24.7823556Z shell: /usr/bin/bash -e {0}
sbcl-bin	Install frozen Quicklisp distribution	2026-09-29T04:15:24.7823852Z ##[endgroup]
sbcl-bin	Install frozen Quicklisp distribution	2026-09-29T04:15:25.3983612Z Downloading http://beta.quicklisp.org/dist/quicklisp/2026-01-01/distinfo.txt
sbcl-bin	Install frozen Quicklisp distribution	2026-09-29T04:15:25.3984693Z ##########################################################################
sbcl-bin	Install frozen Quicklisp distribution	2026-09-29T04:15:25.5337359Z Installing dist "quicklisp" version "2026-01-01".
sbcl-bin	Install frozen Quicklisp distribution	2026-09-29T04:15:25.7192924Z Downloading http://beta.quicklisp.org/dist/quicklisp/2026-01-01/releases.txt
sbcl-bin	Install frozen Quicklisp distribution	2026-09-29T04:15:25.7193739Z ##########################################################################
sbcl-bin	Install frozen Quicklisp distribution	2026-09-29T04:15:25.8800731Z Downloading http://beta.quicklisp.org/dist/quicklisp/2026-01-01/systems.txt
sbcl-bin	Install frozen Quicklisp distribution	2026-09-29T04:15:25.8801578Z ##########################################################################
sbcl-bin	Install Rove	﻿2026-09-29T04:15:25.9110236Z ##[group]Run ros install rove
sbcl-bin	Install Rove	2026-09-29T04:15:25.9110562Z ^[[36;1mros install rove^[[0m
sbcl-bin	Install Rove	2026-09-29T04:15:25.9178782Z shell: /usr/bin/bash -e {0}
sbcl-bin	Install Rove	2026-09-29T04:15:25.9179062Z ##[endgroup]
sbcl-bin	Install Rove	2026-09-29T04:15:27.7646903Z To load "rove":
sbcl-bin	Install Rove	2026-09-29T04:15:27.7647372Z   Load 2 ASDF systems:
sbcl-bin	Install Rove	2026-09-29T04:15:27.7647846Z     asdf cl-ppcre
sbcl-bin	Install Rove	2026-09-29T04:15:27.7648191Z   Install 8 Quicklisp releases:
sbcl-bin	Install Rove	2026-09-29T04:15:27.7648720Z     alexandria bordeaux-threads dissect global-vars rove
sbcl-bin	Install Rove	2026-09-29T04:15:27.7649333Z     trivial-features trivial-garbage trivial-gray-streams
sbcl-bin	Install Rove	2026-09-29T04:15:27.8578746Z Downloading http://beta.quicklisp.org/archive/trivial-gray-streams/2024-10-12/trivial-gray-streams-20241012-git.tgz
sbcl-bin	Install Rove	2026-09-29T04:15:27.8579517Z ##########################################################################
sbcl-bin	Install Rove	2026-09-29T04:15:28.0044973Z Downloading http://beta.quicklisp.org/archive/dissect/2026-01-01/dissect-20260101-git.tgz
sbcl-bin	Install Rove	2026-09-29T04:15:28.0045590Z ##########################################################################
sbcl-bin	Install Rove	2026-09-29T04:15:28.1339788Z Downloading http://beta.quicklisp.org/archive/trivial-garbage/2023-10-21/trivial-garbage-20231021-git.tgz
sbcl-bin	Install Rove	2026-09-29T04:15:28.1340771Z ##########################################################################
sbcl-bin	Install Rove	2026-09-29T04:15:28.2630713Z Downloading http://beta.quicklisp.org/archive/trivial-features/2025-06-22/trivial-features-20250622-git.tgz
sbcl-bin	Install Rove	2026-09-29T04:15:28.2631440Z ##########################################################################
sbcl-bin	Install Rove	2026-09-29T04:15:28.3920330Z Downloading http://beta.quicklisp.org/archive/global-vars/2014-11-06/global-vars-20141106-git.tgz
sbcl-bin	Install Rove	2026-09-29T04:15:28.3920964Z ##########################################################################
sbcl-bin	Install Rove	2026-09-29T04:15:28.5395473Z Downloading http://beta.quicklisp.org/archive/alexandria/2024-10-12/alexandria-20241012-git.tgz
sbcl-bin	Install Rove	2026-09-29T04:15:28.5396106Z ##########################################################################
sbcl-bin	Install Rove	2026-09-29T04:15:28.8431898Z Downloading http://beta.quicklisp.org/archive/bordeaux-threads/2024-10-12/bordeaux-threads-v0.9.4.tgz
sbcl-bin	Install Rove	2026-09-29T04:15:28.8433229Z ##########################################################################
sbcl-bin	Install Rove	2026-09-29T04:15:29.0124983Z Downloading http://beta.quicklisp.org/archive/rove/2026-01-01/rove-20260101-git.tgz
sbcl-bin	Install Rove	2026-09-29T04:15:29.0125821Z ##########################################################################
sbcl-bin	Install Rove	2026-09-29T04:15:29.0576127Z ; Loading "rove"
sbcl-bin	Install Rove	2026-09-29T04:15:29.0987087Z ..................................................
sbcl-bin	Install Rove	2026-09-29T04:15:29.1274112Z [package rove/core/result]........................
sbcl-bin	Install Rove	2026-09-29T04:15:29.1767878Z [package rove/stats]..............................
sbcl-bin	Install Rove	2026-09-29T04:15:29.2622853Z [package dissect].................................
sbcl-bin	Install Rove	2026-09-29T04:15:29.3047803Z [package rove/core/assertion].....................
sbcl-bin	Install Rove	2026-09-29T04:15:29.3257887Z [package rove/core/suite/file]....................
sbcl-bin	Install Rove	2026-09-29T04:15:29.3485730Z [package rove/core/suite/package].................
sbcl-bin	Install Rove	2026-09-29T04:15:29.3693442Z [package rove/core/test]..........................
sbcl-bin	Install Rove	2026-09-29T04:15:29.3816967Z [package rove/core/suite].........................
sbcl-bin	Install Rove	2026-09-29T04:15:29.3923933Z [package rove/reporter/registry]..................
sbcl-bin	Install Rove	2026-09-29T04:15:29.4050679Z [package global-vars].............................
sbcl-bin	Install Rove	2026-09-29T04:15:29.4238250Z [package trivial-garbage].........................
sbcl-bin	Install Rove	2026-09-29T04:15:29.5115747Z [package bordeaux-threads]........................
sbcl-bin	Install Rove	2026-09-29T04:15:29.6313517Z [package bt2].....................................
sbcl-bin	Install Rove	2026-09-29T04:15:29.6547289Z [package rove/reporter]...........................
sbcl-bin	Install Rove	2026-09-29T04:15:29.6607881Z [package rove/misc/color].........................
sbcl-bin	Install Rove	2026-09-29T04:15:29.6728451Z [package rove/misc/stream]........................
sbcl-bin	Install Rove	2026-09-29T04:15:29.6990797Z [package rove/utils/reporter].....................
sbcl-bin	Install Rove	2026-09-29T04:15:29.7289092Z [package rove/reporter/spec]......................
sbcl-bin	Install Rove	2026-09-29T04:15:29.7631017Z [1/3] System 'rove' found. Loading the system..
sbcl-bin	Install Rove	2026-09-29T04:15:29.7631828Z [package rove/reporter/dot]..
sbcl-bin	Install Rove	2026-09-29T04:15:29.7632229Z [2/3] Processing build-hook..
sbcl-bin	Install Rove	2026-09-29T04:15:29.7632638Z [3/3] Attempting to install the scripts in roswell/ subdirectory of the system...
sbcl-bin	Install Rove	2026-09-29T04:15:29.7644017Z Found 1 scripts: rove
sbcl-bin	Install Rove	2026-09-29T04:15:29.7646220Z /home/runner/.roswell/bin/rove
sbcl-bin	Run tests	﻿2026-09-29T04:15:30.3926512Z ##[group]Run ulimit -n 256
sbcl-bin	Run tests	2026-09-29T04:15:30.3927202Z ^[[36;1mulimit -n 256^[[0m
sbcl-bin	Run tests	2026-09-29T04:15:30.3927499Z ^[[36;1mPATH="$HOME/.roswell/bin:$PATH"^[[0m
sbcl-bin	Run tests	2026-09-29T04:15:30.3927795Z ^[[36;1mexport PATH^[[0m
sbcl-bin	Run tests	2026-09-29T04:15:30.3928053Z ^[[36;1mros dynamic-space-size=4096 \^[[0m
sbcl-bin	Run tests	2026-09-29T04:15:30.3928415Z ^[[36;1m  -e '(push (truename "./") asdf:*central-registry*)' \^[[0m
sbcl-bin	Run tests	2026-09-29T04:15:30.3928761Z ^[[36;1m  -s woo-test \^[[0m
sbcl-bin	Run tests	2026-09-29T04:15:30.3929052Z ^[[36;1m  -e '(unless (rove:run :woo-test) (uiop:quit 1))'^[[0m
sbcl-bin	Run tests	2026-09-29T04:15:30.3999606Z shell: /usr/bin/bash -e {0}
sbcl-bin	Run tests	2026-09-29T04:15:30.3999912Z env:
sbcl-bin	Run tests	2026-09-29T04:15:30.4000182Z   LISP: sbcl-bin
sbcl-bin	Run tests	2026-09-29T04:15:30.4000408Z ##[endgroup]
sbcl-bin	Run tests	2026-09-29T04:15:30.9036106Z While evaluating the form starting at line 1, column 0
sbcl-bin	Run tests	2026-09-29T04:15:30.9037125Z   of #P"/home/runner/work/woo/woo/woo.asd":
sbcl-bin	Run tests	2026-09-29T04:15:30.9037585Z ; 
sbcl-bin	Run tests	2026-09-29T04:15:30.9037906Z ; compilation unit aborted
sbcl-bin	Run tests	2026-09-29T04:15:30.9038298Z ;   caught 1 fatal ERROR condition
sbcl-bin	Run tests	2026-09-29T04:15:57.5398378Z ; cc -o /home/runner/.cache/common-lisp/sbcl-2.6.9.roswell-linux-x64/home/runner/work/woo/woo/src/syscall/types__grovel-tmp121QKS9N.o -c -g -Wall -Wundef -Wsign-compare -Wpointer-arith -O3 -D_LARGEFILE_SOURCE -D_LARGEFILE64_SOURCE -D_FILE_OFFSET_BITS=64 -Wunused-parameter -fno-omit-frame-pointer -momit-leaf-frame-pointer -fPIC -I/home/runner/.roswell/lisp/quicklisp/dists/quicklisp/software/cffi-20260101-git/ /home/runner/.cache/common-lisp/sbcl-2.6.9.roswell-linux-x64/home/runner/work/woo/woo/src/syscall/types__grovel.c
sbcl-bin	Run tests	2026-09-29T04:15:57.5715280Z /home/runner/.cache/common-lisp/sbcl-2.6.9.roswell-linux-x64/home/runner/work/woo/woo/src/syscall/types__grovel.c: In function ‘main’:
sbcl-bin	Run tests	2026-09-29T04:15:57.5716937Z /home/runner/.cache/common-lisp/sbcl-2.6.9.roswell-linux-x64/home/runner/work/woo/woo/src/syscall/types__grovel.c:13:7: warning: unused variable ‘autotype_tmp’ [-Wunused-variable]
sbcl-bin	Run tests	2026-09-29T04:15:57.5717791Z    13 |   int autotype_tmp;
sbcl-bin	Run tests	2026-09-29T04:15:57.5718044Z       |       ^~~~~~~~~~~~
sbcl-bin	Run tests	2026-09-29T04:15:57.6224369Z ; cc -o /home/runner/.cache/common-lisp/sbcl-2.6.9.roswell-linux-x64/home/runner/work/woo/woo/src/syscall/types__grovel-tmp2JF031K4 -g -Wl,--export-dynamic /home/runner/.cache/common-lisp/sbcl-2.6.9.roswell-linux-x64/home/runner/work/woo/woo/src/syscall/types__grovel.o
sbcl-bin	Run tests	2026-09-29T04:15:57.6470535Z ; /home/runner/.cache/common-lisp/sbcl-2.6.9.roswell-linux-x64/home/runner/work/woo/woo/src/syscall/types__grovel /home/runner/.cache/common-lisp/sbcl-2.6.9.roswell-linux-x64/home/runner/work/woo/woo/src/syscall/types__grovel.grovel-tmp.lisp
sbcl-bin	Run tests	2026-09-29T04:15:57.7004014Z ; cc -o /home/runner/.cache/common-lisp/sbcl-2.6.9.roswell-linux-x64/home/runner/work/woo/woo/src/llsocket/grovel__grovel-tmpHBCFHPPX.o -c -g -Wall -Wundef -Wsign-compare -Wpointer-arith -O3 -D_LARGEFILE_SOURCE -D_LARGEFILE64_SOURCE -D_FILE_OFFSET_BITS=64 -Wunused-parameter -fno-omit-frame-pointer -momit-leaf-frame-pointer -fPIC -I/home/runner/.roswell/lisp/quicklisp/dists/quicklisp/software/cffi-20260101-git/ /home/runner/.cache/common-lisp/sbcl-2.6.9.roswell-linux-x64/home/runner/work/woo/woo/src/llsocket/grovel__grovel.c
sbcl-bin	Run tests	2026-09-29T04:15:57.7348255Z /home/runner/.cache/common-lisp/sbcl-2.6.9.roswell-linux-x64/home/runner/work/woo/woo/src/llsocket/grovel__grovel.c: In function ‘main’:
sbcl-bin	Run tests	2026-09-29T04:15:57.7349593Z /home/runner/.cache/common-lisp/sbcl-2.6.9.roswell-linux-x64/home/runner/work/woo/woo/src/llsocket/grovel__grovel.c:14:7: warning: unused variable ‘autotype_tmp’ [-Wunused-variable]
sbcl-bin	Run tests	2026-09-29T04:15:57.7350391Z    14 |   int autotype_tmp;
sbcl-bin	Run tests	2026-09-29T04:15:57.7350642Z       |       ^~~~~~~~~~~~
sbcl-bin	Run tests	2026-09-29T04:15:57.8729878Z ; cc -o /home/runner/.cache/common-lisp/sbcl-2.6.9.roswell-linux-x64/home/runner/work/woo/woo/src/llsocket/grovel__grovel-tmp8ZEXUD27 -g -Wl,--export-dynamic /home/runner/.cache/common-lisp/sbcl-2.6.9.roswell-linux-x64/home/runner/work/woo/woo/src/llsocket/grovel__grovel.o
sbcl-bin	Run tests	2026-09-29T04:15:57.8985015Z ; /home/runner/.cache/common-lisp/sbcl-2.6.9.roswell-linux-x64/home/runner/work/woo/woo/src/llsocket/grovel__grovel /home/runner/.cache/common-lisp/sbcl-2.6.9.roswell-linux-x64/home/runner/work/woo/woo/src/llsocket/grovel__grovel.grovel-tmp.lisp
sbcl-bin	Run tests	2026-09-29T04:16:27.9561619Z 
sbcl-bin	Run tests	2026-09-29T04:16:27.9564542Z Testing System woo-test
sbcl-bin	Run tests	2026-09-29T04:16:28.0323538Z 
sbcl-bin	Run tests	2026-09-29T04:16:28.0324161Z ;; testing 'woo-test.event-loop'
sbcl-bin	Run tests	2026-09-29T04:16:28.0324997Z ^[[37mevent-loop-backend-descriptors-close^[[0m
sbcl-bin	Run tests	2026-09-29T04:16:28.0372851Z   ^[[32m✓ ^[[0m^[[90mdescriptors before=6 after=6^[[0m
sbcl-bin	Run tests	2026-09-29T04:16:28.0413516Z 
sbcl-bin	Run tests	2026-09-29T04:16:28.0413763Z ;; testing 'woo-test'
sbcl-bin	Run tests	2026-09-29T04:16:28.0414263Z ^[[37mwoo-server-tests^[[0m
sbcl-bin	Run tests	2026-09-29T04:16:28.0498125Z 
sbcl-bin	Run tests	2026-09-29T04:16:28.0498489Z ;; testing 'clack.test.suite'
sbcl-bin	Run tests	2026-09-29T04:16:28.0499009Z ^[[37mresponse-tests^[[0m
sbcl-bin	Run tests	2026-09-29T04:16:28.0662618Z NOTICE: Running in debug mode. Debugger will be invoked on errors.
sbcl-bin	Run tests	2026-09-29T04:16:28.0889235Z   Specify ':debug nil' to turn it off on remote environments.  ^[[37mlist^[[0m
sbcl-bin	Run tests	2026-09-29T04:16:28.1536494Z     ^[[32m✓ ^[[0m^[[90mExpect (EQL STATUS 200) to be true.^[[0m
sbcl-bin	Run tests	2026-09-29T04:16:28.1537866Z     ^[[32m✓ ^[[0m^[[90mExpect (EQUAL BODY "HelloWorld") to be true.^[[0m
sbcl-bin	Run tests	2026-09-29T04:16:28.6563070Z NOTICE: Running in debug mode. Debugger will be invoked on errors.
sbcl-bin	Run tests	2026-09-29T04:16:28.7572948Z   Specify ':debug nil' to turn it off on remote environments.  ^[[37mpathname (plain/text)^[[0m
sbcl-bin	Run tests	2026-09-29T04:16:28.7606636Z     ^[[32m✓ ^[[0m^[[90mExpect (EQL STATUS 200) to be true.^[[0m
sbcl-bin	Run tests	2026-09-29T04:16:28.7607600Z     ^[[32m✓ ^[[0m^[[90mExpect (EQUAL (GET-HEADER HEADERS :CONTENT-TYPE) "text/plain; charset=utf-8") to be true.^[[0m
sbcl-bin	Run tests	2026-09-29T04:16:28.7644585Z     ^[[32m✓ ^[[0m^[[90mExpect (SCAN "This is a text for test." BODY) to be true.^[[0m
sbcl-bin	Run tests	2026-09-29T04:16:29.2652310Z NOTICE: Running in debug mode. Debugger will be invoked on errors.
sbcl-bin	Run tests	2026-09-29T04:16:29.3662273Z   Specify ':debug nil' to turn it off on remote environments.  ^[[37mpathname (binary)^[[0m
sbcl-bin	Run tests	2026-09-29T04:16:29.3668385Z     ^[[32m✓ ^[[0m^[[90mExpect (EQL STATUS 200) to be true.^[[0m
sbcl-bin	Run tests	2026-09-29T04:16:29.3669046Z     ^[[32m✓ ^[[0m^[[90mExpect (EQUAL (GET-HEADER HEADERS :CONTENT-TYPE) "image/png") to be true.^[[0m
sbcl-bin	Run tests	2026-09-29T04:16:29.3669943Z     ^[[32m✓ ^[[0m^[[90mExpect (GET-HEADER HEADERS :CONTENT-LENGTH) to be true.^[[0m
sbcl-bin	Run tests	2026-09-29T04:16:29.3670668Z     ^[[32m✓ ^[[0m^[[90mExpect (EQL (LENGTH BODY) 12155) to be true.^[[0m
sbcl-bin	Run tests	2026-09-29T04:16:29.8674603Z NOTICE: Running in debug mode. Debugger will be invoked on errors.
sbcl-bin	Run tests	2026-09-29T04:16:29.9685479Z   Specify ':debug nil' to turn it off on remote environments.  ^[[37mbigger file^[[0m
sbcl-bin	Run tests	2026-09-29T04:16:29.9690818Z     ^[[32m✓ ^[[0m^[[90mExpect (EQL STATUS 200) to be true.^[[0m
sbcl-bin	Run tests	2026-09-29T04:16:29.9691535Z     ^[[32m✓ ^[[0m^[[90mExpect (EQUAL (GET-HEADER HEADERS :CONTENT-TYPE) "image/jpeg") to be true.^[[0m
sbcl-bin	Run tests	2026-09-29T04:16:29.9692381Z     ^[[32m✓ ^[[0m^[[90mExpect (GET-HEADER HEADERS :CONTENT-LENGTH) to be true.^[[0m
sbcl-bin	Run tests	2026-09-29T04:16:29.9693176Z     ^[[32m✓ ^[[0m^[[90mExpect (EQL (LENGTH BODY) 139616) to be true.^[[0m
sbcl-bin	Run tests	2026-09-29T04:16:30.4698310Z NOTICE: Running in debug mode. Debugger will be invoked on errors.
sbcl-bin	Run tests	2026-09-29T04:16:30.5708354Z   Specify ':debug nil' to turn it off on remote environments.  ^[[37mmulti headers (response)^[[0m
sbcl-bin	Run tests	2026-09-29T04:16:30.5711890Z     ^[[32m✓ ^[[0m^[[90mExpect (SCAN "foo,\\s*bar,\\s*baz" (GET-HEADER HEADERS :X-FOO)) to be true.^[[0m
sbcl-bin	Run tests	2026-09-29T04:16:31.0718468Z NOTICE: Running in debug mode. Debugger will be invoked on errors.
sbcl-bin	Run tests	2026-09-29T04:16:31.1728553Z   Specify ':debug nil' to turn it off on remote environments.  ^[[37mno entity headers on 304^[[0m
sbcl-bin	Run tests	2026-09-29T04:16:31.1731309Z     ^[[32m✓ ^[[0m^[[90mExpect (EQL STATUS 304) to be true.^[[0m
sbcl-bin	Run tests	2026-09-29T04:16:31.1732008Z     ^[[32m✓ ^[[0m^[[90mExpect (EQUALP BODY #()) to be true.^[[0m
sbcl-bin	Run tests	2026-09-29T04:16:31.1732679Z     ^[[32m✓ ^[[0m^[[90mNo Content-Type^[[0m
sbcl-bin	Run tests	2026-09-29T04:16:31.1733028Z     ^[[32m✓ ^[[0m^[[90mNo Content-Length^[[0m
sbcl-bin	Run tests	2026-09-29T04:16:31.1733361Z     ^[[32m✓ ^[[0m^[[90mNo Transfer-Encoding^[[0m
sbcl-bin	Run tests	2026-09-29T04:16:31.6738375Z NOTICE: Running in debug mode. Debugger will be invoked on errors.
sbcl-bin	Run tests	2026-09-29T04:16:31.7748055Z   Specify ':debug nil' to turn it off on remote environments.  ^[[37mCRLF output^[[0m
sbcl-bin	Run tests	2026-09-29T04:16:31.7751081Z     ^[[32m✓ ^[[0m^[[90mExpect (EQL STATUS 200) to be true.^[[0m
sbcl-bin	Run tests	2026-09-29T04:16:31.7751732Z     ^[[32m✓ ^[[0m^[[90mExpect (NULL (GET-HEADER HEADERS :FOO)) to be true.^[[0m
sbcl-bin	Run tests	2026-09-29T04:16:31.7753451Z     ^[[32m✓ ^[[0m^[[90mExpect (EQUAL BODY
sbcl-bin	Run tests	2026-09-29T04:16:31.7754053Z                     (FORMAT NIL "Foo: Bar~A~A~A~AHello World" #\Return #\Newline
sbcl-bin	Run tests	2026-09-29T04:16:31.7754737Z                             #\Return #\Newline)) to be true.^[[0m
sbcl-bin	Run tests	2026-09-29T04:16:32.2760265Z NOTICE: Running in debug mode. Debugger will be invoked on errors.
sbcl-bin	Run tests	2026-09-29T04:16:32.3770239Z   Specify ':debug nil' to turn it off on remote environments.  ^[[37mtest 404^[[0m
sbcl-bin	Run tests	2026-09-29T04:16:32.3773362Z     ^[[32m✓ ^[[0m^[[90mExpect (EQL STATUS 404) to be true.^[[0m
sbcl-bin	Run tests	2026-09-29T04:16:32.3774059Z     ^[[32m✓ ^[[0m^[[90mExpect (EQUAL BODY "Not Found") to be true.^[[0m
sbcl-bin	Run tests	2026-09-29T04:16:32.8781160Z NOTICE: Running in debug mode. Debugger will be invoked on errors.
sbcl-bin	Run tests	2026-09-29T04:16:32.9791187Z   Specify ':debug nil' to turn it off on remote environments.  ^[[37mContent-Length 0 is not set Transfer-Encoding^[[0m
sbcl-bin	Run tests	2026-09-29T04:16:32.9793856Z     ^[[32m✓ ^[[0m^[[90mExpect (EQL STATUS 200) to be true.^[[0m
sbcl-bin	Run tests	2026-09-29T04:16:32.9794731Z     ^[[32m✓ ^[[0m^[[90mExpect (NULL (GET-HEADER HEADERS :CLIENT-TRANSFER-ENCODING)) to be true.^[[0m
sbcl-bin	Run tests	2026-09-29T04:16:32.9795452Z     ^[[32m✓ ^[[0m^[[90mExpect (EQUAL BODY "") to be true.^[[0m
sbcl-bin	Run tests	2026-09-29T04:16:33.4800627Z ^[[37menv-tests^[[0m
sbcl-bin	Run tests	2026-09-29T04:16:33.4801224Z NOTICE: Running in debug mode. Debugger will be invoked on errors.
sbcl-bin	Run tests	2026-09-29T04:16:33.5812591Z   Specify ':debug nil' to turn it off on remote environments.  ^[[37mSCRIPT-NAME^[[0m
sbcl-bin	Run tests	2026-09-29T04:16:33.5815893Z     ^[[32m✓ ^[[0m^[[90mExpect (MEMBER (DEXADOR:GET (LOCALHOST)) '(NIL "") :TEST #'EQUAL) to be true.^[[0m
sbcl-bin	Run tests	2026-09-29T04:16:34.0822367Z NOTICE: Running in debug mode. Debugger will be invoked on errors.
sbcl-bin	Run tests	2026-09-29T04:16:34.1832328Z   Specify ':debug nil' to turn it off on remote environments.  ^[[37murl-scheme^[[0m
sbcl-bin	Run tests	2026-09-29T04:16:34.1835463Z     ^[[32m✓ ^[[0m^[[90mExpect (EQL STATUS 200) to be true.^[[0m
sbcl-bin	Run tests	2026-09-29T04:16:34.1836463Z     ^[[32m✓ ^[[0m^[[90mExpect (EQUAL (GET-HEADER HEADERS :CONTENT-TYPE) "text/plain; charset=utf-8") to be true.^[[0m
sbcl-bin	Run tests	2026-09-29T04:16:34.1837543Z     ^[[32m✓ ^[[0m^[[90mExpect (EQUAL BODY "http") to be true.^[[0m
sbcl-bin	Run tests	2026-09-29T04:16:34.6843144Z NOTICE: Running in debug mode. Debugger will be invoked on errors.
sbcl-bin	Run tests	2026-09-29T04:16:34.7852966Z   Specify ':debug nil' to turn it off on remote environments.  ^[[37mhandle HTTP-Header^[[0m
sbcl-bin	Run tests	2026-09-29T04:16:34.7856088Z     ^[[32m✓ ^[[0m^[[90mExpect (EQL STATUS 200) to be true.^[[0m
sbcl-bin	Run tests	2026-09-29T04:16:34.7857238Z     ^[[32m✓ ^[[0m^[[90mExpect (EQUAL (GET-HEADER HEADERS :CONTENT-TYPE) "text/plain; charset=utf-8") to be true.^[[0m
sbcl-bin	Run tests	2026-09-29T04:16:34.7857985Z     ^[[32m✓ ^[[0m^[[90mExpect (EQUAL BODY "Bar") to be true.^[[0m
sbcl-bin	Run tests	2026-09-29T04:16:35.2862827Z NOTICE: Running in debug mode. Debugger will be invoked on errors.
sbcl-bin	Run tests	2026-09-29T04:16:35.3873573Z   Specify ':debug nil' to turn it off on remote environments.  ^[[37mvalidate env^[[0m
sbcl-bin	Run tests	2026-09-29T04:16:35.3875881Z     ^[[32m✓ ^[[0m^[[90mExpect (EQL STATUS 200) to be true.^[[0m
sbcl-bin	Run tests	2026-09-29T04:16:35.3877242Z     ^[[32m✓ ^[[0m^[[90mExpect (EQUAL (GET-HEADER HEADERS :CONTENT-TYPE) "text/plain; charset=utf-8") to be true.^[[0m
sbcl-bin	Run tests	2026-09-29T04:16:35.3877876Z     ^[[32m✓ ^[[0m^[[90mExpect (EQUAL BODY
sbcl-bin	Run tests	2026-09-29T04:16:35.3878177Z                     (FORMAT NIL "~{~A~%~}"
sbcl-bin	Run tests	2026-09-29T04:16:35.3885597Z                             `("REQUEST-METHOD::GET" "PATH-INFO:\"/foo/\""
sbcl-bin	Run tests	2026-09-29T04:16:35.3886089Z                               "QUERY-STRING:\"ediweitz=weitzedi\""
sbcl-bin	Run tests	2026-09-29T04:16:35.3886444Z                               "SERVER-NAME:\"127.0.0.1\""
sbcl-bin	Run tests	2026-09-29T04:16:35.3886968Z                               ,(FORMAT NIL "SERVER-PORT:~D"
sbcl-bin	Run tests	2026-09-29T04:16:35.3887487Z                                        *CLACK-TEST-ACCESS-PORT*)))) to be true.^[[0m
sbcl-bin	Run tests	2026-09-29T04:16:35.8885001Z NOTICE: Running in debug mode. Debugger will be invoked on errors.
sbcl-bin	Run tests	2026-09-29T04:16:35.9895773Z   Specify ':debug nil' to turn it off on remote environments.  ^[[37mvalidate env (must be integer)^[[0m
sbcl-bin	Run tests	2026-09-29T04:16:35.9899028Z     ^[[32m✓ ^[[0m^[[90mExpect (EQL STATUS 200) to be true.^[[0m
sbcl-bin	Run tests	2026-09-29T04:16:35.9900062Z     ^[[32m✓ ^[[0m^[[90mExpect (EQUAL (GET-HEADER HEADERS :CONTENT-TYPE) "text/plain; charset=utf-8") to be true.^[[0m
sbcl-bin	Run tests	2026-09-29T04:16:35.9900762Z     ^[[32m✓ ^[[0m^[[90mExpect (EQUAL BODY
sbcl-bin	Run tests	2026-09-29T04:16:35.9901049Z                     (FORMAT NIL "~{~{~A:~A~%~}~}"
sbcl-bin	Run tests	2026-09-29T04:16:35.9901568Z                             `((:SERVER-PORT T) (:REMOTE-PORT T) (:CONTENT-LENGTH T)))) to be true.^[[0m
sbcl-bin	Run tests	2026-09-29T04:16:36.4906477Z NOTICE: Running in debug mode. Debugger will be invoked on errors.
sbcl-bin	Run tests	2026-09-29T04:16:36.5917142Z   Specify ':debug nil' to turn it off on remote environments.  ^[[37m% encoding in PATH-INFO^[[0m
sbcl-bin	Run tests	2026-09-29T04:16:36.5920212Z     ^[[32m✓ ^[[0m^[[90mExpect (EQUAL (DEXADOR:GET (LOCALHOST "/foo/bar%2cbaz")) "/foo/bar,baz") to be true.^[[0m
sbcl-bin	Run tests	2026-09-29T04:16:37.0926681Z NOTICE: Running in debug mode. Debugger will be invoked on errors.
sbcl-bin	Run tests	2026-09-29T04:16:37.1936375Z   Specify ':debug nil' to turn it off on remote environments.  ^[[37m% double encoding in PATH-INFO^[[0m
sbcl-bin	Run tests	2026-09-29T04:16:37.1939904Z     ^[[32m✓ ^[[0m^[[90mExpect (EQUAL (DEXADOR:GET (LOCALHOST "/foo/bar%252cbaz")) "/foo/bar%2cbaz") to be true.^[[0m
sbcl-bin	Run tests	2026-09-29T04:16:37.6947456Z NOTICE: Running in debug mode. Debugger will be invoked on errors.
sbcl-bin	Run tests	2026-09-29T04:16:37.7957163Z   Specify ':debug nil' to turn it off on remote environments.  ^[[37m% encoding in PATH-INFO (outside of URI characters)^[[0m
sbcl-bin	Run tests	2026-09-29T04:16:37.8010787Z     ^[[32m✓ ^[[0m^[[90mExpect (EQUAL (DEXADOR:GET (LOCALHOST "/foo%E3%81%82"))
sbcl-bin	Run tests	2026-09-29T04:16:37.8011388Z                     (FORMAT NIL "/foo~A"
sbcl-bin	Run tests	2026-09-29T04:16:37.8011899Z                             (OCTETS-TO-STRING #(227 129 130) :EXTERNAL-FORMAT
sbcl-bin	Run tests	2026-09-29T04:16:37.8012600Z                                               :UTF-8))) to be true.^[[0m
sbcl-bin	Run tests	2026-09-29T04:16:38.3017775Z NOTICE: Running in debug mode. Debugger will be invoked on errors.
sbcl-bin	Run tests	2026-09-29T04:16:38.4027981Z   Specify ':debug nil' to turn it off on remote environments.  ^[[37mInvalid UTF-8 encoded PATH-INFO^[[0m
sbcl-bin	Run tests	2026-09-29T04:16:38.4031727Z     ^[[32m✓ ^[[0m^[[90mExpect (SCAN (FORMAT NIL "/あ~A" #\REPLACEMENT_CHARACTER)
sbcl-bin	Run tests	2026-09-29T04:16:38.4032542Z                    (DEXADOR:GET (LOCALHOST "/%E3%81%82%BF%27%22%28"))) to be true.^[[0m
sbcl-bin	Run tests	2026-09-29T04:16:38.9039262Z NOTICE: Running in debug mode. Debugger will be invoked on errors.
sbcl-bin	Run tests	2026-09-29T04:16:39.0049388Z   Specify ':debug nil' to turn it off on remote environments.  ^[[37mSERVER-PROTOCOL is required^[[0m
sbcl-bin	Run tests	2026-09-29T04:16:39.0052761Z     ^[[32m✓ ^[[0m^[[90mExpect (EQL STATUS 200) to be true.^[[0m
sbcl-bin	Run tests	2026-09-29T04:16:39.0053635Z     ^[[32m✓ ^[[0m^[[90mExpect (EQUAL (GET-HEADER HEADERS :CONTENT-TYPE) "text/plain; charset=utf-8") to be true.^[[0m
sbcl-bin	Run tests	2026-09-29T04:16:39.0054307Z     ^[[32m✓ ^[[0m^[[90mExpect (SCAN "^:HTTP/1\\.[01]$" BODY) to be true.^[[0m
sbcl-bin	Run tests	2026-09-29T04:16:39.5060228Z NOTICE: Running in debug mode. Debugger will be invoked on errors.
sbcl-bin	Run tests	2026-09-29T04:16:39.6070482Z   Specify ':debug nil' to turn it off on remote environments.  ^[[37mSCRIPT-NAME should not be nil^[[0m
sbcl-bin	Run tests	2026-09-29T04:16:39.6074044Z     ^[[32m✓ ^[[0m^[[90mExpect (EQUAL (DEXADOR:GET (LOCALHOST "/foo/?ediweitz=weitzedi")) (STRING T)) to be true.^[[0m
sbcl-bin	Run tests	2026-09-29T04:16:40.1081683Z NOTICE: Running in debug mode. Debugger will be invoked on errors.
sbcl-bin	Run tests	2026-09-29T04:16:40.2092274Z   Specify ':debug nil' to turn it off on remote environments.  ^[[37mDo not set COOKIE^[[0m
sbcl-bin	Run tests	2026-09-29T04:16:40.2095481Z     ^[[32m✓ ^[[0m^[[90mExpect (EQL STATUS 200) to be true.^[[0m
sbcl-bin	Run tests	2026-09-29T04:16:40.2096393Z     ^[[32m✓ ^[[0m^[[90mExpect (NULL (GET-HEADER HEADERS :X-COOKIE)) to be true.^[[0m
sbcl-bin	Run tests	2026-09-29T04:16:40.2097290Z     ^[[32m✓ ^[[0m^[[90mExpect (EQUAL BODY "foo=bar") to be true.^[[0m
sbcl-bin	Run tests	2026-09-29T04:16:40.7103338Z NOTICE: Running in debug mode. Debugger will be invoked on errors.
sbcl-bin	Run tests	2026-09-29T04:16:40.8112781Z   Specify ':debug nil' to turn it off on remote environments.  ^[[37mREQUEST-URI is set^[[0m
sbcl-bin	Run tests	2026-09-29T04:16:40.8116044Z     ^[[32m✓ ^[[0m^[[90mExpect (EQUAL (DEXADOR:GET (LOCALHOST "/foo/bar%20baz%73?x=a"))
sbcl-bin	Run tests	2026-09-29T04:16:40.8116610Z                     "/foo/bar%20baz%73?x=a") to be true.^[[0m
sbcl-bin	Run tests	2026-09-29T04:16:41.3122189Z ^[[37mrequest-tests^[[0m
sbcl-bin	Run tests	2026-09-29T04:16:41.3122793Z NOTICE: Running in debug mode. Debugger will be invoked on errors.
sbcl-bin	Run tests	2026-09-29T04:16:41.4134342Z   Specify ':debug nil' to turn it off on remote environments.  ^[[37mGET^[[0m
sbcl-bin	Run tests	2026-09-29T04:16:41.4137596Z     ^[[32m✓ ^[[0m^[[90mExpect (EQL STATUS 200) to be true.^[[0m
sbcl-bin	Run tests	2026-09-29T04:16:41.4138827Z     ^[[32m✓ ^[[0m^[[90mExpect (EQUAL (GET-HEADER HEADERS :CONTENT-TYPE) "text/plain; charset=utf-8") to be true.^[[0m
sbcl-bin	Run tests	2026-09-29T04:16:41.4139594Z     ^[[32m✓ ^[[0m^[[90mExpect (EQUAL BODY "Hello, name=fukamachi") to be true.^[[0m
sbcl-bin	Run tests	2026-09-29T04:16:41.9144763Z NOTICE: Running in debug mode. Debugger will be invoked on errors.
sbcl-bin	Run tests	2026-09-29T04:16:42.0154131Z   Specify ':debug nil' to turn it off on remote environments.  ^[[37mPOST^[[0m
sbcl-bin	Run tests	2026-09-29T04:16:42.0239353Z     ^[[32m✓ ^[[0m^[[90mExpect (EQL STATUS 200) to be true.^[[0m
sbcl-bin	Run tests	2026-09-29T04:16:42.0240306Z     ^[[32m✓ ^[[0m^[[90mExpect (EQUAL (GET-HEADER HEADERS :CLIENT-CONTENT-LENGTH) "11") to be true.^[[0m
sbcl-bin	Run tests	2026-09-29T04:16:42.0240950Z     ^[[32m✓ ^[[0m^[[90mExpect (EQUAL (GET-HEADER HEADERS :CLIENT-CONTENT-TYPE)
sbcl-bin	Run tests	2026-09-29T04:16:42.0241484Z                     "application/x-www-form-urlencoded") to be true.^[[0m
sbcl-bin	Run tests	2026-09-29T04:16:42.0241982Z     ^[[32m✓ ^[[0m^[[90mExpect (EQUAL BODY "Hello, name=eitaro") to be true.^[[0m
sbcl-bin	Run tests	2026-09-29T04:16:42.5246446Z NOTICE: Running in debug mode. Debugger will be invoked on errors.
sbcl-bin	Run tests	2026-09-29T04:16:42.6257582Z   Specify ':debug nil' to turn it off on remote environments.  ^[[37mbig POST^[[0m
sbcl-bin	Run tests	2026-09-29T04:16:42.6326346Z     ^[[32m✓ ^[[0m^[[90mExpect (EQL STATUS 200) to be true.^[[0m
sbcl-bin	Run tests	2026-09-29T04:16:42.6327314Z     ^[[32m✓ ^[[0m^[[90mExpect (EQUAL (GET-HEADER HEADERS :CLIENT-CONTENT-LENGTH) (PRINC-TO-STRING LEN)) to be true.^[[0m
sbcl-bin	Run tests	2026-09-29T04:16:42.6328112Z     ^[[32m✓ ^[[0m^[[90mExpect (EQUAL (LENGTH BODY) LEN) to be true.^[[0m
sbcl-bin	Run tests	2026-09-29T04:16:43.1334039Z NOTICE: Running in debug mode. Debugger will be invoked on errors.
sbcl-bin	Run tests	2026-09-29T04:16:43.2344674Z   Specify ':debug nil' to turn it off on remote environments.  ^[[37mbig POST (chunked)^[[0m
sbcl-bin	Run tests	2026-09-29T04:16:43.2498002Z     ^[[32m✓ ^[[0m^[[90mExpect (EQL STATUS 200) to be true.^[[0m
sbcl-bin	Run tests	2026-09-29T04:16:43.2498689Z     ^[[32m✓ ^[[0m^[[90mExpect (NULL (GET-HEADER HEADERS :CLIENT-CONTENT-LENGTH)) to be true.^[[0m
sbcl-bin	Run tests	2026-09-29T04:16:43.2499248Z     ^[[32m✓ ^[[0m^[[90mExpect (EQUAL (LENGTH BODY) LEN) to be true.^[[0m
sbcl-bin	Run tests	2026-09-29T04:16:43.7503476Z NOTICE: Running in debug mode. Debugger will be invoked on errors.
sbcl-bin	Run tests	2026-09-29T04:16:43.8513499Z   Specify ':debug nil' to turn it off on remote environments.  ^[[37mmulti headers (request)^[[0m
sbcl-bin	Run tests	2026-09-29T04:16:43.8517917Z     ^[[32m✓ ^[[0m^[[90mExpect (SCAN "^bar,\\s*baz$"
sbcl-bin	Run tests	2026-09-29T04:16:43.8518450Z                    (DEXADOR:GET (LOCALHOST) :HEADERS
sbcl-bin	Run tests	2026-09-29T04:16:43.8519042Z                                 '(("Foo" . "bar") ("Foo" . "baz")))) to be true.^[[0m
sbcl-bin	Run tests	2026-09-29T04:16:44.3523627Z NOTICE: Running in debug mode. Debugger will be invoked on errors.
sbcl-bin	Run tests	2026-09-29T04:16:44.4533622Z   Specify ':debug nil' to turn it off on remote environments.  ^[[37ma big header value > 128 bytes^[[0m
sbcl-bin	Run tests	2026-09-29T04:16:44.4570228Z     ^[[32m✓ ^[[0m^[[90mExpect (EQL STATUS 200) to be true.^[[0m
sbcl-bin	Run tests	2026-09-29T04:16:44.4570759Z     ^[[32m✓ ^[[0m^[[90mExpect (EQUAL BODY CHUNK) to be true.^[[0m
sbcl-bin	Run tests	2026-09-29T04:16:44.9576517Z NOTICE: Running in debug mode. Debugger will be invoked on errors.
sbcl-bin	Run tests	2026-09-29T04:16:45.0586298Z   Specify ':debug nil' to turn it off on remote environments.  ^[[37mrequest -> input seekable^[[0m
sbcl-bin	Run tests	2026-09-29T04:16:45.0590409Z     ^[[32m✓ ^[[0m^[[90mExpect (EQUAL (DEXADOR:POST (LOCALHOST) :CONTENT "body") "body") to be true.^[[0m
sbcl-bin	Run tests	2026-09-29T04:16:45.5595928Z NOTICE: Running in debug mode. Debugger will be invoked on errors.
sbcl-bin	Run tests	2026-09-29T04:16:45.6606033Z   Specify ':debug nil' to turn it off on remote environments.  ^[[37mhandle Authorization header^[[0m
sbcl-bin	Run tests	2026-09-29T04:16:45.6609057Z     ^[[32m✓ ^[[0m^[[90mExpect (EQL STATUS 200) to be true.^[[0m
sbcl-bin	Run tests	2026-09-29T04:16:45.6610002Z     ^[[32m✓ ^[[0m^[[90mExpect (EQUAL (GET-HEADER HEADERS :X-AUTHORIZATION) (STRING T)) to be true.^[[0m
sbcl-bin	Run tests	2026-09-29T04:16:45.6610906Z     ^[[32m✓ ^[[0m^[[90mExpect (EQUAL BODY "Basic XXXX") to be true.^[[0m
sbcl-bin	Run tests	2026-09-29T04:16:45.6612190Z     ^[[32m✓ ^[[0m^[[90mExpect (EQL STATUS 200) to be true.^[[0m
sbcl-bin	Run tests	2026-09-29T04:16:45.6612964Z     ^[[32m✓ ^[[0m^[[90mExpect (NULL (GET-HEADER HEADERS :X-AUTHORIZATION)) to be true.^[[0m
sbcl-bin	Run tests	2026-09-29T04:16:45.6613845Z     ^[[32m✓ ^[[0m^[[90mExpect (MEMBER BODY '(NIL "") :TEST #'EQUAL) to be true.^[[0m
sbcl-bin	Run tests	2026-09-29T04:16:46.1619959Z NOTICE: Running in debug mode. Debugger will be invoked on errors.
sbcl-bin	Run tests	2026-09-29T04:16:46.2629491Z   Specify ':debug nil' to turn it off on remote environments.  ^[[37mrepeated slashes^[[0m
sbcl-bin	Run tests	2026-09-29T04:16:46.2632569Z     ^[[32m✓ ^[[0m^[[90mExpect (EQL STATUS 200) to be true.^[[0m
sbcl-bin	Run tests	2026-09-29T04:16:46.2633586Z     ^[[32m✓ ^[[0m^[[90mExpect (EQUAL (GET-HEADER HEADERS :CONTENT-TYPE) "text/plain; charset=utf-8") to be true.^[[0m
sbcl-bin	Run tests	2026-09-29T04:16:46.2634629Z     ^[[32m✓ ^[[0m^[[90mExpect (EQUAL BODY "/foo///bar/baz") to be true.^[[0m
sbcl-bin	Run tests	2026-09-29T04:16:46.7640427Z NOTICE: Running in debug mode. Debugger will be invoked on errors.
sbcl-bin	Run tests	2026-09-29T04:16:46.8650393Z   Specify ':debug nil' to turn it off on remote environments.  ^[[37mfile upload^[[0m
sbcl-bin	Run tests	2026-09-29T04:16:46.8655332Z     ^[[32m✓ ^[[0m^[[90mExpect (EQL STATUS 200) to be true.^[[0m
sbcl-bin	Run tests	2026-09-29T04:16:46.8656035Z     ^[[32m✓ ^[[0m^[[90mExpect (EQUAL BODY "This is a text for test.
sbcl-bin	Run tests	2026-09-29T04:16:46.8656507Z       ") to be true.^[[0m
sbcl-bin	Run tests	2026-09-29T04:16:47.3663672Z NOTICE: Running in debug mode. Debugger will be invoked on errors.
sbcl-bin	Run tests	2026-09-29T04:16:47.4673061Z   Specify ':debug nil' to turn it off on remote environments.  ^[[37mlarge file upload^[[0m
sbcl-bin	Run tests	2026-09-29T04:16:47.4929088Z     ^[[32m✓ ^[[0m^[[90mExpect (EQL STATUS 200) to be true.^[[0m
sbcl-bin	Run tests	2026-09-29T04:16:47.4929762Z     ^[[32m✓ ^[[0m^[[90mExpect (EQUAL BODY "ok") to be true.^[[0m
sbcl-bin	Run tests	2026-09-29T04:16:47.9935472Z NOTICE: Running in debug mode. Debugger will be invoked on errors.
sbcl-bin	Run tests	2026-09-29T04:16:48.0945037Z   Specify ':debug nil' to turn it off on remote environments.  ^[[37mstreaming^[[0m
sbcl-bin	Run tests	2026-09-29T04:16:51.0956135Z     ^[[32m✓ ^[[0m^[[90mExpect (EQL STATUS 200) to be true.^[[0m
sbcl-bin	Run tests	2026-09-29T04:16:51.0957225Z     ^[[32m✓ ^[[0m^[[90mExpect (EQUAL BODY (FORMAT NIL "0~%1~%2~%")) to be true.^[[0m
sbcl-bin	Run tests	2026-09-29T04:16:51.5961945Z ^[[37mdebug-tests^[[0m
sbcl-bin	Run tests	2026-09-29T04:16:51.6972540Z   ^[[37mDo not crash when the app dies^[[0m
sbcl-bin	Run tests	2026-09-29T04:16:51.6993334Z  <ERROR> [04:16:51] woo - #<FLEXI-STREAMS::VECTOR-INPUT-STREAM {120C42FB93}> cannot be printed readably.
sbcl-bin	Run tests	2026-09-29T04:16:51.7014858Z     ^[[32m✓ ^[[0m^[[90m500 Internal Server Error^[[0m
sbcl-bin	Run tests	2026-09-29T04:16:52.2023743Z 
sbcl-bin	Run tests	2026-09-29T04:16:52.2024632Z ^[[32m✓ 4 tests completed^[[0m
sbcl-bin	Run tests	2026-09-29T04:16:52.2025040Z 
sbcl-bin	Run tests	2026-09-29T04:16:52.2025172Z Summary:
sbcl-bin	Run tests	2026-09-29T04:16:52.2025750Z   All 4 tests passed.
sbcl-bin	Run tests	2026-09-29T04:16:52.2035834Z ^[[37mwoo-ssl-server-tests^[[0m
sbcl-bin	Run tests	2026-09-29T04:16:52.2047758Z 
sbcl-bin	Run tests	2026-09-29T04:16:52.2047927Z ;; testing 'clack.test.suite'
sbcl-bin	Run tests	2026-09-29T04:16:52.2048334Z ^[[37mresponse-tests^[[0m
sbcl-bin	Run tests	2026-09-29T04:16:52.2049943Z NOTICE: Running in debug mode. Debugger will be invoked on errors.
sbcl-bin	Run tests	2026-09-29T04:16:52.3059836Z   Specify ':debug nil' to turn it off on remote environments.  ^[[37mlist^[[0m
sbcl-bin	Run tests	2026-09-29T04:16:52.3732117Z     ^[[32m✓ ^[[0m^[[90mExpect (EQL STATUS 200) to be true.^[[0m
sbcl-bin	Run tests	2026-09-29T04:16:52.3732713Z     ^[[32m✓ ^[[0m^[[90mExpect (EQUAL BODY "HelloWorld") to be true.^[[0m
sbcl-bin	Run tests	2026-09-29T04:16:52.8738136Z NOTICE: Running in debug mode. Debugger will be invoked on errors.
sbcl-bin	Run tests	2026-09-29T04:16:52.9748994Z   Specify ':debug nil' to turn it off on remote environments.  ^[[37mpathname (plain/text)^[[0m
sbcl-bin	Run tests	2026-09-29T04:16:53.0352874Z     ^[[32m✓ ^[[0m^[[90mExpect (EQL STATUS 200) to be true.^[[0m
sbcl-bin	Run tests	2026-09-29T04:16:53.0353648Z     ^[[32m✓ ^[[0m^[[90mExpect (EQUAL (GET-HEADER HEADERS :CONTENT-TYPE) "text/plain; charset=utf-8") to be true.^[[0m
sbcl-bin	Run tests	2026-09-29T04:16:53.5359743Z     ^[[32m✓ ^[[0m^[[90mExpect (SCAN "This is a text for test." BODY) to be true.^[[0m
sbcl-bin	Run tests	2026-09-29T04:16:53.5360836Z NOTICE: Running in debug mode. Debugger will be invoked on errors.
sbcl-bin	Run tests	2026-09-29T04:16:53.6369585Z   Specify ':debug nil' to turn it off on remote environments.  ^[[37mpathname (binary)^[[0m
sbcl-bin	Run tests	2026-09-29T04:16:53.6981659Z     ^[[32m✓ ^[[0m^[[90mExpect (EQL STATUS 200) to be true.^[[0m
sbcl-bin	Run tests	2026-09-29T04:16:53.6982348Z     ^[[32m✓ ^[[0m^[[90mExpect (EQUAL (GET-HEADER HEADERS :CONTENT-TYPE) "image/png") to be true.^[[0m
sbcl-bin	Run tests	2026-09-29T04:16:53.6982962Z     ^[[32m✓ ^[[0m^[[90mExpect (GET-HEADER HEADERS :CONTENT-LENGTH) to be true.^[[0m
sbcl-bin	Run tests	2026-09-29T04:16:53.6983459Z     ^[[32m✓ ^[[0m^[[90mExpect (EQL (LENGTH BODY) 12155) to be true.^[[0m
sbcl-bin	Run tests	2026-09-29T04:16:54.1988251Z NOTICE: Running in debug mode. Debugger will be invoked on errors.
sbcl-bin	Run tests	2026-09-29T04:16:54.2996677Z   Specify ':debug nil' to turn it off on remote environments.  ^[[37mbigger file^[[0m
sbcl-bin	Run tests	2026-09-29T04:16:54.3203005Z     ^[[32m✓ ^[[0m^[[90mExpect (EQL STATUS 200) to be true.^[[0m
sbcl-bin	Run tests	2026-09-29T04:16:54.3203958Z     ^[[32m✓ ^[[0m^[[90mExpect (EQUAL (GET-HEADER HEADERS :CONTENT-TYPE) "image/jpeg") to be true.^[[0m
sbcl-bin	Run tests	2026-09-29T04:16:54.3204680Z     ^[[32m✓ ^[[0m^[[90mExpect (GET-HEADER HEADERS :CONTENT-LENGTH) to be true.^[[0m
sbcl-bin	Run tests	2026-09-29T04:16:54.3205230Z     ^[[32m✓ ^[[0m^[[90mExpect (EQL (LENGTH BODY) 139616) to be true.^[[0m
sbcl-bin	Run tests	2026-09-29T04:16:54.8208707Z NOTICE: Running in debug mode. Debugger will be invoked on errors.
sbcl-bin	Run tests	2026-09-29T04:16:54.9218900Z   Specify ':debug nil' to turn it off on remote environments.  ^[[37mmulti headers (response)^[[0m
sbcl-bin	Run tests	2026-09-29T04:16:54.9823590Z     ^[[32m✓ ^[[0m^[[90mExpect (SCAN "foo,\\s*bar,\\s*baz" (GET-HEADER HEADERS :X-FOO)) to be true.^[[0m
sbcl-bin	Run tests	2026-09-29T04:16:55.4829529Z NOTICE: Running in debug mode. Debugger will be invoked on errors.
sbcl-bin	Run tests	2026-09-29T04:16:55.5839153Z   Specify ':debug nil' to turn it off on remote environments.  ^[[37mno entity headers on 304^[[0m
sbcl-bin	Run tests	2026-09-29T04:16:55.6452914Z     ^[[32m✓ ^[[0m^[[90mExpect (EQL STATUS 304) to be true.^[[0m
sbcl-bin	Run tests	2026-09-29T04:16:55.6453546Z     ^[[32m✓ ^[[0m^[[90mExpect (EQUALP BODY #()) to be true.^[[0m
sbcl-bin	Run tests	2026-09-29T04:16:55.6453993Z     ^[[32m✓ ^[[0m^[[90mNo Content-Type^[[0m
sbcl-bin	Run tests	2026-09-29T04:16:55.6454340Z     ^[[32m✓ ^[[0m^[[90mNo Content-Length^[[0m
sbcl-bin	Run tests	2026-09-29T04:16:55.6454685Z     ^[[32m✓ ^[[0m^[[90mNo Transfer-Encoding^[[0m
sbcl-bin	Run tests	2026-09-29T04:16:56.1457481Z NOTICE: Running in debug mode. Debugger will be invoked on errors.
sbcl-bin	Run tests	2026-09-29T04:16:56.2467757Z   Specify ':debug nil' to turn it off on remote environments.  ^[[37mCRLF output^[[0m
sbcl-bin	Run tests	2026-09-29T04:16:56.3071892Z     ^[[32m✓ ^[[0m^[[90mExpect (EQL STATUS 200) to be true.^[[0m
sbcl-bin	Run tests	2026-09-29T04:16:56.3072601Z     ^[[32m✓ ^[[0m^[[90mExpect (NULL (GET-HEADER HEADERS :FOO)) to be true.^[[0m
sbcl-bin	Run tests	2026-09-29T04:16:56.3073054Z     ^[[32m✓ ^[[0m^[[90mExpect (EQUAL BODY
sbcl-bin	Run tests	2026-09-29T04:16:56.3073424Z                     (FORMAT NIL "Foo: Bar~A~A~A~AHello World" #\Return #\Newline
sbcl-bin	Run tests	2026-09-29T04:16:56.3073879Z                             #\Return #\Newline)) to be true.^[[0m
sbcl-bin	Run tests	2026-09-29T04:16:56.8078260Z NOTICE: Running in debug mode. Debugger will be invoked on errors.
sbcl-bin	Run tests	2026-09-29T04:16:56.9088480Z   Specify ':debug nil' to turn it off on remote environments.  ^[[37mtest 404^[[0m
sbcl-bin	Run tests	2026-09-29T04:16:56.9692453Z     ^[[32m✓ ^[[0m^[[90mExpect (EQL STATUS 404) to be true.^[[0m
sbcl-bin	Run tests	2026-09-29T04:16:56.9693209Z     ^[[32m✓ ^[[0m^[[90mExpect (EQUAL BODY "Not Found") to be true.^[[0m
sbcl-bin	Run tests	2026-09-29T04:16:57.4698206Z NOTICE: Running in debug mode. Debugger will be invoked on errors.
sbcl-bin	Run tests	2026-09-29T04:16:57.5707462Z   Specify ':debug nil' to turn it off on remote environments.  ^[[37mContent-Length 0 is not set Transfer-Encoding^[[0m
sbcl-bin	Run tests	2026-09-29T04:16:57.6312398Z     ^[[32m✓ ^[[0m^[[90mExpect (EQL STATUS 200) to be true.^[[0m
sbcl-bin	Run tests	2026-09-29T04:16:57.6313329Z     ^[[32m✓ ^[[0m^[[90mExpect (NULL (GET-HEADER HEADERS :CLIENT-TRANSFER-ENCODING)) to be true.^[[0m
sbcl-bin	Run tests	2026-09-29T04:16:57.6314100Z     ^[[32m✓ ^[[0m^[[90mExpect (EQUAL BODY "") to be true.^[[0m
sbcl-bin	Run tests	2026-09-29T04:16:58.1317289Z ^[[37menv-tests^[[0m
sbcl-bin	Run tests	2026-09-29T04:16:58.1318093Z NOTICE: Running in debug mode. Debugger will be invoked on errors.
sbcl-bin	Run tests	2026-09-29T04:16:58.2329021Z   Specify ':debug nil' to turn it off on remote environments.  ^[[37mSCRIPT-NAME^[[0m
sbcl-bin	Run tests	2026-09-29T04:16:58.2931616Z     ^[[32m✓ ^[[0m^[[90mExpect (MEMBER (DEXADOR:GET (LOCALHOST)) '(NIL "") :TEST #'EQUAL) to be true.^[[0m^[[33m (60ms)^[[0m
sbcl-bin	Run tests	2026-09-29T04:16:58.7937075Z NOTICE: Running in debug mode. Debugger will be invoked on errors.
sbcl-bin	Run tests	2026-09-29T04:16:58.8946672Z   Specify ':debug nil' to turn it off on remote environments.  ^[[37murl-scheme^[[0m
sbcl-bin	Run tests	2026-09-29T04:16:58.9552433Z     ^[[32m✓ ^[[0m^[[90mExpect (EQL STATUS 200) to be true.^[[0m
sbcl-bin	Run tests	2026-09-29T04:16:58.9553478Z     ^[[32m✓ ^[[0m^[[90mExpect (EQUAL (GET-HEADER HEADERS :CONTENT-TYPE) "text/plain; charset=utf-8") to be true.^[[0m
sbcl-bin	Run tests	2026-09-29T04:16:58.9554360Z     ^[[32m✓ ^[[0m^[[90mExpect (EQUAL BODY "http") to be true.^[[0m
sbcl-bin	Run tests	2026-09-29T04:16:59.4558046Z NOTICE: Running in debug mode. Debugger will be invoked on errors.
sbcl-bin	Run tests	2026-09-29T04:16:59.5567050Z   Specify ':debug nil' to turn it off on remote environments.  ^[[37mhandle HTTP-Header^[[0m
sbcl-bin	Run tests	2026-09-29T04:16:59.6171508Z     ^[[32m✓ ^[[0m^[[90mExpect (EQL STATUS 200) to be true.^[[0m
sbcl-bin	Run tests	2026-09-29T04:16:59.6172580Z     ^[[32m✓ ^[[0m^[[90mExpect (EQUAL (GET-HEADER HEADERS :CONTENT-TYPE) "text/plain; charset=utf-8") to be true.^[[0m
sbcl-bin	Run tests	2026-09-29T04:16:59.6173481Z     ^[[32m✓ ^[[0m^[[90mExpect (EQUAL BODY "Bar") to be true.^[[0m
sbcl-bin	Run tests	2026-09-29T04:17:00.1177608Z NOTICE: Running in debug mode. Debugger will be invoked on errors.
sbcl-bin	Run tests	2026-09-29T04:17:00.2187329Z   Specify ':debug nil' to turn it off on remote environments.  ^[[37mvalidate env^[[0m
sbcl-bin	Run tests	2026-09-29T04:17:00.2791030Z     ^[[32m✓ ^[[0m^[[90mExpect (EQL STATUS 200) to be true.^[[0m
sbcl-bin	Run tests	2026-09-29T04:17:00.2792101Z     ^[[32m✓ ^[[0m^[[90mExpect (EQUAL (GET-HEADER HEADERS :CONTENT-TYPE) "text/plain; charset=utf-8") to be true.^[[0m
sbcl-bin	Run tests	2026-09-29T04:17:00.2792667Z     ^[[32m✓ ^[[0m^[[90mExpect (EQUAL BODY
sbcl-bin	Run tests	2026-09-29T04:17:00.2792951Z                     (FORMAT NIL "~{~A~%~}"
sbcl-bin	Run tests	2026-09-29T04:17:00.2793365Z                             `("REQUEST-METHOD::GET" "PATH-INFO:\"/foo/\""
sbcl-bin	Run tests	2026-09-29T04:17:00.2793749Z                               "QUERY-STRING:\"ediweitz=weitzedi\""
sbcl-bin	Run tests	2026-09-29T04:17:00.2794077Z                               "SERVER-NAME:\"127.0.0.1\""
sbcl-bin	Run tests	2026-09-29T04:17:00.2794451Z                               ,(FORMAT NIL "SERVER-PORT:~D"
sbcl-bin	Run tests	2026-09-29T04:17:00.2794882Z                                        *CLACK-TEST-ACCESS-PORT*)))) to be true.^[[0m
sbcl-bin	Run tests	2026-09-29T04:17:00.7798837Z NOTICE: Running in debug mode. Debugger will be invoked on errors.
sbcl-bin	Run tests	2026-09-29T04:17:00.8808430Z   Specify ':debug nil' to turn it off on remote environments.  ^[[37mvalidate env (must be integer)^[[0m
sbcl-bin	Run tests	2026-09-29T04:17:00.9411585Z     ^[[32m✓ ^[[0m^[[90mExpect (EQL STATUS 200) to be true.^[[0m
sbcl-bin	Run tests	2026-09-29T04:17:00.9412761Z     ^[[32m✓ ^[[0m^[[90mExpect (EQUAL (GET-HEADER HEADERS :CONTENT-TYPE) "text/plain; charset=utf-8") to be true.^[[0m
sbcl-bin	Run tests	2026-09-29T04:17:00.9413628Z     ^[[32m✓ ^[[0m^[[90mExpect (EQUAL BODY
sbcl-bin	Run tests	2026-09-29T04:17:00.9414083Z                     (FORMAT NIL "~{~{~A:~A~%~}~}"
sbcl-bin	Run tests	2026-09-29T04:17:00.9414864Z                             `((:SERVER-PORT T) (:REMOTE-PORT T) (:CONTENT-LENGTH T)))) to be true.^[[0m
sbcl-bin	Run tests	2026-09-29T04:17:01.4418240Z NOTICE: Running in debug mode. Debugger will be invoked on errors.
sbcl-bin	Run tests	2026-09-29T04:17:01.5428334Z   Specify ':debug nil' to turn it off on remote environments.  ^[[37m% encoding in PATH-INFO^[[0m
sbcl-bin	Run tests	2026-09-29T04:17:01.6032370Z     ^[[32m✓ ^[[0m^[[90mExpect (EQUAL (DEXADOR:GET (LOCALHOST "/foo/bar%2cbaz")) "/foo/bar,baz") to be true.^[[0m^[[33m (60ms)^[[0m
sbcl-bin	Run tests	2026-09-29T04:17:02.1037874Z NOTICE: Running in debug mode. Debugger will be invoked on errors.
sbcl-bin	Run tests	2026-09-29T04:17:02.2048486Z   Specify ':debug nil' to turn it off on remote environments.  ^[[37m% double encoding in PATH-INFO^[[0m
sbcl-bin	Run tests	2026-09-29T04:17:02.2651688Z     ^[[32m✓ ^[[0m^[[90mExpect (EQUAL (DEXADOR:GET (LOCALHOST "/foo/bar%252cbaz")) "/foo/bar%2cbaz") to be true.^[[0m^[[33m (60ms)^[[0m
sbcl-bin	Run tests	2026-09-29T04:17:02.7657356Z NOTICE: Running in debug mode. Debugger will be invoked on errors.
sbcl-bin	Run tests	2026-09-29T04:17:02.8667909Z   Specify ':debug nil' to turn it off on remote environments.  ^[[37m% encoding in PATH-INFO (outside of URI characters)^[[0m
sbcl-bin	Run tests	2026-09-29T04:17:02.9274446Z     ^[[32m✓ ^[[0m^[[90mExpect (EQUAL (DEXADOR:GET (LOCALHOST "/foo%E3%81%82"))
sbcl-bin	Run tests	2026-09-29T04:17:02.9275455Z                     (FORMAT NIL "/foo~A"
sbcl-bin	Run tests	2026-09-29T04:17:02.9275816Z                             (OCTETS-TO-STRING #(227 129 130) :EXTERNAL-FORMAT
sbcl-bin	Run tests	2026-09-29T04:17:02.9276296Z                                               :UTF-8))) to be true.^[[0m^[[33m (60ms)^[[0m
sbcl-bin	Run tests	2026-09-29T04:17:03.4279392Z NOTICE: Running in debug mode. Debugger will be invoked on errors.
sbcl-bin	Run tests	2026-09-29T04:17:03.5290029Z   Specify ':debug nil' to turn it off on remote environments.  ^[[37mInvalid UTF-8 encoded PATH-INFO^[[0m
sbcl-bin	Run tests	2026-09-29T04:17:03.5903603Z     ^[[32m✓ ^[[0m^[[90mExpect (SCAN (FORMAT NIL "/あ~A" #\REPLACEMENT_CHARACTER)
sbcl-bin	Run tests	2026-09-29T04:17:03.5904364Z                    (DEXADOR:GET (LOCALHOST "/%E3%81%82%BF%27%22%28"))) to be true.^[[0m^[[33m (61ms)^[[0m
sbcl-bin	Run tests	2026-09-29T04:17:04.0908390Z NOTICE: Running in debug mode. Debugger will be invoked on errors.
sbcl-bin	Run tests	2026-09-29T04:17:04.1919141Z   Specify ':debug nil' to turn it off on remote environments.  ^[[37mSERVER-PROTOCOL is required^[[0m
sbcl-bin	Run tests	2026-09-29T04:17:04.2522117Z     ^[[32m✓ ^[[0m^[[90mExpect (EQL STATUS 200) to be true.^[[0m
sbcl-bin	Run tests	2026-09-29T04:17:04.2522903Z     ^[[32m✓ ^[[0m^[[90mExpect (EQUAL (GET-HEADER HEADERS :CONTENT-TYPE) "text/plain; charset=utf-8") to be true.^[[0m
sbcl-bin	Run tests	2026-09-29T04:17:04.2523567Z     ^[[32m✓ ^[[0m^[[90mExpect (SCAN "^:HTTP/1\\.[01]$" BODY) to be true.^[[0m
sbcl-bin	Run tests	2026-09-29T04:17:04.7529616Z NOTICE: Running in debug mode. Debugger will be invoked on errors.
sbcl-bin	Run tests	2026-09-29T04:17:04.8539410Z   Specify ':debug nil' to turn it off on remote environments.  ^[[37mSCRIPT-NAME should not be nil^[[0m
sbcl-bin	Run tests	2026-09-29T04:17:04.9142715Z     ^[[32m✓ ^[[0m^[[90mExpect (EQUAL (DEXADOR:GET (LOCALHOST "/foo/?ediweitz=weitzedi")) (STRING T)) to be true.^[[0m^[[33m (60ms)^[[0m
sbcl-bin	Run tests	2026-09-29T04:17:05.4148427Z NOTICE: Running in debug mode. Debugger will be invoked on errors.
sbcl-bin	Run tests	2026-09-29T04:17:05.5158472Z   Specify ':debug nil' to turn it off on remote environments.  ^[[37mDo not set COOKIE^[[0m
sbcl-bin	Run tests	2026-09-29T04:17:05.5763067Z     ^[[32m✓ ^[[0m^[[90mExpect (EQL STATUS 200) to be true.^[[0m
sbcl-bin	Run tests	2026-09-29T04:17:05.5763946Z     ^[[32m✓ ^[[0m^[[90mExpect (NULL (GET-HEADER HEADERS :X-COOKIE)) to be true.^[[0m
sbcl-bin	Run tests	2026-09-29T04:17:05.5764667Z     ^[[32m✓ ^[[0m^[[90mExpect (EQUAL BODY "foo=bar") to be true.^[[0m
sbcl-bin	Run tests	2026-09-29T04:17:06.0768534Z NOTICE: Running in debug mode. Debugger will be invoked on errors.
sbcl-bin	Run tests	2026-09-29T04:17:06.1778434Z   Specify ':debug nil' to turn it off on remote environments.  ^[[37mREQUEST-URI is set^[[0m
sbcl-bin	Run tests	2026-09-29T04:17:06.2382557Z     ^[[32m✓ ^[[0m^[[90mExpect (EQUAL (DEXADOR:GET (LOCALHOST "/foo/bar%20baz%73?x=a"))
sbcl-bin	Run tests	2026-09-29T04:17:06.2383459Z                     "/foo/bar%20baz%73?x=a") to be true.^[[0m^[[33m (60ms)^[[0m
sbcl-bin	Run tests	2026-09-29T04:17:06.7388151Z ^[[37mrequest-tests^[[0m
sbcl-bin	Run tests	2026-09-29T04:17:06.7388805Z NOTICE: Running in debug mode. Debugger will be invoked on errors.
sbcl-bin	Run tests	2026-09-29T04:17:06.8397997Z   Specify ':debug nil' to turn it off on remote environments.  ^[[37mGET^[[0m
sbcl-bin	Run tests	2026-09-29T04:17:06.9003564Z     ^[[32m✓ ^[[0m^[[90mExpect (EQL STATUS 200) to be true.^[[0m
sbcl-bin	Run tests	2026-09-29T04:17:06.9004663Z     ^[[32m✓ ^[[0m^[[90mExpect (EQUAL (GET-HEADER HEADERS :CONTENT-TYPE) "text/plain; charset=utf-8") to be true.^[[0m
sbcl-bin	Run tests	2026-09-29T04:17:06.9006199Z     ^[[32m✓ ^[[0m^[[90mExpect (EQUAL BODY "Hello, name=fukamachi") to be true.^[[0m
sbcl-bin	Run tests	2026-09-29T04:17:07.4009763Z NOTICE: Running in debug mode. Debugger will be invoked on errors.
sbcl-bin	Run tests	2026-09-29T04:17:07.5019694Z   Specify ':debug nil' to turn it off on remote environments.  ^[[37mPOST^[[0m
sbcl-bin	Run tests	2026-09-29T04:17:07.5622379Z     ^[[32m✓ ^[[0m^[[90mExpect (EQL STATUS 200) to be true.^[[0m
sbcl-bin	Run tests	2026-09-29T04:17:07.5623314Z     ^[[32m✓ ^[[0m^[[90mExpect (EQUAL (GET-HEADER HEADERS :CLIENT-CONTENT-LENGTH) "11") to be true.^[[0m
sbcl-bin	Run tests	2026-09-29T04:17:07.5624187Z     ^[[32m✓ ^[[0m^[[90mExpect (EQUAL (GET-HEADER HEADERS :CLIENT-CONTENT-TYPE)
sbcl-bin	Run tests	2026-09-29T04:17:07.5624929Z                     "application/x-www-form-urlencoded") to be true.^[[0m
sbcl-bin	Run tests	2026-09-29T04:17:07.5625630Z     ^[[32m✓ ^[[0m^[[90mExpect (EQUAL BODY "Hello, name=eitaro") to be true.^[[0m
sbcl-bin	Run tests	2026-09-29T04:17:08.0628444Z NOTICE: Running in debug mode. Debugger will be invoked on errors.
sbcl-bin	Run tests	2026-09-29T04:17:08.1638562Z   Specify ':debug nil' to turn it off on remote environments.  ^[[37mbig POST^[[0m
sbcl-bin	Run tests	2026-09-29T04:17:08.2318883Z     ^[[32m✓ ^[[0m^[[90mExpect (EQL STATUS 200) to be true.^[[0m
sbcl-bin	Run tests	2026-09-29T04:17:08.2319673Z     ^[[32m✓ ^[[0m^[[90mExpect (EQUAL (GET-HEADER HEADERS :CLIENT-CONTENT-LENGTH) (PRINC-TO-STRING LEN)) to be true.^[[0m
sbcl-bin	Run tests	2026-09-29T04:17:08.2320329Z     ^[[32m✓ ^[[0m^[[90mExpect (EQUAL (LENGTH BODY) LEN) to be true.^[[0m
sbcl-bin	Run tests	2026-09-29T04:17:08.7325187Z NOTICE: Running in debug mode. Debugger will be invoked on errors.
sbcl-bin	Run tests	2026-09-29T04:17:08.8335282Z   Specify ':debug nil' to turn it off on remote environments.  ^[[37mbig POST (chunked)^[[0m
sbcl-bin	Run tests	2026-09-29T04:17:08.9031875Z     ^[[32m✓ ^[[0m^[[90mExpect (EQL STATUS 200) to be true.^[[0m
sbcl-bin	Run tests	2026-09-29T04:17:08.9032703Z     ^[[32m✓ ^[[0m^[[90mExpect (NULL (GET-HEADER HEADERS :CLIENT-CONTENT-LENGTH)) to be true.^[[0m
sbcl-bin	Run tests	2026-09-29T04:17:08.9033286Z     ^[[32m✓ ^[[0m^[[90mExpect (EQUAL (LENGTH BODY) LEN) to be true.^[[0m
sbcl-bin	Run tests	2026-09-29T04:17:09.4037883Z NOTICE: Running in debug mode. Debugger will be invoked on errors.
sbcl-bin	Run tests	2026-09-29T04:17:09.5048513Z   Specify ':debug nil' to turn it off on remote environments.  ^[[37mmulti headers (request)^[[0m
sbcl-bin	Run tests	2026-09-29T04:17:09.5663279Z     ^[[32m✓ ^[[0m^[[90mExpect (SCAN "^bar,\\s*baz$"
sbcl-bin	Run tests	2026-09-29T04:17:09.5663748Z                    (DEXADOR:GET (LOCALHOST) :HEADERS
sbcl-bin	Run tests	2026-09-29T04:17:09.5664235Z                                 '(("Foo" . "bar") ("Foo" . "baz")))) to be true.^[[0m^[[33m (61ms)^[[0m
sbcl-bin	Run tests	2026-09-29T04:17:10.0669621Z NOTICE: Running in debug mode. Debugger will be invoked on errors.
sbcl-bin	Run tests	2026-09-29T04:17:10.1680014Z   Specify ':debug nil' to turn it off on remote environments.  ^[[37ma big header value > 128 bytes^[[0m
sbcl-bin	Run tests	2026-09-29T04:17:10.2388703Z     ^[[32m✓ ^[[0m^[[90mExpect (EQL STATUS 200) to be true.^[[0m
sbcl-bin	Run tests	2026-09-29T04:17:10.2389353Z     ^[[32m✓ ^[[0m^[[90mExpect (EQUAL BODY CHUNK) to be true.^[[0m
sbcl-bin	Run tests	2026-09-29T04:17:10.7395126Z NOTICE: Running in debug mode. Debugger will be invoked on errors.
sbcl-bin	Run tests	2026-09-29T04:17:10.8404702Z   Specify ':debug nil' to turn it off on remote environments.  ^[[37mrequest -> input seekable^[[0m
sbcl-bin	Run tests	2026-09-29T04:17:10.9013277Z     ^[[32m✓ ^[[0m^[[90mExpect (EQUAL (DEXADOR:POST (LOCALHOST) :CONTENT "body") "body") to be true.^[[0m^[[33m (61ms)^[[0m
sbcl-bin	Run tests	2026-09-29T04:17:11.4018318Z NOTICE: Running in debug mode. Debugger will be invoked on errors.
sbcl-bin	Run tests	2026-09-29T04:17:11.5028580Z   Specify ':debug nil' to turn it off on remote environments.  ^[[37mhandle Authorization header^[[0m
sbcl-bin	Run tests	2026-09-29T04:17:11.5642491Z     ^[[32m✓ ^[[0m^[[90mExpect (EQL STATUS 200) to be true.^[[0m
sbcl-bin	Run tests	2026-09-29T04:17:11.5643447Z     ^[[32m✓ ^[[0m^[[90mExpect (EQUAL (GET-HEADER HEADERS :X-AUTHORIZATION) (STRING T)) to be true.^[[0m
sbcl-bin	Run tests	2026-09-29T04:17:11.5644277Z     ^[[32m✓ ^[[0m^[[90mExpect (EQUAL BODY "Basic XXXX") to be true.^[[0m
sbcl-bin	Run tests	2026-09-29T04:17:11.6241661Z     ^[[32m✓ ^[[0m^[[90mExpect (EQL STATUS 200) to be true.^[[0m
sbcl-bin	Run tests	2026-09-29T04:17:11.6242440Z     ^[[32m✓ ^[[0m^[[90mExpect (NULL (GET-HEADER HEADERS :X-AUTHORIZATION)) to be true.^[[0m
sbcl-bin	Run tests	2026-09-29T04:17:11.6243069Z     ^[[32m✓ ^[[0m^[[90mExpect (MEMBER BODY '(NIL "") :TEST #'EQUAL) to be true.^[[0m
sbcl-bin	Run tests	2026-09-29T04:17:12.1247884Z NOTICE: Running in debug mode. Debugger will be invoked on errors.
sbcl-bin	Run tests	2026-09-29T04:17:12.2258433Z   Specify ':debug nil' to turn it off on remote environments.  ^[[37mrepeated slashes^[[0m
sbcl-bin	Run tests	2026-09-29T04:17:12.2861392Z     ^[[32m✓ ^[[0m^[[90mExpect (EQL STATUS 200) to be true.^[[0m
sbcl-bin	Run tests	2026-09-29T04:17:12.2862471Z     ^[[32m✓ ^[[0m^[[90mExpect (EQUAL (GET-HEADER HEADERS :CONTENT-TYPE) "text/plain; charset=utf-8") to be true.^[[0m
sbcl-bin	Run tests	2026-09-29T04:17:12.2863468Z     ^[[32m✓ ^[[0m^[[90mExpect (EQUAL BODY "/foo///bar/baz") to be true.^[[0m
sbcl-bin	Run tests	2026-09-29T04:17:12.7867895Z NOTICE: Running in debug mode. Debugger will be invoked on errors.
sbcl-bin	Run tests	2026-09-29T04:17:12.8877715Z   Specify ':debug nil' to turn it off on remote environments.  ^[[37mfile upload^[[0m
sbcl-bin	Run tests	2026-09-29T04:17:12.9078876Z     ^[[32m✓ ^[[0m^[[90mExpect (EQL STATUS 200) to be true.^[[0m
sbcl-bin	Run tests	2026-09-29T04:17:12.9079652Z     ^[[32m✓ ^[[0m^[[90mExpect (EQUAL BODY "This is a text for test.
sbcl-bin	Run tests	2026-09-29T04:17:12.9080701Z       ") to be true.^[[0m
sbcl-bin	Run tests	2026-09-29T04:17:13.4085310Z NOTICE: Running in debug mode. Debugger will be invoked on errors.
sbcl-bin	Run tests	2026-09-29T04:17:13.5095257Z   Specify ':debug nil' to turn it off on remote environments.  ^[[37mlarge file upload^[[0m
sbcl-bin	Run tests	2026-09-29T04:17:13.5378131Z     ^[[32m✓ ^[[0m^[[90mExpect (EQL STATUS 200) to be true.^[[0m
sbcl-bin	Run tests	2026-09-29T04:17:13.5378787Z     ^[[32m✓ ^[[0m^[[90mExpect (EQUAL BODY "ok") to be true.^[[0m
sbcl-bin	Run tests	2026-09-29T04:17:14.0382990Z NOTICE: Running in debug mode. Debugger will be invoked on errors.
sbcl-bin	Run tests	2026-09-29T04:17:14.1392332Z   Specify ':debug nil' to turn it off on remote environments.  ^[[37mstreaming^[[0m
sbcl-bin	Run tests	2026-09-29T04:17:17.1599711Z     ^[[32m✓ ^[[0m^[[90mExpect (EQL STATUS 200) to be true.^[[0m
sbcl-bin	Run tests	2026-09-29T04:17:17.1600614Z     ^[[32m✓ ^[[0m^[[90mExpect (EQUAL BODY (FORMAT NIL "0~%1~%2~%")) to be true.^[[0m
sbcl-bin	Run tests	2026-09-29T04:17:17.6603802Z ^[[37mdebug-tests^[[0m
sbcl-bin	Run tests	2026-09-29T04:17:17.7614817Z   ^[[37mDo not crash when the app dies^[[0m
sbcl-bin	Run tests	2026-09-29T04:17:17.7822594Z  <ERROR> [04:17:17] woo - #<FLEXI-STREAMS::VECTOR-INPUT-STREAM {120ECD82D3}> cannot be printed readably.
sbcl-bin	Run tests	2026-09-29T04:17:17.8221185Z     ^[[32m✓ ^[[0m^[[90m500 Internal Server Error^[[0m
sbcl-bin	Run tests	2026-09-29T04:17:18.3226019Z 
sbcl-bin	Run tests	2026-09-29T04:17:18.3227206Z ^[[32m✓ 4 tests completed^[[0m
sbcl-bin	Run tests	2026-09-29T04:17:18.3227466Z 
sbcl-bin	Run tests	2026-09-29T04:17:18.3227553Z Summary:
sbcl-bin	Run tests	2026-09-29T04:17:18.3227774Z   All 4 tests passed.
sbcl-bin	Run tests	2026-09-29T04:17:18.3228094Z ^[[37mgraceful-stop-by-server-thread^[[0m
sbcl-bin	Run tests	2026-09-29T04:17:18.3233555Z 
sbcl-bin	Run tests	2026-09-29T04:17:18.3236231Z debugger invoked on a WOO.EV.CONDITION:OS-ERROR in thread #<THREAD tid=5835 "woo-graceful-stop-test" RUNNING {120ECBF873}>: Cannot bind fd to the address "127.0.0.1" (Code: 98)
sbcl-bin	Run tests	2026-09-29T04:17:18.3237096Z 
sbcl-bin	Run tests	2026-09-29T04:17:18.3237234Z The current thread is not at the foreground,
sbcl-bin	Run tests	2026-09-29T04:17:18.3237766Z SB-THREAD:RELEASE-FOREGROUND has to be called in #<SB-THREAD:THREAD tid=5238 "main thread" RUNNING {1200C98003}>
sbcl-bin	Run tests	2026-09-29T04:17:18.3238293Z for this thread to enter the debugger.
sbcl-bin	Run tests	2026-09-29T04:17:23.3740975Z   ^[[31m× ^[[0m^[[31m0) the running server is addressable by its thread^[[0m
sbcl-bin	Run tests	2026-09-29T04:17:23.3785556Z   ^[[31m× ^[[0m^[[31m1) Raise an error while testing.^[[0m
sbcl-bin	Run tests	2026-09-29T04:17:23.3801050Z ^[[37mgraceful-stop-closes-worker-sockets^[[0m
sbcl-bin	Run tests	2026-09-29T04:17:23.5824232Z   ^[[32m✓ ^[[0m^[[90mclustered server registers a graceful stop control^[[0m
sbcl-bin	Run tests	2026-09-29T04:17:23.6840222Z   ^[[32m✓ ^[[0m^[[90mclustered stop request is accepted^[[0m
sbcl-bin	Run tests	2026-09-29T04:17:23.7849343Z   ^[[32m✓ ^[[0m^[[90mclustered server exits within twelve seconds^[[0m
sbcl-bin	Run tests	2026-09-29T04:17:23.7850374Z   ^[[32m✓ ^[[0m^[[90man accepted worker socket closes on stop^[[0m
sbcl-bin	Run tests	2026-09-29T04:17:23.7851063Z   ^[[32m✓ ^[[0m^[[90man accepted worker socket closes on stop^[[0m
sbcl-bin	Run tests	2026-09-29T04:17:23.7851725Z   ^[[32m✓ ^[[0m^[[90man accepted worker socket closes on stop^[[0m
sbcl-bin	Run tests	2026-09-29T04:17:23.7857937Z   ^[[32m✓ ^[[0m^[[90man accepted worker socket closes on stop^[[0m
sbcl-bin	Run tests	2026-09-29T04:17:23.7858676Z   ^[[32m✓ ^[[0m^[[90man accepted worker socket closes on stop^[[0m
sbcl-bin	Run tests	2026-09-29T04:17:23.7859120Z   ^[[32m✓ ^[[0m^[[90man accepted worker socket closes on stop^[[0m
sbcl-bin	Run tests	2026-09-29T04:17:23.7859974Z   ^[[32m✓ ^[[0m^[[90man accepted worker socket closes on stop^[[0m
sbcl-bin	Run tests	2026-09-29T04:17:23.7860371Z   ^[[32m✓ ^[[0m^[[90man accepted worker socket closes on stop^[[0m
sbcl-bin	Run tests	2026-09-29T04:17:23.7860774Z   ^[[32m✓ ^[[0m^[[90man accepted worker socket closes on stop^[[0m
sbcl-bin	Run tests	2026-09-29T04:17:23.7861204Z   ^[[32m✓ ^[[0m^[[90man accepted worker socket closes on stop^[[0m
sbcl-bin	Run tests	2026-09-29T04:17:23.7861608Z   ^[[32m✓ ^[[0m^[[90man accepted worker socket closes on stop^[[0m
sbcl-bin	Run tests	2026-09-29T04:17:23.7861998Z   ^[[32m✓ ^[[0m^[[90man accepted worker socket closes on stop^[[0m
sbcl-bin	Run tests	2026-09-29T04:17:23.7862388Z ^[[37mevent-loop-backend-descriptors-close^[[0m
sbcl-bin	Run tests	2026-09-29T04:17:23.7979292Z   ^[[32m✓ ^[[0m^[[90mdescriptors before=79 after=79^[[0m
sbcl-bin	Run tests	2026-09-29T04:17:23.7996244Z 
sbcl-bin	Run tests	2026-09-29T04:17:23.7996407Z ;; testing 'woo-test.ipv6'
sbcl-bin	Run tests	2026-09-29T04:17:23.7997258Z ^[[37mipv6-tests^[[0m
sbcl-bin	Run tests	2026-09-29T04:17:23.7999097Z NOTICE: Running in debug mode. Debugger will be invoked on errors.
sbcl-bin	Run tests	2026-09-29T04:17:23.9010555Z   Specify ':debug nil' to turn it off on remote environments.  ^[[37mIPv6^[[0m
sbcl-bin	Run tests	2026-09-29T04:17:23.9460311Z     ^[[32m✓ ^[[0m^[[90mExpect (EQL STATUS 200) to be true.^[[0m
sbcl-bin	Run tests	2026-09-29T04:17:23.9461192Z     ^[[32m✓ ^[[0m^[[90mExpect (EQUAL BODY "HelloWorld") to be true.^[[0m
sbcl-bin	Run tests	2026-09-29T04:17:24.4464608Z 
sbcl-bin	Run tests	2026-09-29T04:17:24.4465300Z ;; testing 'woo-test.file-size'
sbcl-bin	Run tests	2026-09-29T04:17:24.4466161Z ^[[37mfd-file-size-single-threaded-tests^[[0m
sbcl-bin	Run tests	2026-09-29T04:17:24.4467030Z   ^[[37mreports the true size of the file behind the fd^[[0m
sbcl-bin	Run tests	2026-09-29T04:17:24.4469160Z     ^[[32m✓ ^[[0m^[[90mExpect (= (WOO::FD-FILE-SIZE FD) *SMALL-SIZE*) to be true.^[[0m
sbcl-bin	Run tests	2026-09-29T04:17:24.4469933Z ^[[37mfd-file-size-concurrency-tests^[[0m
sbcl-bin	Run tests	2026-09-29T04:17:24.4470581Z   ^[[37mconcurrent callers each get their own file's size^[[0m
sbcl-bin	Run tests	2026-09-29T04:17:24.4765069Z     ^[[32m✓ ^[[0m^[[90m0/80000 concurrent fd-file-size calls returned another file's size^[[0m
sbcl-bin	Run tests	2026-09-29T04:17:24.4766244Z ^[[37mfd-file-size-closed-descriptor-tests^[[0m
sbcl-bin	Run tests	2026-09-29T04:17:24.4767155Z   ^[[37ma closed descriptor fails instead of returning stale metadata^[[0m
sbcl-bin	Run tests	2026-09-29T04:17:24.4768598Z     ^[[32m✓ ^[[0m^[[90mExpect (WOO::FD-FILE-SIZE FD) to signal ERROR.^[[0m
sbcl-bin	Run tests	2026-09-29T04:17:24.4769164Z 
sbcl-bin	Run tests	2026-09-29T04:17:24.4769445Z ;; testing 'woo-test.worker'
sbcl-bin	Run tests	2026-09-29T04:17:24.4770027Z ^[[37mlegacy-worker-random-bindings-are-private^[[0m
sbcl-bin	Run tests	2026-09-29T04:17:24.4770721Z   ^[[37mactual legacy workers receive distinct random states^[[0m
sbcl-bin	Run tests	2026-09-29T04:17:24.6782510Z     ^[[32m✓ ^[[0m^[[90mExpect (BT2:WAIT-ON-SEMAPHORE DONE :TIMEOUT 5) to be true.^[[0m
sbcl-bin	Run tests	2026-09-29T04:17:24.6783269Z     ^[[32m✓ ^[[0m^[[90mExpect (BT2:WAIT-ON-SEMAPHORE DONE :TIMEOUT 5) to be true.^[[0m
sbcl-bin	Run tests	2026-09-29T04:17:24.6783887Z     ^[[32m✓ ^[[0m^[[90mExpect (= 2 (LENGTH (REMOVE-DUPLICATES STATES :TEST #'EQ))) to be true.^[[0m
sbcl-bin	Run tests	2026-09-29T04:17:24.6784518Z     ^[[32m✓ ^[[0m^[[90mExpect (MEMBER *RANDOM-STATE* STATES :TEST #'EQ) to be false.^[[0m
sbcl-bin	Run tests	2026-09-29T04:17:24.7782927Z 
sbcl-bin	Run tests	2026-09-29T04:17:24.7783763Z ;; testing 'woo-test.response'
sbcl-bin	Run tests	2026-09-29T04:17:24.7784535Z ^[[37mstatus-code-to-text-tests^[[0m
sbcl-bin	Run tests	2026-09-29T04:17:24.7785113Z   ^[[37mreturns the reason phrase for known codes^[[0m
sbcl-bin	Run tests	2026-09-29T04:17:24.7785673Z     ^[[32m✓ ^[[0m^[[90mExpect (EQUAL (REASON-PHRASE 200) "OK") to be true.^[[0m
sbcl-bin	Run tests	2026-09-29T04:17:24.7786418Z     ^[[32m✓ ^[[0m^[[90mExpect (EQUAL (REASON-PHRASE 404) "Not Found") to be true.^[[0m
sbcl-bin	Run tests	2026-09-29T04:17:24.7787552Z     ^[[32m✓ ^[[0m^[[90mExpect (EQUAL (REASON-PHRASE 500) "Internal Server Error") to be true.^[[0m
sbcl-bin	Run tests	2026-09-29T04:17:24.7788237Z   ^[[37mreturns NIL for unassigned codes^[[0m
sbcl-bin	Run tests	2026-09-29T04:17:24.7788656Z     ^[[32m✓ ^[[0m^[[90mExpect (NULL (REASON-PHRASE 306)) to be true.^[[0m
sbcl-bin	Run tests	2026-09-29T04:17:24.7789104Z     ^[[32m✓ ^[[0m^[[90mExpect (NULL (REASON-PHRASE 419)) to be true.^[[0m
sbcl-bin	Run tests	2026-09-29T04:17:24.7789530Z     ^[[32m✓ ^[[0m^[[90mExpect (NULL (REASON-PHRASE 499)) to be true.^[[0m
sbcl-bin	Run tests	2026-09-29T04:17:24.7789948Z     ^[[32m✓ ^[[0m^[[90mExpect (NULL (REASON-PHRASE 599)) to be true.^[[0m
sbcl-bin	Run tests	2026-09-29T04:17:24.7790379Z   ^[[37mreturns NIL outside the HTTP status range^[[0m
sbcl-bin	Run tests	2026-09-29T04:17:24.7790803Z     ^[[32m✓ ^[[0m^[[90mExpect (NULL (REASON-PHRASE 99)) to be true.^[[0m
sbcl-bin	Run tests	2026-09-29T04:17:24.7798100Z     ^[[32m✓ ^[[0m^[[90mExpect (NULL (REASON-PHRASE 600)) to be true.^[[0m
sbcl-bin	Run tests	2026-09-29T04:17:24.7798752Z ^[[37mstatus-line-format-tests^[[0m
sbcl-bin	Run tests	2026-09-29T04:17:24.7799220Z   ^[[37ma status line is HTTP/1.1 SP code SP reason CRLF^[[0m
sbcl-bin	Run tests	2026-09-29T04:17:24.7799660Z     ^[[32m✓ ^[[0m^[[90mExpect (EQUAL (STATUS-LINE-STRING 200)
sbcl-bin	Run tests	2026-09-29T04:17:24.7800189Z                     (FORMAT NIL "HTTP/1.1 200 OK~C~C" #\Return #\Newline)) to be true.^[[0m
sbcl-bin	Run tests	2026-09-29T04:17:24.7800672Z     ^[[32m✓ ^[[0m^[[90mExpect (EQUAL (STATUS-LINE-STRING 404)
sbcl-bin	Run tests	2026-09-29T04:17:24.7801167Z                     (FORMAT NIL "HTTP/1.1 404 Not Found~C~C" #\Return #\Newline)) to be true.^[[0m
sbcl-bin	Run tests	2026-09-29T04:17:24.7801676Z   ^[[37mevery registered status line is well formed^[[0m
sbcl-bin	Run tests	2026-09-29T04:17:24.7802063Z     ^[[32m✓ ^[[0m^[[90mmalformed status lines for: NIL^[[0m
sbcl-bin	Run tests	2026-09-29T04:17:24.7802444Z   ^[[37mstatus lines are octet vectors, not strings^[[0m
sbcl-bin	Run tests	2026-09-29T04:17:24.7802823Z     ^[[32m✓ ^[[0m^[[90mnon-octet status lines for: NIL^[[0m
sbcl-bin	Run tests	2026-09-29T04:17:24.7803447Z ^[[37mstatus-line-table-consistency-tests^[[0m
sbcl-bin	Run tests	2026-09-29T04:17:24.7803922Z   ^[[37mevery code with a reason phrase is registered in *status-line*^[[0m
sbcl-bin	Run tests	2026-09-29T04:17:24.7804430Z     ^[[32m✓ ^[[0m^[[90mcodes with a reason phrase but no status line: NIL^[[0m
sbcl-bin	Run tests	2026-09-29T04:17:24.7804884Z   ^[[37mevery registered code has a reason phrase^[[0m
sbcl-bin	Run tests	2026-09-29T04:17:24.7805299Z     ^[[32m✓ ^[[0m^[[90mregistered codes with no reason phrase: NIL^[[0m
sbcl-bin	Run tests	2026-09-29T04:17:24.7805753Z   ^[[37mno reason phrase exists beyond the loop's upper bound^[[0m
sbcl-bin	Run tests	2026-09-29T04:17:24.7806194Z     ^[[32m✓ ^[[0m^[[90mreason phrases outside the built range: NIL^[[0m
sbcl-bin	Run tests	2026-09-29T04:17:24.7806568Z ^[[37mrfc-6585-and-8470-status-tests^[[0m
sbcl-bin	Run tests	2026-09-29T04:17:24.7807139Z   ^[[37mRFC 6585 codes are present^[[0m
sbcl-bin	Run tests	2026-09-29T04:17:24.7807607Z     ^[[32m✓ ^[[0m^[[90mExpect (EQUAL (REASON-PHRASE 429) "Too Many Requests") to be true.^[[0m
sbcl-bin	Run tests	2026-09-29T04:17:24.7808250Z     ^[[32m✓ ^[[0m^[[90mExpect (EQUAL (REASON-PHRASE 428) "Precondition Required") to be true.^[[0m
sbcl-bin	Run tests	2026-09-29T04:17:24.7808960Z     ^[[32m✓ ^[[0m^[[90mExpect (EQUAL (REASON-PHRASE 431) "Request Header Fields Too Large") to be true.^[[0m
sbcl-bin	Run tests	2026-09-29T04:17:24.7809636Z     ^[[32m✓ ^[[0m^[[90mExpect (EQUAL (REASON-PHRASE 511) "Network Authentication Required") to be true.^[[0m
sbcl-bin	Run tests	2026-09-29T04:17:24.7810119Z   ^[[37mRFC 8470 425 Too Early is present^[[0m
sbcl-bin	Run tests	2026-09-29T04:17:24.7810555Z     ^[[32m✓ ^[[0m^[[90mExpect (EQUAL (REASON-PHRASE 425) "Too Early") to be true.^[[0m
sbcl-bin	Run tests	2026-09-29T04:17:24.7810994Z   ^[[37mthey render as complete status lines^[[0m
sbcl-bin	Run tests	2026-09-29T04:17:24.7811339Z     ^[[32m✓ ^[[0m^[[90m425 has a status line^[[0m
sbcl-bin	Run tests	2026-09-29T04:17:24.7811660Z     ^[[32m✓ ^[[0m^[[90m428 has a status line^[[0m
sbcl-bin	Run tests	2026-09-29T04:17:24.7811962Z     ^[[32m✓ ^[[0m^[[90m429 has a status line^[[0m
sbcl-bin	Run tests	2026-09-29T04:17:24.7812260Z     ^[[32m✓ ^[[0m^[[90m431 has a status line^[[0m
sbcl-bin	Run tests	2026-09-29T04:17:24.7812560Z     ^[[32m✓ ^[[0m^[[90m511 has a status line^[[0m
sbcl-bin	Run tests	2026-09-29T04:17:24.7812951Z   ^[[37m511 specifically, as it sits on the loop's upper bound^[[0m
sbcl-bin	Run tests	2026-09-29T04:17:24.7813410Z     ^[[32m✓ ^[[0m^[[90mExpect (EQUAL (STATUS-LINE-STRING 511)
sbcl-bin	Run tests	2026-09-29T04:17:24.7813816Z                     (FORMAT NIL "HTTP/1.1 511 Network Authentication Required~C~C"
sbcl-bin	Run tests	2026-09-29T04:17:24.7814259Z                             #\Return #\Newline)) to be true.^[[0m
sbcl-bin	Run tests	2026-09-29T04:17:24.7814617Z ^[[37mcommon-status-coverage-tests^[[0m
sbcl-bin	Run tests	2026-09-29T04:17:24.7815000Z   ^[[37mthe codes a typical app returns are all registered^[[0m
sbcl-bin	Run tests	2026-09-29T04:17:24.7815374Z     ^[[32m✓ ^[[0m^[[90m200 is registered^[[0m
sbcl-bin	Run tests	2026-09-29T04:17:24.7815682Z     ^[[32m✓ ^[[0m^[[90m201 is registered^[[0m
sbcl-bin	Run tests	2026-09-29T04:17:24.7815972Z     ^[[32m✓ ^[[0m^[[90m204 is registered^[[0m
sbcl-bin	Run tests	2026-09-29T04:17:24.7816262Z     ^[[32m✓ ^[[0m^[[90m206 is registered^[[0m
sbcl-bin	Run tests	2026-09-29T04:17:24.7816549Z     ^[[32m✓ ^[[0m^[[90m301 is registered^[[0m
sbcl-bin	Run tests	2026-09-29T04:17:24.7817137Z     ^[[32m✓ ^[[0m^[[90m302 is registered^[[0m
sbcl-bin	Run tests	2026-09-29T04:17:24.7817437Z     ^[[32m✓ ^[[0m^[[90m303 is registered^[[0m
sbcl-bin	Run tests	2026-09-29T04:17:24.7817726Z     ^[[32m✓ ^[[0m^[[90m304 is registered^[[0m
sbcl-bin	Run tests	2026-09-29T04:17:24.7818036Z     ^[[32m✓ ^[[0m^[[90m307 is registered^[[0m
sbcl-bin	Run tests	2026-09-29T04:17:24.7818489Z     ^[[32m✓ ^[[0m^[[90m308 is registered^[[0m
sbcl-bin	Run tests	2026-09-29T04:17:24.7818776Z     ^[[32m✓ ^[[0m^[[90m400 is registered^[[0m
sbcl-bin	Run tests	2026-09-29T04:17:24.7819064Z     ^[[32m✓ ^[[0m^[[90m401 is registered^[[0m
sbcl-bin	Run tests	2026-09-29T04:17:24.7819349Z     ^[[32m✓ ^[[0m^[[90m403 is registered^[[0m
sbcl-bin	Run tests	2026-09-29T04:17:24.7819636Z     ^[[32m✓ ^[[0m^[[90m404 is registered^[[0m
sbcl-bin	Run tests	2026-09-29T04:17:24.7819922Z     ^[[32m✓ ^[[0m^[[90m405 is registered^[[0m
sbcl-bin	Run tests	2026-09-29T04:17:24.7820208Z     ^[[32m✓ ^[[0m^[[90m409 is registered^[[0m
sbcl-bin	Run tests	2026-09-29T04:17:24.7820494Z     ^[[32m✓ ^[[0m^[[90m410 is registered^[[0m
sbcl-bin	Run tests	2026-09-29T04:17:24.7820780Z     ^[[32m✓ ^[[0m^[[90m413 is registered^[[0m
sbcl-bin	Run tests	2026-09-29T04:17:24.7821080Z     ^[[32m✓ ^[[0m^[[90m415 is registered^[[0m
sbcl-bin	Run tests	2026-09-29T04:17:24.7821375Z     ^[[32m✓ ^[[0m^[[90m422 is registered^[[0m
sbcl-bin	Run tests	2026-09-29T04:17:24.7821662Z     ^[[32m✓ ^[[0m^[[90m500 is registered^[[0m
sbcl-bin	Run tests	2026-09-29T04:17:24.7821953Z     ^[[32m✓ ^[[0m^[[90m501 is registered^[[0m
sbcl-bin	Run tests	2026-09-29T04:17:24.7822389Z     ^[[32m✓ ^[[0m^[[90m502 is registered^[[0m
sbcl-bin	Run tests	2026-09-29T04:17:24.7822691Z     ^[[32m✓ ^[[0m^[[90m503 is registered^[[0m
sbcl-bin	Run tests	2026-09-29T04:17:24.7822978Z     ^[[32m✓ ^[[0m^[[90m504 is registered^[[0m
sbcl-bin	Run tests	2026-09-29T04:17:24.7823279Z ^[[37mfinal-status-wire-range^[[0m
sbcl-bin	Run tests	2026-09-29T04:17:24.8802541Z   ^[[37mAll final HTTP statuses reach the wire^[[0m
sbcl-bin	Run tests	2026-09-29T04:17:24.9448231Z     ^[[32m✓ ^[[0m^[[90mbad final statuses: NIL^[[0m
sbcl-bin	Run tests	2026-09-29T04:17:25.4453164Z ^[[37mmalformed-response-is-contained^[[0m
sbcl-bin	Run tests	2026-09-29T04:17:25.5462857Z   ^[[37mMalformed response receives one 500^[[0m
sbcl-bin	Run tests	2026-09-29T04:17:25.5467597Z     ^[[32m✓ ^[[0m^[[90mExpect (UIOP/UTILITY:STRING-PREFIX-P "HTTP/1.1 500 " RESULT) to be true.^[[0m
sbcl-bin	Run tests	2026-09-29T04:17:25.5468595Z     ^[[32m✓ ^[[0m^[[90mExpect (SEARCH "HTTP/1.1 " RESULT :START2 1) to be false.^[[0m
sbcl-bin	Run tests	2026-09-29T04:17:26.1484236Z   ^[[37mMalformed response receives one 500^[[0m
sbcl-bin	Run tests	2026-09-29T04:17:26.1485824Z     ^[[32m✓ ^[[0m^[[90mExpect (UIOP/UTILITY:STRING-PREFIX-P "HTTP/1.1 500 " RESULT) to be true.^[[0m
sbcl-bin	Run tests	2026-09-29T04:17:26.1486587Z     ^[[32m✓ ^[[0m^[[90mExpect (SEARCH "HTTP/1.1 " RESULT :START2 1) to be false.^[[0m
sbcl-bin	Run tests	2026-09-29T04:17:26.7501648Z   ^[[37mMalformed response receives one 500^[[0m
sbcl-bin	Run tests	2026-09-29T04:17:26.7505756Z     ^[[32m✓ ^[[0m^[[90mExpect (UIOP/UTILITY:STRING-PREFIX-P "HTTP/1.1 500 " RESULT) to be true.^[[0m
sbcl-bin	Run tests	2026-09-29T04:17:26.7506463Z     ^[[32m✓ ^[[0m^[[90mExpect (SEARCH "HTTP/1.1 " RESULT :START2 1) to be false.^[[0m
sbcl-bin	Run tests	2026-09-29T04:17:27.3520924Z   ^[[37mMalformed response receives one 500^[[0m
sbcl-bin	Run tests	2026-09-29T04:17:27.3524155Z     ^[[32m✓ ^[[0m^[[90mExpect (UIOP/UTILITY:STRING-PREFIX-P "HTTP/1.1 500 " RESULT) to be true.^[[0m
sbcl-bin	Run tests	2026-09-29T04:17:27.3525098Z     ^[[32m✓ ^[[0m^[[90mExpect (SEARCH "HTTP/1.1 " RESULT :START2 1) to be false.^[[0m
sbcl-bin	Run tests	2026-09-29T04:17:27.9539351Z   ^[[37mMalformed response receives one 500^[[0m
sbcl-bin	Run tests	2026-09-29T04:17:27.9541952Z     ^[[32m✓ ^[[0m^[[90mExpect (UIOP/UTILITY:STRING-PREFIX-P "HTTP/1.1 500 " RESULT) to be true.^[[0m
sbcl-bin	Run tests	2026-09-29T04:17:27.9542734Z     ^[[32m✓ ^[[0m^[[90mExpect (SEARCH "HTTP/1.1 " RESULT :START2 1) to be false.^[[0m
sbcl-bin	Run tests	2026-09-29T04:17:28.5557001Z   ^[[37mMalformed response receives one 500^[[0m
sbcl-bin	Run tests	2026-09-29T04:17:28.5559963Z     ^[[32m✓ ^[[0m^[[90mExpect (UIOP/UTILITY:STRING-PREFIX-P "HTTP/1.1 500 " RESULT) to be true.^[[0m
sbcl-bin	Run tests	2026-09-29T04:17:28.5560885Z     ^[[32m✓ ^[[0m^[[90mExpect (SEARCH "HTTP/1.1 " RESULT :START2 1) to be false.^[[0m
sbcl-bin	Run tests	2026-09-29T04:17:29.1575146Z   ^[[37mMalformed response receives one 500^[[0m
sbcl-bin	Run tests	2026-09-29T04:17:29.1577625Z     ^[[32m✓ ^[[0m^[[90mExpect (UIOP/UTILITY:STRING-PREFIX-P "HTTP/1.1 500 " RESULT) to be true.^[[0m
sbcl-bin	Run tests	2026-09-29T04:17:29.1578457Z     ^[[32m✓ ^[[0m^[[90mExpect (SEARCH "HTTP/1.1 " RESULT :START2 1) to be false.^[[0m
sbcl-bin	Run tests	2026-09-29T04:17:29.7593050Z   ^[[37mMalformed response receives one 500^[[0m
sbcl-bin	Run tests	2026-09-29T04:17:29.7595399Z     ^[[32m✓ ^[[0m^[[90mExpect (UIOP/UTILITY:STRING-PREFIX-P "HTTP/1.1 500 " RESULT) to be true.^[[0m
sbcl-bin	Run tests	2026-09-29T04:17:29.7596184Z     ^[[32m✓ ^[[0m^[[90mExpect (SEARCH "HTTP/1.1 " RESULT :START2 1) to be false.^[[0m
sbcl-bin	Run tests	2026-09-29T04:17:30.3611293Z   ^[[37mMalformed response receives one 500^[[0m
sbcl-bin	Run tests	2026-09-29T04:17:30.3615259Z     ^[[32m✓ ^[[0m^[[90mExpect (UIOP/UTILITY:STRING-PREFIX-P "HTTP/1.1 500 " RESULT) to be true.^[[0m
sbcl-bin	Run tests	2026-09-29T04:17:30.3616969Z     ^[[32m✓ ^[[0m^[[90mExpect (SEARCH "HTTP/1.1 " RESULT :START2 1) to be false.^[[0m
sbcl-bin	Run tests	2026-09-29T04:17:30.9629336Z   ^[[37mMalformed response receives one 500^[[0m
sbcl-bin	Run tests	2026-09-29T04:17:30.9632860Z     ^[[32m✓ ^[[0m^[[90mExpect (UIOP/UTILITY:STRING-PREFIX-P "HTTP/1.1 500 " RESULT) to be true.^[[0m
sbcl-bin	Run tests	2026-09-29T04:17:30.9633958Z     ^[[32m✓ ^[[0m^[[90mExpect (SEARCH "HTTP/1.1 " RESULT :START2 1) to be false.^[[0m
sbcl-bin	Run tests	2026-09-29T04:17:31.5648035Z   ^[[37mMalformed response receives one 500^[[0m
sbcl-bin	Run tests	2026-09-29T04:17:31.5650366Z     ^[[32m✓ ^[[0m^[[90mExpect (UIOP/UTILITY:STRING-PREFIX-P "HTTP/1.1 500 " RESULT) to be true.^[[0m
sbcl-bin	Run tests	2026-09-29T04:17:31.5651180Z     ^[[32m✓ ^[[0m^[[90mExpect (SEARCH "HTTP/1.1 " RESULT :START2 1) to be false.^[[0m
sbcl-bin	Run tests	2026-09-29T04:17:32.1666026Z   ^[[37mMalformed response receives one 500^[[0m
sbcl-bin	Run tests	2026-09-29T04:17:32.1669206Z     ^[[32m✓ ^[[0m^[[90mExpect (UIOP/UTILITY:STRING-PREFIX-P "HTTP/1.1 500 " RESULT) to be true.^[[0m
sbcl-bin	Run tests	2026-09-29T04:17:32.1670759Z     ^[[32m✓ ^[[0m^[[90mExpect (SEARCH "HTTP/1.1 " RESULT :START2 1) to be false.^[[0m
sbcl-bin	Run tests	2026-09-29T04:17:32.6677184Z   ^[[32m✓ ^[[0m^[[90mExpect (EQUAL (WOO::VALIDATE-RESPONSE '(200 NIL "hello")) '(200 NIL ("hello"))) to be true.^[[0m
sbcl-bin	Run tests	2026-09-29T04:17:32.6678494Z   ^[[32m✓ ^[[0m^[[90mExpect (EQUAL (WOO::VALIDATE-RESPONSE '(200 NIL)) '(200 NIL)) to be true.^[[0m
sbcl-bin	Run tests	2026-09-29T04:17:32.6679302Z ^[[37mworker-random-bindings-are-private^[[0m
sbcl-bin	Run tests	2026-09-29T04:17:32.6679994Z   ^[[32m✓ ^[[0m^[[90mExpect A to be an instance of RANDOM-STATE.^[[0m
sbcl-bin	Run tests	2026-09-29T04:17:32.6680685Z   ^[[32m✓ ^[[0m^[[90mExpect B to be an instance of RANDOM-STATE.^[[0m
sbcl-bin	Run tests	2026-09-29T04:17:32.6684735Z   ^[[32m✓ ^[[0m^[[90mExpect (EQ A B) to be false.^[[0m
sbcl-bin	Run tests	2026-09-29T04:17:32.6685230Z   ^[[32m✓ ^[[0m^[[90mExpect (EQ A *RANDOM-STATE*) to be false.^[[0m
sbcl-bin	Run tests	2026-09-29T04:17:32.6685683Z   ^[[32m✓ ^[[0m^[[90mExpect (= (RANDOM 1000000 CALLER)
sbcl-bin	Run tests	2026-09-29T04:17:32.6686164Z               (RANDOM 1000000 (MAKE-RANDOM-STATE *RANDOM-STATE*))) to be true.^[[0m
sbcl-bin	Run tests	2026-09-29T04:17:32.6686633Z ^[[37mempty-status-framing^[[0m
sbcl-bin	Run tests	2026-09-29T04:17:32.7691406Z   ^[[37mBodyless statuses ignore application payload^[[0m
sbcl-bin	Run tests	2026-09-29T04:17:32.7693583Z     ^[[32m✓ ^[[0m^[[90mExpect (SEARCH "must-not-send" RESPONSE) to be false.^[[0m
sbcl-bin	Run tests	2026-09-29T04:17:32.7694416Z     ^[[32m✓ ^[[0m^[[90mExpect (SEARCH "Content-Length:" RESPONSE) to be false.^[[0m
sbcl-bin	Run tests	2026-09-29T04:17:33.3709122Z   ^[[37mBodyless statuses ignore application payload^[[0m
sbcl-bin	Run tests	2026-09-29T04:17:33.3712742Z     ^[[32m✓ ^[[0m^[[90mExpect (SEARCH "must-not-send" RESPONSE) to be false.^[[0m
sbcl-bin	Run tests	2026-09-29T04:17:33.3713697Z     ^[[32m✓ ^[[0m^[[90mExpect (SEARCH "Content-Length: 0" RESPONSE) to be true.^[[0m
sbcl-bin	Run tests	2026-09-29T04:17:33.9728280Z   ^[[37mBodyless statuses ignore application payload^[[0m
sbcl-bin	Run tests	2026-09-29T04:17:33.9730641Z     ^[[32m✓ ^[[0m^[[90mExpect (SEARCH "must-not-send" RESPONSE) to be false.^[[0m
sbcl-bin	Run tests	2026-09-29T04:17:34.4737324Z ^[[37mresponse-framing-and-header-storage^[[0m
sbcl-bin	Run tests	2026-09-29T04:17:34.4738507Z   ^[[32m✓ ^[[0m^[[90mExpect (EQUAL (WOO::VALIDATE-RESPONSE '(200 (:CONTENT-LENGTH 2) ("λ")))
sbcl-bin	Run tests	2026-09-29T04:17:34.4739166Z                   '(200 (:CONTENT-LENGTH 2) ("λ"))) to be true.^[[0m
sbcl-bin	Run tests	2026-09-29T04:17:34.4739722Z   ^[[32m✓ ^[[0m^[[90mExpect (EQUAL (WOO::VALIDATE-RESPONSE '(200 (:CONTENT-LENGTH 0) NIL))
sbcl-bin	Run tests	2026-09-29T04:17:34.4740243Z                   '(200 (:CONTENT-LENGTH 0) NIL)) to be true.^[[0m
sbcl-bin	Run tests	2026-09-29T04:17:34.4741050Z   ^[[32m✓ ^[[0m^[[90mExpect (EQUAL (WOO::VALIDATE-RESPONSE '(200 (:CONTENT-LENGTH 10) NIL) T)
sbcl-bin	Run tests	2026-09-29T04:17:34.4741782Z                   '(200 (:CONTENT-LENGTH 10) NIL)) to be true.^[[0m
sbcl-bin	Run tests	2026-09-29T04:17:34.4742379Z   ^[[32m✓ ^[[0m^[[90mExpect (STRINGP (FIRST NORMALIZED)) to be true.^[[0m
sbcl-bin	Run tests	2026-09-29T04:17:34.4743127Z   ^[[32m✓ ^[[0m^[[90mExpect (NULL (FIND-SYMBOL (STRING-UPCASE KEY) :KEYWORD)) to be true.^[[0m
sbcl-bin	Run tests	2026-09-29T04:17:34.4743759Z   ^[[32m✓ ^[[0m^[[90mExpect (NULL
sbcl-bin	Run tests	2026-09-29T04:17:34.4744097Z             (GETF
sbcl-bin	Run tests	2026-09-29T04:17:34.4744389Z              (SECOND
sbcl-bin	Run tests	2026-09-29T04:17:34.4744713Z               (WOO::VALIDATE-RESPONSE
sbcl-bin	Run tests	2026-09-29T04:17:34.4745168Z                '(200 (:TRANSFER-ENCODING "chunked") ("ok"))))
sbcl-bin	Run tests	2026-09-29T04:17:34.4746261Z              :TRANSFER-ENCODING)) to be true.^[[0m
sbcl-bin	Run tests	2026-09-29T04:17:34.4747140Z ^[[37mlegacy-head-persistent-pipeline-and-utf8-length^[[0m
sbcl-bin	Run tests	2026-09-29T04:17:34.5751815Z   ^[[37mHEAD preserves metadata and pipeline has no HEAD body^[[0m
sbcl-bin	Run tests	2026-09-29T04:17:34.5753784Z     ^[[32m✓ ^[[0m^[[90mExpect FIRST-END to be true.^[[0m
sbcl-bin	Run tests	2026-09-29T04:17:34.5754607Z     ^[[32m✓ ^[[0m^[[90mExpect (SEARCH "content-length: 100" (SUBSEQ WIRE 0 FIRST-END) :TEST
sbcl-bin	Run tests	2026-09-29T04:17:34.5755368Z                      #'CHAR-EQUAL) to be true.^[[0m
sbcl-bin	Run tests	2026-09-29T04:17:34.5756080Z     ^[[32m✓ ^[[0m^[[90mthe pipelined GET starts immediately after HEAD headers^[[0m
sbcl-bin	Run tests	2026-09-29T04:17:34.5756984Z     ^[[32m✓ ^[[0m^[[90mExpect (= 2
sbcl-bin	Run tests	2026-09-29T04:17:34.5757377Z                 (LOOP WITH START = 0
sbcl-bin	Run tests	2026-09-29T04:17:34.5757867Z                       FOR POS = (SEARCH "HTTP/1.1 200" WIRE :START2 START)
sbcl-bin	Run tests	2026-09-29T04:17:34.5758373Z                       WHILE POS
sbcl-bin	Run tests	2026-09-29T04:17:34.5759360Z                       COUNT 1
sbcl-bin	Run tests	2026-09-29T04:17:34.5759890Z                       DO (SETF START (+ POS 1)))) to be true.^[[0m
sbcl-bin	Run tests	2026-09-29T04:17:34.5760812Z     ^[[32m✓ ^[[0m^[[90mExpect (AND GET-END (STRING= (SUBSEQ UTF8-WIRE (+ GET-END 4)) EXPECTED)) to be true.^[[0m
sbcl-bin	Run tests	2026-09-29T04:17:34.5761884Z     ^[[32m✓ ^[[0m^[[90mExpect (AND HEAD-END (= (LENGTH HEAD-WIRE) (+ HEAD-END 4))) to be true.^[[0m
sbcl-bin	Run tests	2026-09-29T04:17:34.5763383Z     ^[[32m✓ ^[[0m^[[90mExpect (SEARCH
sbcl-bin	Run tests	2026-09-29T04:17:34.5763796Z               (FORMAT NIL "content-length: ~D"
sbcl-bin	Run tests	2026-09-29T04:17:34.5764353Z                       (REDUCE #'+ UTF8 :KEY #'TRIVIAL-UTF-8:UTF-8-BYTE-LENGTH))
sbcl-bin	Run tests	2026-09-29T04:17:34.5765054Z               (WOO-TEST::RAW-EXCHANGE CLACK.TEST:*CLACK-TEST-PORT*
sbcl-bin	Run tests	2026-09-29T04:17:34.5765658Z                                       (WOO-TEST::CRLF-LINES "HEAD /utf8 HTTP/1.1"
sbcl-bin	Run tests	2026-09-29T04:17:34.5766229Z                                                             "Host: localhost"
sbcl-bin	Run tests	2026-09-29T04:17:34.5766924Z                                                             "Connection: close" ""))
sbcl-bin	Run tests	2026-09-29T04:17:34.5767554Z               :TEST #'CHAR-EQUAL) to be true.^[[0m
sbcl-bin	Run tests	2026-09-29T04:17:35.0770771Z ^[[37mlegacy-head-pathname-plain-no-payload^[[0m
sbcl-bin	Run tests	2026-09-29T04:17:35.1783008Z   ^[[37mpathname HEAD has no payload^[[0m
sbcl-bin	Run tests	2026-09-29T04:17:35.1788090Z     ^[[32m✓ ^[[0m^[[90mExpect (SEARCH "content-length: 13" WIRE :TEST #'CHAR-EQUAL) to be true.^[[0m
sbcl-bin	Run tests	2026-09-29T04:17:35.1788729Z     ^[[32m✓ ^[[0m^[[90mExpect (AND SECOND-START
sbcl-bin	Run tests	2026-09-29T04:17:35.1789047Z                   (= SECOND-START
sbcl-bin	Run tests	2026-09-29T04:17:35.1789536Z                      (OR (SEARCH "HTTP/1.1 200" WIRE :START2 SECOND-START) -1))) to be true.^[[0m
sbcl-bin	Run tests	2026-09-29T04:17:35.1790232Z     ^[[32m✓ ^[[0m^[[90mExpect (AND SECOND-END (STRING= (SUBSEQ WIRE (+ SECOND-END 4)) "pathname body")) to be true.^[[0m
sbcl-bin	Run tests	2026-09-29T04:17:35.6797718Z ^[[37mlegacy-head-pathname-tls-no-payload^[[0m
sbcl-bin	Run tests	2026-09-29T04:17:35.7810296Z   ^[[37mTLS pathname HEAD has no payload^[[0m
sbcl-bin	Run tests	2026-09-29T04:17:35.8447905Z     ^[[32m✓ ^[[0m^[[90mExpect (= STATUS 200) to be true.^[[0m
sbcl-bin	Run tests	2026-09-29T04:17:35.8448609Z     ^[[32m✓ ^[[0m^[[90mExpect (ZEROP (LENGTH BODY)) to be true.^[[0m
sbcl-bin	Run tests	2026-09-29T04:17:35.8449193Z     ^[[32m✓ ^[[0m^[[90mExpect (STRING= (GETHASH "content-length" HEADERS) "12") to be true.^[[0m
sbcl-bin	Run tests	2026-09-29T04:17:35.9049783Z     ^[[32m✓ ^[[0m^[[90mExpect (STRING=
sbcl-bin	Run tests	2026-09-29T04:17:35.9050282Z               (DEXADOR:GET
sbcl-bin	Run tests	2026-09-29T04:17:35.9050820Z                (FORMAT NIL "https://127.0.0.1:~D/" CLACK.TEST:*CLACK-TEST-PORT*)
sbcl-bin	Run tests	2026-09-29T04:17:35.9051400Z                :KEEP-ALIVE NIL :FORCE-STRING T)
sbcl-bin	Run tests	2026-09-29T04:17:35.9051949Z               "tls pathname") to be true.^[[0m^[[33m (60ms)^[[0m
sbcl-bin	Run tests	2026-09-29T04:17:36.4059233Z 
sbcl-bin	Run tests	2026-09-29T04:17:36.4060293Z ;; testing 'woo-test.tls-stream'
sbcl-bin	Run tests	2026-09-29T04:17:36.4061174Z ^[[37mtls-completed-error-paths-retry-shutdown^[[0m
sbcl-bin	Run tests	2026-09-29T04:17:36.5072079Z   ^[[37mcompleted TLS error closes gracefully^[[0m
sbcl-bin	Run tests	2026-09-29T04:17:36.5577923Z     ^[[32m✓ ^[[0m^[[90mExpect (SEARCH (FORMAT NIL "HTTP/1.1 ~D " STATUS) RESPONSE) to be true.^[[0m
sbcl-bin	Run tests	2026-09-29T04:17:36.5578704Z     ^[[32m✓ ^[[0m^[[90mExpect (SEARCH "Content-Length: 0" RESPONSE) to be true.^[[0m
sbcl-bin	Run tests	2026-09-29T04:17:36.5579650Z     ^[[32m✓ ^[[0m^[[90mserver retried SSL_shutdown after WANT_WRITE^[[0m
sbcl-bin	Run tests	2026-09-29T04:20:03.1900521Z   ^[[37mcompleted TLS error closes gracefully^[[0m
sbcl-bin	Run tests	2026-09-29T04:20:03.2343678Z     ^[[32m✓ ^[[0m^[[90mExpect (SEARCH (FORMAT NIL "HTTP/1.1 ~D " STATUS) RESPONSE) to be true.^[[0m
sbcl-bin	Run tests	2026-09-29T04:20:03.2345333Z     ^[[32m✓ ^[[0m^[[90mExpect (SEARCH "Content-Length: 0" RESPONSE) to be true.^[[0m
sbcl-bin	Run tests	2026-09-29T04:20:03.2346206Z     ^[[32m✓ ^[[0m^[[90mserver retried SSL_shutdown after WANT_WRITE^[[0m
sbcl-bin	Run tests	2026-09-29T04:20:03.7349203Z ^[[37mtls-static-stream-pumps-bounded-chunks^[[0m
sbcl-bin	Run tests	2026-09-29T04:20:03.7350116Z   ^[[37mTLS pathname sends keep at most one 64 KiB chunk pending^[[0m
sbcl-bin	Run tests	2026-09-29T04:20:03.7367868Z     ^[[32m✓ ^[[0m^[[90mExpect (= (WOO.EV.SOCKET::SOCKET-SEND-STREAM-OFFSET SOCKET) 65536) to be true.^[[0m
sbcl-bin	Run tests	2026-09-29T04:20:03.7369122Z     ^[[32m✓ ^[[0m^[[90mExpect (<= (FAST-IO::OUTPUT-BUFFER-LEN (WOO.EV.SOCKET::SOCKET-BUFFER SOCKET))
sbcl-bin	Run tests	2026-09-29T04:20:03.7370232Z                  65536) to be true.^[[0m
sbcl-bin	Run tests	2026-09-29T04:20:03.7370774Z ^[[37mtls-pending-write-isolated-from-new-output^[[0m
sbcl-bin	Run tests	2026-09-29T04:20:03.7371464Z   ^[[37mapplication writes do not mutate bytes awaiting TLS retry^[[0m
sbcl-bin	Run tests	2026-09-29T04:20:03.7372174Z     ^[[32m✓ ^[[0m^[[90mExpect (EQUALP PENDING #(1 2 3 4)) to be true.^[[0m
sbcl-bin	Run tests	2026-09-29T04:20:03.7373155Z     ^[[32m✓ ^[[0m^[[90mExpect (= (WOO.EV.SOCKET::SOCKET-PENDING-WRITE-OFFSET SOCKET) 1) to be true.^[[0m
sbcl-bin	Run tests	2026-09-29T04:20:03.7374385Z     ^[[32m✓ ^[[0m^[[90mExpect (= (FAST-IO::OUTPUT-BUFFER-LEN (WOO.EV.SOCKET::SOCKET-BUFFER SOCKET)) 2) to be true.^[[0m
sbcl-bin	Run tests	2026-09-29T04:20:03.7375190Z ^[[37mtls-ffi-retry-hooks-are-injectable^[[0m
sbcl-bin	Run tests	2026-09-29T04:20:03.7375847Z   ^[[37mWANT results can be supplied without changing the OpenSSL ABI^[[0m
sbcl-bin	Run tests	2026-09-29T04:20:03.7376944Z     ^[[32m✓ ^[[0m^[[90mExpect (= (FUNCALL WOO.EV.SOCKET:*SSL-WRITE-FUNCTION* NIL NIL 8) -1) to be true.^[[0m
sbcl-bin	Run tests	2026-09-29T04:20:03.7377979Z     ^[[32m✓ ^[[0m^[[90mExpect (= (FUNCALL WOO.EV.SOCKET:*SSL-ERROR-FUNCTION* NIL -1)
sbcl-bin	Run tests	2026-09-29T04:20:03.7378732Z                 CL+SSL::+SSL-ERROR-WANT-READ+) to be true.^[[0m
sbcl-bin	Run tests	2026-09-29T04:20:03.7379348Z     ^[[32m✓ ^[[0m^[[90mExpect (= CALLS 1) to be true.^[[0m
sbcl-bin	Run tests	2026-09-29T04:20:03.7380042Z ^[[37mtls-alpn-setup-failure-releases-listener-context^[[0m
sbcl-bin	Run tests	2026-09-29T04:20:03.7380845Z   ^[[37ma failure after ALPN setup releases the listener context^[[0m
sbcl-bin	Run tests	2026-09-29T04:20:03.7552604Z     ^[[32m✓ ^[[0m^[[90mExpect (WOO:RUN (LAMBDA (ENV) (DECLARE (IGNORE ENV)) '(200 NIL ("ok"))) :DEBUG
sbcl-bin	Run tests	2026-09-29T04:20:03.7553239Z                       NIL :WORKER-NUM NIL :SSL-CERT-FILE #P"t/certs/localhost.crt"
sbcl-bin	Run tests	2026-09-29T04:20:03.7553808Z                       :SSL-KEY-FILE #P"t/certs/localhost.key") to signal ERROR.^[[0m
sbcl-bin	Run tests	2026-09-29T04:20:03.7554279Z     ^[[32m✓ ^[[0m^[[90mExpect CONFIGURED to be true.^[[0m
sbcl-bin	Run tests	2026-09-29T04:20:03.7554659Z     ^[[32m✓ ^[[0m^[[90mExpect (= FREED 1) to be true.^[[0m
sbcl-bin	Run tests	2026-09-29T04:20:03.7555335Z     ^[[32m✓ ^[[0m^[[90mExpect (= BASELINE (HASH-TABLE-COUNT WOO.SSL.ALPN::*ALPN-CTX-ARGS*)) to be true.^[[0m
sbcl-bin	Run tests	2026-09-29T04:20:03.7555917Z ^[[37mtls-pathname-live-exact-body-and-clean-eof^[[0m
sbcl-bin	Run tests	2026-09-29T04:20:03.7556412Z   ^[[37ma live TLS pathname response preserves bytes and closes cleanly^[[0m
sbcl-bin	Run tests	2026-09-29T04:20:03.7572196Z NOTICE: Running in debug mode. Debugger will be invoked on errors.
sbcl-bin	Run tests	2026-09-29T04:20:03.8581089Z   Specify ':debug nil' to turn it off on remote environments.    ^[[37mTLS pathname exact body^[[0m
sbcl-bin	Run tests	2026-09-29T04:20:03.8617096Z       ^[[32m✓ ^[[0m^[[90mExpect (SEARCH "HTTP/1.1 200" STATUS) to be true.^[[0m
sbcl-bin	Run tests	2026-09-29T04:20:03.8617831Z       ^[[32m✓ ^[[0m^[[90mExpect (=
sbcl-bin	Run tests	2026-09-29T04:20:03.8618559Z                 (PARSE-INTEGER (CDR (ASSOC "content-length" HEADERS :TEST #'STRING=)))
sbcl-bin	Run tests	2026-09-29T04:20:03.8619359Z                 SIZE) to be true.^[[0m
sbcl-bin	Run tests	2026-09-29T04:20:03.8619918Z       ^[[32m✓ ^[[0m^[[90mExpect (PLUSP N) to be true.^[[0m
sbcl-bin	Run tests	2026-09-29T04:20:03.8628027Z       ^[[32m✓ ^[[0m^[[90mExpect (PLUSP N) to be true.^[[0m
sbcl-bin	Run tests	2026-09-29T04:20:03.8638694Z       ^[[32m✓ ^[[0m^[[90mExpect (PLUSP N) to be true.^[[0m
sbcl-bin	Run tests	2026-09-29T04:20:03.8649535Z       ^[[32m✓ ^[[0m^[[90mExpect (PLUSP N) to be true.^[[0m
sbcl-bin	Run tests	2026-09-29T04:20:03.8660738Z       ^[[32m✓ ^[[0m^[[90mExpect (PLUSP N) to be true.^[[0m
sbcl-bin	Run tests	2026-09-29T04:20:03.8671519Z       ^[[32m✓ ^[[0m^[[90mExpect (PLUSP N) to be true.^[[0m
sbcl-bin	Run tests	2026-09-29T04:20:03.8682373Z       ^[[32m✓ ^[[0m^[[90mExpect (PLUSP N) to be true.^[[0m
sbcl-bin	Run tests	2026-09-29T04:20:03.8693228Z       ^[[32m✓ ^[[0m^[[90mExpect (PLUSP N) to be true.^[[0m
sbcl-bin	Run tests	2026-09-29T04:20:03.8704171Z       ^[[32m✓ ^[[0m^[[90mExpect (PLUSP N) to be true.^[[0m
sbcl-bin	Run tests	2026-09-29T04:20:03.8714985Z       ^[[32m✓ ^[[0m^[[90mExpect (PLUSP N) to be true.^[[0m
sbcl-bin	Run tests	2026-09-29T04:20:03.8725903Z       ^[[32m✓ ^[[0m^[[90mExpect (PLUSP N) to be true.^[[0m
sbcl-bin	Run tests	2026-09-29T04:20:03.8736852Z       ^[[32m✓ ^[[0m^[[90mExpect (PLUSP N) to be true.^[[0m
sbcl-bin	Run tests	2026-09-29T04:20:03.8747663Z       ^[[32m✓ ^[[0m^[[90mExpect (PLUSP N) to be true.^[[0m
sbcl-bin	Run tests	2026-09-29T04:20:03.8758444Z       ^[[32m✓ ^[[0m^[[90mExpect (PLUSP N) to be true.^[[0m
sbcl-bin	Run tests	2026-09-29T04:20:03.8769307Z       ^[[32m✓ ^[[0m^[[90mExpect (PLUSP N) to be true.^[[0m
sbcl-bin	Run tests	2026-09-29T04:20:03.8780134Z       ^[[32m✓ ^[[0m^[[90mExpect (PLUSP N) to be true.^[[0m
sbcl-bin	Run tests	2026-09-29T04:20:03.8791087Z       ^[[32m✓ ^[[0m^[[90mExpect (PLUSP N) to be true.^[[0m
sbcl-bin	Run tests	2026-09-29T04:20:03.8801923Z       ^[[32m✓ ^[[0m^[[90mExpect (PLUSP N) to be true.^[[0m
sbcl-bin	Run tests	2026-09-29T04:20:03.8812669Z       ^[[32m✓ ^[[0m^[[90mExpect (PLUSP N) to be true.^[[0m
sbcl-bin	Run tests	2026-09-29T04:20:03.8823506Z       ^[[32m✓ ^[[0m^[[90mExpect (PLUSP N) to be true.^[[0m
sbcl-bin	Run tests	2026-09-29T04:20:03.8835021Z       ^[[32m✓ ^[[0m^[[90mExpect (PLUSP N) to be true.^[[0m
sbcl-bin	Run tests	2026-09-29T04:20:03.8845864Z       ^[[32m✓ ^[[0m^[[90mExpect (PLUSP N) to be true.^[[0m
sbcl-bin	Run tests	2026-09-29T04:20:03.8856658Z       ^[[32m✓ ^[[0m^[[90mExpect (PLUSP N) to be true.^[[0m
sbcl-bin	Run tests	2026-09-29T04:20:03.8867498Z       ^[[32m✓ ^[[0m^[[90mExpect (PLUSP N) to be true.^[[0m
sbcl-bin	Run tests	2026-09-29T04:20:03.8878417Z       ^[[32m✓ ^[[0m^[[90mExpect (PLUSP N) to be true.^[[0m
sbcl-bin	Run tests	2026-09-29T04:20:03.8889245Z       ^[[32m✓ ^[[0m^[[90mExpect (PLUSP N) to be true.^[[0m
sbcl-bin	Run tests	2026-09-29T04:20:03.8900017Z       ^[[32m✓ ^[[0m^[[90mExpect (PLUSP N) to be true.^[[0m
sbcl-bin	Run tests	2026-09-29T04:20:03.8910900Z       ^[[32m✓ ^[[0m^[[90mExpect (PLUSP N) to be true.^[[0m
sbcl-bin	Run tests	2026-09-29T04:20:03.8922019Z       ^[[32m✓ ^[[0m^[[90mExpect (PLUSP N) to be true.^[[0m
sbcl-bin	Run tests	2026-09-29T04:20:03.8932789Z       ^[[32m✓ ^[[0m^[[90mExpect (PLUSP N) to be true.^[[0m
sbcl-bin	Run tests	2026-09-29T04:20:03.8943573Z       ^[[32m✓ ^[[0m^[[90mExpect (PLUSP N) to be true.^[[0m
sbcl-bin	Run tests	2026-09-29T04:20:03.8954388Z       ^[[32m✓ ^[[0m^[[90mExpect (PLUSP N) to be true.^[[0m
sbcl-bin	Run tests	2026-09-29T04:20:03.8965355Z       ^[[32m✓ ^[[0m^[[90mExpect (PLUSP N) to be true.^[[0m
sbcl-bin	Run tests	2026-09-29T04:20:03.8976195Z       ^[[32m✓ ^[[0m^[[90mExpect (PLUSP N) to be true.^[[0m
sbcl-bin	Run tests	2026-09-29T04:20:03.8987147Z       ^[[32m✓ ^[[0m^[[90mExpect (PLUSP N) to be true.^[[0m
sbcl-bin	Run tests	2026-09-29T04:20:03.8997845Z       ^[[32m✓ ^[[0m^[[90mExpect (PLUSP N) to be true.^[[0m
sbcl-bin	Run tests	2026-09-29T04:20:03.9008817Z       ^[[32m✓ ^[[0m^[[90mExpect (PLUSP N) to be true.^[[0m
sbcl-bin	Run tests	2026-09-29T04:20:03.9019612Z       ^[[32m✓ ^[[0m^[[90mExpect (PLUSP N) to be true.^[[0m
sbcl-bin	Run tests	2026-09-29T04:20:03.9030447Z       ^[[32m✓ ^[[0m^[[90mExpect (PLUSP N) to be true.^[[0m
sbcl-bin	Run tests	2026-09-29T04:20:03.9041258Z       ^[[32m✓ ^[[0m^[[90mExpect (PLUSP N) to be true.^[[0m
sbcl-bin	Run tests	2026-09-29T04:20:03.9052246Z       ^[[32m✓ ^[[0m^[[90mExpect (PLUSP N) to be true.^[[0m
sbcl-bin	Run tests	2026-09-29T04:20:03.9063021Z       ^[[32m✓ ^[[0m^[[90mExpect (PLUSP N) to be true.^[[0m
sbcl-bin	Run tests	2026-09-29T04:20:03.9073849Z       ^[[32m✓ ^[[0m^[[90mExpect (PLUSP N) to be true.^[[0m
sbcl-bin	Run tests	2026-09-29T04:20:03.9084629Z       ^[[32m✓ ^[[0m^[[90mExpect (PLUSP N) to be true.^[[0m
sbcl-bin	Run tests	2026-09-29T04:20:03.9096008Z       ^[[32m✓ ^[[0m^[[90mExpect (PLUSP N) to be true.^[[0m
sbcl-bin	Run tests	2026-09-29T04:20:03.9107052Z       ^[[32m✓ ^[[0m^[[90mExpect (PLUSP N) to be true.^[[0m
sbcl-bin	Run tests	2026-09-29T04:20:03.9117763Z       ^[[32m✓ ^[[0m^[[90mExpect (PLUSP N) to be true.^[[0m
sbcl-bin	Run tests	2026-09-29T04:20:03.9128641Z       ^[[32m✓ ^[[0m^[[90mExpect (PLUSP N) to be true.^[[0m
sbcl-bin	Run tests	2026-09-29T04:20:03.9139588Z       ^[[32m✓ ^[[0m^[[90mExpect (PLUSP N) to be true.^[[0m
sbcl-bin	Run tests	2026-09-29T04:20:03.9150394Z       ^[[32m✓ ^[[0m^[[90mExpect (PLUSP N) to be true.^[[0m
sbcl-bin	Run tests	2026-09-29T04:20:03.9161179Z       ^[[32m✓ ^[[0m^[[90mExpect (PLUSP N) to be true.^[[0m
sbcl-bin	Run tests	2026-09-29T04:20:03.9172046Z       ^[[32m✓ ^[[0m^[[90mExpect (PLUSP N) to be true.^[[0m
sbcl-bin	Run tests	2026-09-29T04:20:03.9183031Z       ^[[32m✓ ^[[0m^[[90mExpect (PLUSP N) to be true.^[[0m
sbcl-bin	Run tests	2026-09-29T04:20:03.9193778Z       ^[[32m✓ ^[[0m^[[90mExpect (PLUSP N) to be true.^[[0m
sbcl-bin	Run tests	2026-09-29T04:20:03.9204607Z       ^[[32m✓ ^[[0m^[[90mExpect (PLUSP N) to be true.^[[0m
sbcl-bin	Run tests	2026-09-29T04:20:03.9215514Z       ^[[32m✓ ^[[0m^[[90mExpect (PLUSP N) to be true.^[[0m
sbcl-bin	Run tests	2026-09-29T04:20:03.9226427Z       ^[[32m✓ ^[[0m^[[90mExpect (PLUSP N) to be true.^[[0m
sbcl-bin	Run tests	2026-09-29T04:20:03.9237284Z       ^[[32m✓ ^[[0m^[[90mExpect (PLUSP N) to be true.^[[0m
sbcl-bin	Run tests	2026-09-29T04:20:03.9248172Z       ^[[32m✓ ^[[0m^[[90mExpect (PLUSP N) to be true.^[[0m
sbcl-bin	Run tests	2026-09-29T04:20:03.9258996Z       ^[[32m✓ ^[[0m^[[90mExpect (PLUSP N) to be true.^[[0m
sbcl-bin	Run tests	2026-09-29T04:20:03.9269945Z       ^[[32m✓ ^[[0m^[[90mExpect (PLUSP N) to be true.^[[0m
sbcl-bin	Run tests	2026-09-29T04:20:03.9280762Z       ^[[32m✓ ^[[0m^[[90mExpect (PLUSP N) to be true.^[[0m
sbcl-bin	Run tests	2026-09-29T04:20:03.9291584Z       ^[[32m✓ ^[[0m^[[90mExpect (PLUSP N) to be true.^[[0m
sbcl-bin	Run tests	2026-09-29T04:20:03.9302442Z       ^[[32m✓ ^[[0m^[[90mExpect (PLUSP N) to be true.^[[0m
sbcl-bin	Run tests	2026-09-29T04:20:03.9313277Z       ^[[32m✓ ^[[0m^[[90mExpect (= OFFSET SIZE) to be true.^[[0m
sbcl-bin	Run tests	2026-09-29T04:20:03.9320332Z       ^[[32m✓ ^[[0m^[[90mExpect (LOOP FOR I BELOW SIZE
sbcl-bin	Run tests	2026-09-29T04:20:03.9321180Z                      ALWAYS (= (AREF GOT I) (MOD (+ I 17) 251))) to be true.^[[0m
sbcl-bin	Run tests	2026-09-29T04:20:03.9322286Z       ^[[32m✓ ^[[0m^[[90mExpect (NULL (READ-BYTE TLS NIL NIL)) to be true.^[[0m
sbcl-bin	Run tests	2026-09-29T04:20:04.4339250Z ^[[37mtls-static-preparation-failures-are-wire-visible^[[0m
sbcl-bin	Run tests	2026-09-29T04:20:04.4340309Z   ^[[37mTLS pathname preparation reports missing, directory, EACCES, and length errors^[[0m
sbcl-bin	Run tests	2026-09-29T04:20:04.4340890Z NOTICE: Running in debug mode. Debugger will be invoked on errors.
sbcl-bin	Run tests	2026-09-29T04:20:04.5341361Z   Specify ':debug nil' to turn it off on remote environments.    ^[[37mTLS pathname preparation failures^[[0m
sbcl-bin	Run tests	2026-09-29T04:20:04.5782371Z       ^[[32m✓ ^[[0m^[[90mExpect (SEARCH "404 Not Found" (REQUEST "/missing")) to be true.^[[0m^[[33m (44ms)^[[0m
sbcl-bin	Run tests	2026-09-29T04:20:04.6223713Z       ^[[32m✓ ^[[0m^[[90mExpect (SEARCH "403 Forbidden" (REQUEST "/directory")) to be true.^[[0m^[[33m (44ms)^[[0m
sbcl-bin	Run tests	2026-09-29T04:20:04.6663382Z       ^[[32m✓ ^[[0m^[[90mExpect (SEARCH "403 Forbidden" (REQUEST "/private")) to be true.^[[0m^[[33m (44ms)^[[0m
sbcl-bin	Run tests	2026-09-29T04:20:04.7103047Z       ^[[32m✓ ^[[0m^[[90mExpect (SEARCH "500 Internal Server Error" (REQUEST "/mismatch")) to be true.^[[0m^[[33m (44ms)^[[0m
sbcl-bin	Run tests	2026-09-29T04:20:05.2108211Z 
sbcl-bin	Run tests	2026-09-29T04:20:05.2109013Z ;; testing 'woo-test.tlsretry'
sbcl-bin	Run tests	2026-09-29T04:20:05.2110011Z ^[[37mtls-retry-keeps-pending-bytes-before-new-output^[[0m
sbcl-bin	Run tests	2026-09-29T04:20:05.2110778Z   ^[[37ma WANT_READ retry preserves order and queue accounting^[[0m
sbcl-bin	Run tests	2026-09-29T04:20:05.2118086Z     ^[[32m✓ ^[[0m^[[90mExpect (NULL (WOO.EV.SOCKET:FLUSH-BUFFER SOCKET)) to be true.^[[0m
sbcl-bin	Run tests	2026-09-29T04:20:05.2119002Z     ^[[32m✓ ^[[0m^[[90mExpect (WOO.EV.SOCKET:FLUSH-BUFFER SOCKET) to be true.^[[0m
sbcl-bin	Run tests	2026-09-29T04:20:05.2119831Z     ^[[32m✓ ^[[0m^[[90mExpect (WOO.EV.SOCKET:ASYNC-WRITE SOCKET) to be true.^[[0m
sbcl-bin	Run tests	2026-09-29T04:20:05.2120539Z     ^[[32m✓ ^[[0m^[[90mExpect (= CALLS 3) to be true.^[[0m
sbcl-bin	Run tests	2026-09-29T04:20:05.2121427Z     ^[[32m✓ ^[[0m^[[90mExpect (EQUAL (NREVERSE WRITES) '((1 2 3 4) (1 2 3 4) (9 8))) to be true.^[[0m
sbcl-bin	Run tests	2026-09-29T04:20:05.2122209Z     ^[[32m✓ ^[[0m^[[90mExpect (= ADMITTED 6) to be true.^[[0m
sbcl-bin	Run tests	2026-09-29T04:20:05.2122807Z     ^[[32m✓ ^[[0m^[[90mExpect (= RELEASED 6) to be true.^[[0m
sbcl-bin	Run tests	2026-09-29T04:20:05.2123966Z     ^[[32m✓ ^[[0m^[[90mExpect (NULL (WOO.EV.SOCKET::SOCKET-PENDING-WRITE-DATA SOCKET)) to be true.^[[0m
sbcl-bin	Run tests	2026-09-29T04:20:05.2124461Z     ^[[32m✓ ^[[0m^[[90mExpect (ZEROP
sbcl-bin	Run tests	2026-09-29T04:20:05.2124957Z               (FAST-IO::OUTPUT-BUFFER-LEN (WOO.EV.SOCKET::SOCKET-BUFFER SOCKET))) to be true.^[[0m
sbcl-bin	Run tests	2026-09-29T04:20:05.2125585Z ^[[37mtls-retry-partials-want-transitions-and-reentrant-release^[[0m
sbcl-bin	Run tests	2026-09-29T04:20:05.2126162Z   ^[[37mpartial progress and both readiness retries preserve accounting^[[0m
sbcl-bin	Run tests	2026-09-29T04:20:05.2126887Z     ^[[32m✓ ^[[0m^[[90mExpect (NULL (WOO.EV.SOCKET:FLUSH-BUFFER SOCKET)) to be true.^[[0m
sbcl-bin	Run tests	2026-09-29T04:20:05.2127894Z     ^[[32m✓ ^[[0m^[[90mExpect (= (WOO.EV.SOCKET::SOCKET-PENDING-WRITE-OFFSET SOCKET) 2) to be true.^[[0m
sbcl-bin	Run tests	2026-09-29T04:20:05.2129401Z     ^[[32m✓ ^[[0m^[[90mExpect (NULL (WOO.EV.SOCKET:FLUSH-BUFFER SOCKET)) to be true.^[[0m
sbcl-bin	Run tests	2026-09-29T04:20:05.2130291Z     ^[[32m✓ ^[[0m^[[90mExpect (NULL (WOO.EV.SOCKET:FLUSH-BUFFER SOCKET)) to be true.^[[0m
sbcl-bin	Run tests	2026-09-29T04:20:05.2131340Z     ^[[32m✓ ^[[0m^[[90mExpect (= (WOO.EV.SOCKET::SOCKET-PENDING-WRITE-OFFSET SOCKET) 4) to be true.^[[0m
sbcl-bin	Run tests	2026-09-29T04:20:05.2132310Z     ^[[32m✓ ^[[0m^[[90mExpect (NULL (WOO.EV.SOCKET:FLUSH-BUFFER SOCKET)) to be true.^[[0m
sbcl-bin	Run tests	2026-09-29T04:20:05.2133195Z     ^[[32m✓ ^[[0m^[[90mExpect (NULL (WOO.EV.SOCKET:FLUSH-BUFFER SOCKET)) to be true.^[[0m
sbcl-bin	Run tests	2026-09-29T04:20:05.2134222Z     ^[[32m✓ ^[[0m^[[90mExpect (WOO.EV.SOCKET::SOCKET-WRITE-WAIT-READ-P SOCKET) to be false.^[[0m
sbcl-bin	Run tests	2026-09-29T04:20:05.2135357Z     ^[[32m✓ ^[[0m^[[90mExpect (PLUSP (LEV:EV-IS-ACTIVE (WOO.EV.SOCKET:SOCKET-WRITE-WATCHER SOCKET))) to be true.^[[0m
sbcl-bin	Run tests	2026-09-29T04:20:05.2136362Z     ^[[32m✓ ^[[0m^[[90mExpect (WOO.EV.SOCKET:FLUSH-BUFFER SOCKET) to be true.^[[0m
sbcl-bin	Run tests	2026-09-29T04:20:05.2137540Z     ^[[32m✓ ^[[0m^[[90mExpect (WOO.EV.SOCKET:ASYNC-WRITE SOCKET) to be true.^[[0m
sbcl-bin	Run tests	2026-09-29T04:20:05.2138242Z     ^[[32m✓ ^[[0m^[[90mExpect (= CALLS 7) to be true.^[[0m
sbcl-bin	Run tests	2026-09-29T04:20:05.2138810Z     ^[[32m✓ ^[[0m^[[90mExpect (EQUAL (NREVERSE WRITES)
sbcl-bin	Run tests	2026-09-29T04:20:05.2139509Z                     '((1 2 3 4 5 6) (3 4 5 6) (3 4 5 6) (5 6) (5 6) (6) (9 8 7))) to be true.^[[0m
sbcl-bin	Run tests	2026-09-29T04:20:05.2140191Z     ^[[32m✓ ^[[0m^[[90mExpect (= ADMITTED 9) to be true.^[[0m
sbcl-bin	Run tests	2026-09-29T04:20:05.2140778Z     ^[[32m✓ ^[[0m^[[90mExpect (= RELEASED 9) to be true.^[[0m
sbcl-bin	Run tests	2026-09-29T04:20:05.2141671Z     ^[[32m✓ ^[[0m^[[90mExpect (NULL (WOO.EV.SOCKET::SOCKET-PENDING-WRITE-DATA SOCKET)) to be true.^[[0m
sbcl-bin	Run tests	2026-09-29T04:20:05.2142428Z     ^[[32m✓ ^[[0m^[[90mExpect (ZEROP
sbcl-bin	Run tests	2026-09-29T04:20:05.2143020Z               (FAST-IO::OUTPUT-BUFFER-LEN (WOO.EV.SOCKET::SOCKET-BUFFER SOCKET))) to be true.^[[0m
sbcl-bin	Run tests	2026-09-29T04:20:05.2143534Z ^[[37mtls-fatal-write-releases-once-and-closes^[[0m
sbcl-bin	Run tests	2026-09-29T04:20:05.2144020Z   ^[[37ma fatal TLS write closes safely and does not reuse its buffer^[[0m
sbcl-bin	Run tests	2026-09-29T04:20:05.2144482Z  <ERROR> [04:20:05] woo.ev.socket - Unexpected TLS write error (Code: 1)
sbcl-bin	Run tests	2026-09-29T04:20:05.2144986Z     ^[[32m✓ ^[[0m^[[90mExpect (WOO.EV.SOCKET:FLUSH-BUFFER SOCKET) to be true.^[[0m
sbcl-bin	Run tests	2026-09-29T04:20:05.2145515Z     ^[[32m✓ ^[[0m^[[90mExpect (WOO.EV.SOCKET:SOCKET-OPEN-P SOCKET) to be false.^[[0m
sbcl-bin	Run tests	2026-09-29T04:20:05.2145965Z     ^[[32m✓ ^[[0m^[[90mExpect (= RELEASED 4) to be true.^[[0m
sbcl-bin	Run tests	2026-09-29T04:20:05.2146412Z     ^[[32m✓ ^[[0m^[[90mExpect (WOO.EV.SOCKET:ASYNC-WRITE SOCKET) to be true.^[[0m
sbcl-bin	Run tests	2026-09-29T04:20:05.2147070Z     ^[[32m✓ ^[[0m^[[90mExpect (= RELEASED 4) to be true.^[[0m
sbcl-bin	Run tests	2026-09-29T04:20:05.2147627Z     ^[[32m✓ ^[[0m^[[90mExpect (NULL (WOO.EV.SOCKET::SOCKET-PENDING-WRITE-DATA SOCKET)) to be true.^[[0m
sbcl-bin	Run tests	2026-09-29T04:20:05.2148181Z ^[[37mtls-shutdown-want-write-survives-flush-completion^[[0m
sbcl-bin	Run tests	2026-09-29T04:20:05.2148631Z   ^[[32m✓ ^[[0m^[[90mExpect (= SHUTDOWN-CALLS 1) to be true.^[[0m
sbcl-bin	Run tests	2026-09-29T04:20:05.2149128Z   ^[[32m✓ ^[[0m^[[90mExpect (WOO.EV.SOCKET:SOCKET-TLS-SHUTDOWN-P SOCKET) to be true.^[[0m
sbcl-bin	Run tests	2026-09-29T04:20:05.2149814Z   ^[[32m✓ ^[[0m^[[90mExpect (PLUSP (LEV:EV-IS-ACTIVE (WOO.EV.SOCKET:SOCKET-WRITE-WATCHER SOCKET))) to be true.^[[0m
sbcl-bin	Run tests	2026-09-29T04:20:05.2150577Z   ^[[32m✓ ^[[0m^[[90mExpect (ZEROP (LEV:EV-IS-ACTIVE (WOO.EV.SOCKET:SOCKET-READ-WATCHER SOCKET))) to be true.^[[0m
sbcl-bin	Run tests	2026-09-29T04:20:05.2151133Z   ^[[32m✓ ^[[0m^[[90mExpect (= SHUTDOWN-CALLS 2) to be true.^[[0m
sbcl-bin	Run tests	2026-09-29T04:20:05.2151603Z   ^[[32m✓ ^[[0m^[[90mExpect (WOO.EV.SOCKET:SOCKET-OPEN-P SOCKET) to be false.^[[0m
sbcl-bin	Run tests	2026-09-29T04:20:05.2151873Z 
sbcl-bin	Run tests	2026-09-29T04:20:05.2151988Z ;; testing 'woo-test.tlsreadretry'
sbcl-bin	Run tests	2026-09-29T04:20:05.2152346Z ^[[37mtls-read-want-write-keeps-write-readiness^[[0m
sbcl-bin	Run tests	2026-09-29T04:20:05.2152831Z   ^[[37mSSL_read WANT_WRITE stops read polling and preserves write retry^[[0m
sbcl-bin	Run tests	2026-09-29T04:20:05.2153292Z     ^[[32m✓ ^[[0m^[[90mExpect (= READ-CALLS 1) to be true.^[[0m
sbcl-bin	Run tests	2026-09-29T04:20:05.2153824Z     ^[[32m✓ ^[[0m^[[90mExpect (WOO.EV.SOCKET::SOCKET-READ-WAIT-WRITE-P SOCKET) to be true.^[[0m
sbcl-bin	Run tests	2026-09-29T04:20:05.2154519Z     ^[[32m✓ ^[[0m^[[90mExpect (ZEROP (LEV:EV-IS-ACTIVE (WOO.EV.SOCKET:SOCKET-READ-WATCHER SOCKET))) to be true.^[[0m
sbcl-bin	Run tests	2026-09-29T04:20:05.2155432Z     ^[[32m✓ ^[[0m^[[90mExpect (PLUSP (LEV:EV-IS-ACTIVE (WOO.EV.SOCKET:SOCKET-WRITE-WATCHER SOCKET))) to be true.^[[0m
sbcl-bin	Run tests	2026-09-29T04:20:05.2156063Z     ^[[32m✓ ^[[0m^[[90mExpect (NULL (WOO.EV.SOCKET:ASYNC-WRITE SOCKET)) to be true.^[[0m
sbcl-bin	Run tests	2026-09-29T04:20:05.2156680Z     ^[[32m✓ ^[[0m^[[90mExpect (WOO.EV.SOCKET::SOCKET-READ-WAIT-WRITE-P SOCKET) to be true.^[[0m
sbcl-bin	Run tests	2026-09-29T04:20:05.2157610Z     ^[[32m✓ ^[[0m^[[90mExpect (PLUSP (LEV:EV-IS-ACTIVE (WOO.EV.SOCKET:SOCKET-WRITE-WATCHER SOCKET))) to be true.^[[0m
sbcl-bin	Run tests	2026-09-29T04:20:05.2158221Z     ^[[32m✓ ^[[0m^[[90mExpect (WOO.EV.SOCKET:ASYNC-WRITE SOCKET) to be true.^[[0m
sbcl-bin	Run tests	2026-09-29T04:20:05.2158672Z     ^[[32m✓ ^[[0m^[[90mExpect (= READ-CALLS 3) to be true.^[[0m
sbcl-bin	Run tests	2026-09-29T04:20:05.2159289Z     ^[[32m✓ ^[[0m^[[90mExpect (WOO.EV.SOCKET::SOCKET-READ-WAIT-WRITE-P SOCKET) to be false.^[[0m
sbcl-bin	Run tests	2026-09-29T04:20:05.2160109Z     ^[[32m✓ ^[[0m^[[90mExpect (PLUSP (LEV:EV-IS-ACTIVE (WOO.EV.SOCKET:SOCKET-READ-WATCHER SOCKET))) to be true.^[[0m
sbcl-bin	Run tests	2026-09-29T04:20:05.2160842Z     ^[[32m✓ ^[[0m^[[90mExpect (ZEROP (LEV:EV-IS-ACTIVE (WOO.EV.SOCKET:SOCKET-WRITE-WATCHER SOCKET))) to be true.^[[0m
sbcl-bin	Run tests	2026-09-29T04:20:05.2161198Z 
sbcl-bin	Run tests	2026-09-29T04:20:05.2161303Z ;; testing 'woo-test.alpn'
sbcl-bin	Run tests	2026-09-29T04:20:05.2161588Z ^[[37mtest-alpn-constants^[[0m
sbcl-bin	Run tests	2026-09-29T04:20:05.2161914Z   ^[[37mALPN error constants have correct values^[[0m
sbcl-bin	Run tests	2026-09-29T04:20:05.2162329Z     ^[[32m✓ ^[[0m^[[90mExpect (= +SSL-TLSEXT-ERR-OK+ 0) to be true.^[[0m
sbcl-bin	Run tests	2026-09-29T04:20:05.2162807Z     ^[[32m✓ ^[[0m^[[90mExpect (= +SSL-TLSEXT-ERR-ALERT-FATAL+ 2) to be true.^[[0m
sbcl-bin	Run tests	2026-09-29T04:20:05.2163282Z     ^[[32m✓ ^[[0m^[[90mExpect (= +SSL-TLSEXT-ERR-NOACK+ 3) to be true.^[[0m
sbcl-bin	Run tests	2026-09-29T04:20:05.2163685Z ^[[37mtest-parse-alpn-protocols-empty^[[0m
sbcl-bin	Run tests	2026-09-29T04:20:05.2164061Z   ^[[37mparse-alpn-protocols handles empty buffer^[[0m
sbcl-bin	Run tests	2026-09-29T04:20:05.2164442Z     ^[[32m✓ ^[[0m^[[90mExpect (NULL RESULT) to be true.^[[0m
sbcl-bin	Run tests	2026-09-29T04:20:05.2164812Z ^[[37mtest-parse-alpn-protocols-single^[[0m
sbcl-bin	Run tests	2026-09-29T04:20:05.2165203Z   ^[[37mparse-alpn-protocols parses single protocol^[[0m
sbcl-bin	Run tests	2026-09-29T04:20:05.2165619Z     ^[[32m✓ ^[[0m^[[90mExpect (EQUAL RESULT '("h2")) to be true.^[[0m
sbcl-bin	Run tests	2026-09-29T04:20:05.2166011Z ^[[37mtest-parse-alpn-protocols-multiple^[[0m
sbcl-bin	Run tests	2026-09-29T04:20:05.2166409Z   ^[[37mparse-alpn-protocols parses multiple protocols^[[0m
sbcl-bin	Run tests	2026-09-29T04:20:05.2166980Z     ^[[32m✓ ^[[0m^[[90mExpect (EQUAL RESULT '("h2" "http/1.1")) to be true.^[[0m
sbcl-bin	Run tests	2026-09-29T04:20:05.2167445Z ^[[37mtest-parse-alpn-protocols-three-protocols^[[0m
sbcl-bin	Run tests	2026-09-29T04:20:05.2167868Z   ^[[37mparse-alpn-protocols parses three protocols^[[0m
sbcl-bin	Run tests	2026-09-29T04:20:05.2168325Z     ^[[32m✓ ^[[0m^[[90mExpect (EQUAL RESULT '("h2" "http/1.1" "h3")) to be true.^[[0m
sbcl-bin	Run tests	2026-09-29T04:20:05.2168813Z ^[[37mtest-parse-alpn-protocols-zero-length-protocol^[[0m
sbcl-bin	Run tests	2026-09-29T04:20:05.2169247Z   ^[[37mparse-alpn-protocols skips zero-length protocol^[[0m
sbcl-bin	Run tests	2026-09-29T04:20:05.2169670Z     ^[[32m✓ ^[[0m^[[90mExpect (EQUAL RESULT '("h2")) to be true.^[[0m
sbcl-bin	Run tests	2026-09-29T04:20:05.2170078Z ^[[37mtest-parse-alpn-protocols-truncated^[[0m
sbcl-bin	Run tests	2026-09-29T04:20:05.2170510Z   ^[[37mparse-alpn-protocols handles truncated buffer gracefully^[[0m
sbcl-bin	Run tests	2026-09-29T04:20:05.2170949Z     ^[[32m✓ ^[[0m^[[90mExpect (NULL RESULT) to be true.^[[0m
sbcl-bin	Run tests	2026-09-29T04:20:05.2171355Z ^[[37mtest-parse-alpn-protocols-truncated-after-valid^[[0m
sbcl-bin	Run tests	2026-09-29T04:20:05.2171891Z   ^[[37ma truncated entry does not discard an earlier protocol or read past inlen^[[0m
sbcl-bin	Run tests	2026-09-29T04:20:05.2172394Z     ^[[32m✓ ^[[0m^[[90mExpect (EQUAL RESULT '("h2")) to be true.^[[0m
sbcl-bin	Run tests	2026-09-29T04:20:05.2172782Z ^[[37mtest-find-protocol-in-buffer-found^[[0m
sbcl-bin	Run tests	2026-09-29T04:20:05.2173183Z   ^[[37mfind-protocol-in-buffer finds existing protocol^[[0m
sbcl-bin	Run tests	2026-09-29T04:20:05.2173592Z     ^[[32m✓ ^[[0m^[[90mExpect (NULL PTR) to be false.^[[0m
sbcl-bin	Run tests	2026-09-29T04:20:05.2173960Z     ^[[32m✓ ^[[0m^[[90mExpect (= LEN 2) to be true.^[[0m
sbcl-bin	Run tests	2026-09-29T04:20:05.2174411Z     ^[[32m✓ ^[[0m^[[90mExpect (= (MEM-AREF PTR :UNSIGNED-CHAR 0) 104) to be true.^[[0m
sbcl-bin	Run tests	2026-09-29T04:20:05.2174947Z     ^[[32m✓ ^[[0m^[[90mExpect (= (MEM-AREF PTR :UNSIGNED-CHAR 1) 50) to be true.^[[0m
sbcl-bin	Run tests	2026-09-29T04:20:05.2175569Z ^[[37mtest-find-protocol-in-buffer-second-protocol^[[0m
sbcl-bin	Run tests	2026-09-29T04:20:05.2176002Z   ^[[37mfind-protocol-in-buffer finds second protocol^[[0m
sbcl-bin	Run tests	2026-09-29T04:20:05.2176392Z     ^[[32m✓ ^[[0m^[[90mExpect (NULL PTR) to be false.^[[0m
sbcl-bin	Run tests	2026-09-29T04:20:05.2176845Z     ^[[32m✓ ^[[0m^[[90mExpect (= LEN 8) to be true.^[[0m
sbcl-bin	Run tests	2026-09-29T04:20:05.2177288Z     ^[[32m✓ ^[[0m^[[90mExpect (= (MEM-AREF PTR :UNSIGNED-CHAR 0) 104) to be true.^[[0m
sbcl-bin	Run tests	2026-09-29T04:20:05.2177789Z     ^[[32m✓ ^[[0m^[[90mExpect (= (MEM-AREF PTR :UNSIGNED-CHAR 1) 116) to be true.^[[0m
sbcl-bin	Run tests	2026-09-29T04:20:05.2178282Z     ^[[32m✓ ^[[0m^[[90mExpect (= (MEM-AREF PTR :UNSIGNED-CHAR 2) 116) to be true.^[[0m
sbcl-bin	Run tests	2026-09-29T04:20:05.2178723Z ^[[37mtest-find-protocol-in-buffer-not-found^[[0m
sbcl-bin	Run tests	2026-09-29T04:20:05.2179190Z   ^[[37mfind-protocol-in-buffer returns nil when protocol not found^[[0m
sbcl-bin	Run tests	2026-09-29T04:20:05.2179642Z     ^[[32m✓ ^[[0m^[[90mExpect (NULL PTR) to be true.^[[0m
sbcl-bin	Run tests	2026-09-29T04:20:05.2180134Z     ^[[32m✓ ^[[0m^[[90mExpect (NULL LEN) to be true.^[[0m
sbcl-bin	Run tests	2026-09-29T04:20:05.2180489Z ^[[37mtest-find-protocol-in-buffer-empty^[[0m
sbcl-bin	Run tests	2026-09-29T04:20:05.2180871Z   ^[[37mfind-protocol-in-buffer handles empty buffer^[[0m
sbcl-bin	Run tests	2026-09-29T04:20:05.2181242Z     ^[[32m✓ ^[[0m^[[90mExpect (NULL PTR) to be true.^[[0m
sbcl-bin	Run tests	2026-09-29T04:20:05.2181580Z     ^[[32m✓ ^[[0m^[[90mExpect (NULL LEN) to be true.^[[0m
sbcl-bin	Run tests	2026-09-29T04:20:05.2181953Z ^[[37mtest-find-protocol-in-buffer-partial-match^[[0m
sbcl-bin	Run tests	2026-09-29T04:20:05.2182399Z   ^[[37mfind-protocol-in-buffer doesn't match partial strings^[[0m
sbcl-bin	Run tests	2026-09-29T04:20:05.2182817Z     ^[[32m✓ ^[[0m^[[90mExpect (NULL PTR) to be true.^[[0m
sbcl-bin	Run tests	2026-09-29T04:20:05.2183177Z     ^[[32m✓ ^[[0m^[[90mExpect (NULL LEN) to be true.^[[0m
sbcl-bin	Run tests	2026-09-29T04:20:05.2183553Z ^[[37mtest-find-protocol-in-buffer-truncated-entry^[[0m
sbcl-bin	Run tests	2026-09-29T04:20:05.2183972Z   ^[[37mfind-protocol-in-buffer does not read past inlen^[[0m
sbcl-bin	Run tests	2026-09-29T04:20:05.2184373Z     ^[[32m✓ ^[[0m^[[90mtruncated h2 is not a match^[[0m
sbcl-bin	Run tests	2026-09-29T04:20:05.2184735Z     ^[[32m✓ ^[[0m^[[90mExpect (NULL LEN) to be true.^[[0m
sbcl-bin	Run tests	2026-09-29T04:20:05.2185084Z     ^[[32m✓ ^[[0m^[[90min-bounds h3 is still found^[[0m
sbcl-bin	Run tests	2026-09-29T04:20:05.2185434Z     ^[[32m✓ ^[[0m^[[90mExpect (= LEN 2) to be true.^[[0m
sbcl-bin	Run tests	2026-09-29T04:20:05.2185782Z     ^[[32m✓ ^[[0m^[[90mExpect (NULL PTR) to be true.^[[0m
sbcl-bin	Run tests	2026-09-29T04:20:05.2186123Z     ^[[32m✓ ^[[0m^[[90mExpect (NULL LEN) to be true.^[[0m
sbcl-bin	Run tests	2026-09-29T04:20:05.2186457Z ^[[37mtest-make-alpn-selector-basic^[[0m
sbcl-bin	Run tests	2026-09-29T04:20:05.2187038Z   ^[[37mmake-alpn-selector creates working selector^[[0m
sbcl-bin	Run tests	2026-09-29T04:20:05.2187487Z     ^[[32m✓ ^[[0m^[[90mExpect (FUNCTIONP SELECTOR) to be true.^[[0m
sbcl-bin	Run tests	2026-09-29T04:20:05.2187912Z     ^[[32m✓ ^[[0m^[[90mExpect (STRING= RESULT "h2") to be true.^[[0m
sbcl-bin	Run tests	2026-09-29T04:20:05.2188434Z     ^[[32m✓ ^[[0m^[[90mExpect (STRING= RESULT "http/1.1") to be true.^[[0m
sbcl-bin	Run tests	2026-09-29T04:20:05.2188875Z ^[[37mtest-make-alpn-selector-order-preference^[[0m
sbcl-bin	Run tests	2026-09-29T04:20:05.2189311Z   ^[[37mmake-alpn-selector respects server preference order^[[0m
sbcl-bin	Run tests	2026-09-29T04:20:05.2189764Z     ^[[32m✓ ^[[0m^[[90mExpect (STRING= RESULT "h2") to be true.^[[0m
sbcl-bin	Run tests	2026-09-29T04:20:05.2190146Z ^[[37mtest-make-alpn-selector-no-match^[[0m
sbcl-bin	Run tests	2026-09-29T04:20:05.2190523Z   ^[[37mmake-alpn-selector returns nil when no match^[[0m
sbcl-bin	Run tests	2026-09-29T04:20:05.2190909Z     ^[[32m✓ ^[[0m^[[90mExpect (NULL RESULT) to be true.^[[0m
sbcl-bin	Run tests	2026-09-29T04:20:05.2191291Z ^[[37mtest-make-alpn-selector-empty-client-list^[[0m
sbcl-bin	Run tests	2026-09-29T04:20:05.2191691Z   ^[[37mmake-alpn-selector handles empty client list^[[0m
sbcl-bin	Run tests	2026-09-29T04:20:05.2192062Z     ^[[32m✓ ^[[0m^[[90mExpect (NULL RESULT) to be true.^[[0m
sbcl-bin	Run tests	2026-09-29T04:20:05.2192453Z ^[[37mtest-make-alpn-selector-empty-preferred-list^[[0m
sbcl-bin	Run tests	2026-09-29T04:20:05.2192904Z   ^[[37mmake-alpn-selector with empty preference list returns nil^[[0m
sbcl-bin	Run tests	2026-09-29T04:20:05.2193329Z     ^[[32m✓ ^[[0m^[[90mExpect (NULL RESULT) to be true.^[[0m
sbcl-bin	Run tests	2026-09-29T04:20:05.2193700Z ^[[37mtest-make-alpn-selector-single-protocol^[[0m
sbcl-bin	Run tests	2026-09-29T04:20:05.2194094Z   ^[[37mmake-alpn-selector works with single protocol^[[0m
sbcl-bin	Run tests	2026-09-29T04:20:05.2194517Z     ^[[32m✓ ^[[0m^[[90mExpect (STRING= RESULT "http/1.1") to be true.^[[0m
sbcl-bin	Run tests	2026-09-29T04:20:05.2195078Z     ^[[32m✓ ^[[0m^[[90mExpect (NULL RESULT) to be true.^[[0m
sbcl-bin	Run tests	2026-09-29T04:20:05.2195444Z ^[[37mtest-make-alpn-selector-case-sensitive^[[0m
sbcl-bin	Run tests	2026-09-29T04:20:05.2195810Z   ^[[37mmake-alpn-selector is case-sensitive^[[0m
sbcl-bin	Run tests	2026-09-29T04:20:05.2196171Z     ^[[32m✓ ^[[0m^[[90mExpect (NULL RESULT) to be true.^[[0m
sbcl-bin	Run tests	2026-09-29T04:20:05.2196543Z ^[[37mtest-make-alpn-selector-multiple-matches^[[0m
sbcl-bin	Run tests	2026-09-29T04:20:05.2197192Z   ^[[37mmake-alpn-selector returns first match in preference order^[[0m
sbcl-bin	Run tests	2026-09-29T04:20:05.2197650Z     ^[[32m✓ ^[[0m^[[90mExpect (STRING= RESULT "h2") to be true.^[[0m
sbcl-bin	Run tests	2026-09-29T04:20:05.2198072Z     ^[[32m✓ ^[[0m^[[90mExpect (STRING= RESULT "h3") to be true.^[[0m
sbcl-bin	Run tests	2026-09-29T04:20:05.2198454Z ^[[37mtest-alpn-protocols-default^[[0m
sbcl-bin	Run tests	2026-09-29T04:20:05.2198809Z   ^[[37m*alpn-protocols* has correct default value^[[0m
sbcl-bin	Run tests	2026-09-29T04:20:05.2199310Z     ^[[32m✓ ^[[0m^[[90mExpect (EQUAL (SYMBOL-VALUE (FIND-SYMBOL "*ALPN-PROTOCOLS*" :WOO.SSL))
sbcl-bin	Run tests	2026-09-29T04:20:05.2199925Z                     '("http/1.1")) to be true.^[[0m
sbcl-bin	Run tests	2026-09-29T04:20:05.2200287Z ^[[37mtest-alpn-callback-arg-roundtrip^[[0m
sbcl-bin	Run tests	2026-09-29T04:20:05.2200704Z   ^[[37mpreferred protocols encoded in a private callback arg^[[0m
sbcl-bin	Run tests	2026-09-29T04:20:05.2201152Z     ^[[32m✓ ^[[0m^[[90meach encode allocates its own buffer^[[0m
sbcl-bin	Run tests	2026-09-29T04:20:05.2201585Z     ^[[32m✓ ^[[0m^[[90mearlier buffer is not freed by a later encode^[[0m
sbcl-bin	Run tests	2026-09-29T04:20:05.2202232Z     ^[[32m✓ ^[[0m^[[90mExpect (EQUAL (WOO.SSL.ALPN::PROTOCOLS-FROM-ARG SECOND) '("http/1.1")) to be true.^[[0m
sbcl-bin	Run tests	2026-09-29T04:20:05.2202738Z ^[[37mtest-alpn-arg-per-context^[[0m
sbcl-bin	Run tests	2026-09-29T04:20:05.2203184Z   ^[[37meach SSL_CTX has its own callback arg and reconfigure does not free it^[[0m
sbcl-bin	Run tests	2026-09-29T04:20:05.2203689Z     ^[[32m✓ ^[[0m^[[90munchanged protocols keep the same pointer^[[0m
sbcl-bin	Run tests	2026-09-29T04:20:05.2204113Z     ^[[32m✓ ^[[0m^[[90mcontexts do not share one C buffer^[[0m
sbcl-bin	Run tests	2026-09-29T04:20:05.2204708Z     ^[[32m✓ ^[[0m^[[90mExpect (EQUAL (WOO.SSL.ALPN::PROTOCOLS-FROM-ARG A1) '("h2" "http/1.1")) to be true.^[[0m
sbcl-bin	Run tests	2026-09-29T04:20:05.2205450Z     ^[[32m✓ ^[[0m^[[90mExpect (EQUAL (WOO.SSL.ALPN::PROTOCOLS-FROM-ARG B1) '("http/1.1")) to be true.^[[0m
sbcl-bin	Run tests	2026-09-29T04:20:05.2205958Z     ^[[32m✓ ^[[0m^[[90ma new list gets a new buffer^[[0m
sbcl-bin	Run tests	2026-09-29T04:20:05.2206328Z     ^[[32m✓ ^[[0m^[[90mprevious arg is still readable^[[0m
sbcl-bin	Run tests	2026-09-29T04:20:05.2206966Z     ^[[32m✓ ^[[0m^[[90mExpect (EQUAL (WOO.SSL.ALPN::PROTOCOLS-FROM-ARG A3) '("h2")) to be true.^[[0m
sbcl-bin	Run tests	2026-09-29T04:20:05.2207462Z     ^[[32m✓ ^[[0m^[[90mthe other context is untouched^[[0m
sbcl-bin	Run tests	2026-09-29T04:20:05.2207852Z ^[[37mtest-alpn-callback-inbounds-and-truncated^[[0m
sbcl-bin	Run tests	2026-09-29T04:20:05.2208370Z   ^[[37mALPN callback selects an in-bounds protocol and rejects a truncated list^[[0m
sbcl-bin	Run tests	2026-09-29T04:20:05.2208894Z     ^[[32m✓ ^[[0m^[[90mExpect (= RC +SSL-TLSEXT-ERR-OK+) to be true.^[[0m
sbcl-bin	Run tests	2026-09-29T04:20:05.2209304Z     ^[[32m✓ ^[[0m^[[90mExpect (= OUTLEN 2) to be true.^[[0m
sbcl-bin	Run tests	2026-09-29T04:20:05.2209735Z     ^[[32m✓ ^[[0m^[[90mExpect (CFFI-SYS:NULL-POINTER-P OUT) to be false.^[[0m
sbcl-bin	Run tests	2026-09-29T04:20:05.2210260Z     ^[[32m✓ ^[[0m^[[90mExpect (= (MEM-AREF OUT :UNSIGNED-CHAR 0) 104) to be true.^[[0m
sbcl-bin	Run tests	2026-09-29T04:20:05.2210933Z     ^[[32m✓ ^[[0m^[[90mExpect (= (MEM-AREF OUT :UNSIGNED-CHAR 1) 50) to be true.^[[0m
sbcl-bin	Run tests	2026-09-29T04:20:05.2211425Z     ^[[32m✓ ^[[0m^[[90mExpect (= RC +SSL-TLSEXT-ERR-NOACK+) to be true.^[[0m
sbcl-bin	Run tests	2026-09-29T04:20:05.2211880Z     ^[[32m✓ ^[[0m^[[90mtruncated match must not publish a length^[[0m
sbcl-bin	Run tests	2026-09-29T04:20:05.2212364Z     ^[[32m✓ ^[[0m^[[90mtruncated match must not publish a pointer past inlen^[[0m
sbcl-bin	Run tests	2026-09-29T04:20:05.2212791Z ^[[37mtest-alpn-truncated-allocation^[[0m
sbcl-bin	Run tests	2026-09-29T04:20:05.2213220Z   ^[[37mscanner and callback do not read past a truncated ALPN buffer^[[0m
sbcl-bin	Run tests	2026-09-29T04:20:05.2213651Z     ^[[32m✓ ^[[0m^[[90mExpect (NULL PTR) to be true.^[[0m
sbcl-bin	Run tests	2026-09-29T04:20:05.2214016Z     ^[[32m✓ ^[[0m^[[90mExpect (NULL LEN) to be true.^[[0m
sbcl-bin	Run tests	2026-09-29T04:20:05.2214364Z     ^[[32m✓ ^[[0m^[[90mExpect (NULL PTR) to be false.^[[0m
sbcl-bin	Run tests	2026-09-29T04:20:05.2214716Z     ^[[32m✓ ^[[0m^[[90mExpect (= LEN 2) to be true.^[[0m
sbcl-bin	Run tests	2026-09-29T04:20:05.2215303Z     ^[[32m✓ ^[[0m^[[90mExpect (= (MEM-AREF PTR :UNSIGNED-CHAR 0) 104) to be true.^[[0m
sbcl-bin	Run tests	2026-09-29T04:20:05.2215806Z     ^[[32m✓ ^[[0m^[[90mExpect (= (MEM-AREF PTR :UNSIGNED-CHAR 1) 50) to be true.^[[0m
sbcl-bin	Run tests	2026-09-29T04:20:05.2216270Z     ^[[32m✓ ^[[0m^[[90mExpect (= RC +SSL-TLSEXT-ERR-OK+) to be true.^[[0m
sbcl-bin	Run tests	2026-09-29T04:20:05.2216672Z     ^[[32m✓ ^[[0m^[[90mExpect (= OUTLEN 2) to be true.^[[0m
sbcl-bin	Run tests	2026-09-29T04:20:05.2217197Z     ^[[32m✓ ^[[0m^[[90mExpect (CFFI-SYS:NULL-POINTER-P OUT) to be false.^[[0m
sbcl-bin	Run tests	2026-09-29T04:20:05.2217762Z     ^[[32m✓ ^[[0m^[[90mExpect (= (MEM-AREF OUT :UNSIGNED-CHAR 0) 104) to be true.^[[0m
sbcl-bin	Run tests	2026-09-29T04:20:05.2218270Z     ^[[32m✓ ^[[0m^[[90mExpect (= (MEM-AREF OUT :UNSIGNED-CHAR 1) 50) to be true.^[[0m
sbcl-bin	Run tests	2026-09-29T04:20:05.2218746Z     ^[[32m✓ ^[[0m^[[90mExpect (= RC +SSL-TLSEXT-ERR-NOACK+) to be true.^[[0m
sbcl-bin	Run tests	2026-09-29T04:20:05.2219148Z     ^[[32m✓ ^[[0m^[[90mExpect (= OUTLEN 0) to be true.^[[0m
sbcl-bin	Run tests	2026-09-29T04:20:05.2219552Z     ^[[32m✓ ^[[0m^[[90mExpect (CFFI-SYS:NULL-POINTER-P OUT) to be true.^[[0m
sbcl-bin	Run tests	2026-09-29T04:20:05.2219828Z 
sbcl-bin	Run tests	2026-09-29T04:20:05.2219949Z ;; testing 'woo-test.response-validation'
sbcl-bin	Run tests	2026-09-29T04:20:05.2220298Z ^[[37mvalidates-response-shape-and-types^[[0m
sbcl-bin	Run tests	2026-09-29T04:20:05.2220939Z   ^[[32m✓ ^[[0m^[[90mExpect (HANDLER-CASE (PROGN (WOO::VALIDATE-RESPONSE '(200 NIL ("ok"))) NIL)
sbcl-bin	Run tests	2026-09-29T04:20:05.2221440Z                          (ERROR NIL T)) to be false.^[[0m
sbcl-bin	Run tests	2026-09-29T04:20:05.2221779Z ^[[37mnormalizes-without-interning^[[0m
sbcl-bin	Run tests	2026-09-29T04:20:05.2222194Z   ^[[32m✓ ^[[0m^[[90mExpect (STRINGP (FIRST (SECOND RESPONSE))) to be true.^[[0m
sbcl-bin	Run tests	2026-09-29T04:20:05.2222759Z   ^[[32m✓ ^[[0m^[[90mExpect (NULL (FIND-SYMBOL (STRING-UPCASE NAME) :KEYWORD)) to be true.^[[0m
sbcl-bin	Run tests	2026-09-29T04:20:05.2223286Z ^[[37mchecks-content-length-and-generated-framing^[[0m
sbcl-bin	Run tests	2026-09-29T04:20:05.2223654Z   ^[[32m✓ ^[[0m^[[90mExpect (HANDLER-CASE
sbcl-bin	Run tests	2026-09-29T04:20:05.2224039Z             (PROGN (WOO::VALIDATE-RESPONSE '(200 (:CONTENT-LENGTH 2) ("bad"))) NIL)
sbcl-bin	Run tests	2026-09-29T04:20:05.2224469Z             (ERROR NIL T)) to be true.^[[0m
sbcl-bin	Run tests	2026-09-29T04:20:05.2224862Z   ^[[32m✓ ^[[0m^[[90mapplication transfer encoding is removed^[[0m
sbcl-bin	Run tests	2026-09-29T04:20:05.2225302Z   ^[[32m✓ ^[[0m^[[90mHEAD responses do not compare body length^[[0m
sbcl-bin	Run tests	2026-09-29T04:20:05.2225535Z 
sbcl-bin	Run tests	2026-09-29T04:20:05.2225639Z ;; testing 'woo-test.static'
sbcl-bin	Run tests	2026-09-29T04:20:05.2225935Z ^[[37mpathname-response-has-a-body^[[0m
sbcl-bin	Run tests	2026-09-29T04:20:05.3152853Z   ^[[37mServe a pathname response^[[0m
sbcl-bin	Run tests	2026-09-29T04:20:05.3157027Z     ^[[32m✓ ^[[0m^[[90mExpect (AND (SEARCH "HTTP/1.1 200 OK" RESPONSE)
sbcl-bin	Run tests	2026-09-29T04:20:05.3157901Z                   (SEARCH "Woo private static fixture" RESPONSE)) to be true.^[[0m
sbcl-bin	Run tests	2026-09-29T04:20:05.8164996Z ^[[37mpathname-failures-have-distinct-statuses^[[0m
sbcl-bin	Run tests	2026-09-29T04:20:05.9356176Z   ^[[37mClassify missing files and directories^[[0m
sbcl-bin	Run tests	2026-09-29T04:20:05.9365550Z     ^[[32m✓ ^[[0m^[[90mExpect (AND (SEARCH "HTTP/1.1 404 Not Found" MISSING)
sbcl-bin	Run tests	2026-09-29T04:20:05.9366262Z                   (SEARCH "HTTP/1.1 500 Internal Server Error" MISMATCH-RESPONSE)
sbcl-bin	Run tests	2026-09-29T04:20:05.9367269Z                   (SEARCH "HTTP/1.1 403 Forbidden" DIRECTORY)) to be true.^[[0m
sbcl-bin	Run tests	2026-09-29T04:20:06.4372844Z ^[[37munreadable-path-is-forbidden^[[0m
sbcl-bin	Run tests	2026-09-29T04:20:06.5384175Z   ^[[37mReject unreadable pathname^[[0m
sbcl-bin	Run tests	2026-09-29T04:20:06.5387457Z     ^[[32m✓ ^[[0m^[[90mExpect (SEARCH "HTTP/1.1 403 Forbidden" RESPONSE) to be true.^[[0m
sbcl-bin	Run tests	2026-09-29T04:20:07.0396543Z 
sbcl-bin	Run tests	2026-09-29T04:20:07.0397345Z ;; testing 'woo-test.upload'
sbcl-bin	Run tests	2026-09-29T04:20:07.0398124Z ^[[37mdeclared-body-limit-is-rejected^[[0m
sbcl-bin	Run tests	2026-09-29T04:20:07.1408676Z   ^[[37mReject an oversized declared request body^[[0m
sbcl-bin	Run tests	2026-09-29T04:20:07.1412412Z     ^[[32m✓ ^[[0m^[[90mExpect (AND (SEARCH "413 Request Entity Too Large" RESPONSE) (NOT CALLED)) to be true.^[[0m
sbcl-bin	Run tests	2026-09-29T04:20:07.6418430Z ^[[37mfragmented-fixed-body-preserves-next-request^[[0m
sbcl-bin	Run tests	2026-09-29T04:20:07.7429081Z   ^[[37mKeep fragmented fixed bodies aligned^[[0m
sbcl-bin	Run tests	2026-09-29T04:20:07.7433009Z     ^[[32m✓ ^[[0m^[[90mExpect (AND (SEARCH "HTTP/1.1 200 OK" RESPONSE)
sbcl-bin	Run tests	2026-09-29T04:20:07.7433732Z                   (EQUAL (REVERSE SEEN) '("/body" "/next"))) to be true.^[[0m
sbcl-bin	Run tests	2026-09-29T04:20:08.2438822Z ^[[37mspilled-body-files-are-removed-after-response-and-abort^[[0m
sbcl-bin	Run tests	2026-09-29T04:20:08.3449970Z   ^[[37mRemove spilled request body after response^[[0m
sbcl-bin	Run tests	2026-09-29T04:20:08.3454963Z     ^[[32m✓ ^[[0m^[[90mExpect (AND SPILL-PATH
sbcl-bin	Run tests	2026-09-29T04:20:08.3455518Z                   (SEARCH (STRING (CAR (LAST (PATHNAME-DIRECTORY DIR))))
sbcl-bin	Run tests	2026-09-29T04:20:08.3456240Z                           (NAMESTRING SPILL-PATH))) to be true.^[[0m
sbcl-bin	Run tests	2026-09-29T04:20:08.3457206Z     ^[[32m✓ ^[[0m^[[90mExpect (OPEN-STREAM-P SPILL-STREAM) to be false.^[[0m
sbcl-bin	Run tests	2026-09-29T04:20:08.3457990Z     ^[[32m✓ ^[[0m^[[90mExpect (PROBE-FILE SPILL-PATH) to be false.^[[0m
sbcl-bin	Run tests	2026-09-29T04:20:08.8464350Z   ^[[32m✓ ^[[0m^[[90mExpect SAW-SPILL to be true.^[[0m
sbcl-bin	Run tests	2026-09-29T04:20:08.8464970Z   ^[[32m✓ ^[[0m^[[90mExpect KEEPALIVE-SEEN to be true.^[[0m
sbcl-bin	Run tests	2026-09-29T04:20:08.8465514Z   ^[[32m✓ ^[[0m^[[90mExpect (NULL (UIOP/FILESYSTEM:DIRECTORY-FILES DIR)) to be true.^[[0m
sbcl-bin	Run tests	2026-09-29T04:20:08.9485671Z   ^[[37mRemove spilled request body after abort^[[0m
sbcl-bin	Run tests	2026-09-29T04:20:08.9587223Z     ^[[32m✓ ^[[0m^[[90mExpect ABORT-SEEN to be true.^[[0m
sbcl-bin	Run tests	2026-09-29T04:20:08.9587896Z     ^[[32m✓ ^[[0m^[[90mExpect ABORT-BODY-PATH to be true.^[[0m
sbcl-bin	Run tests	2026-09-29T04:20:09.1609051Z     ^[[32m✓ ^[[0m^[[90mExpect (OPEN-STREAM-P ABORT-BODY-STREAM) to be false.^[[0m
sbcl-bin	Run tests	2026-09-29T04:20:09.1610015Z     ^[[32m✓ ^[[0m^[[90mExpect (PROBE-FILE ABORT-BODY-PATH) to be false.^[[0m
sbcl-bin	Run tests	2026-09-29T04:20:09.1610893Z     ^[[32m✓ ^[[0m^[[90mExpect (NULL (UIOP/FILESYSTEM:DIRECTORY-FILES DIR)) to be true.^[[0m
sbcl-bin	Run tests	2026-09-29T04:20:09.1612978Z     ^[[32m✓ ^[[0m^[[90mExpect (SEARCH "HTTP/1.1 200 OK"
sbcl-bin	Run tests	2026-09-29T04:20:09.1613626Z                      (WOO-TEST::RAW-EXCHANGE CLACK.TEST:*CLACK-TEST-PORT*
sbcl-bin	Run tests	2026-09-29T04:20:09.1614220Z                                              (WOO-TEST::CRLF-LINES
sbcl-bin	Run tests	2026-09-29T04:20:09.1614741Z                                               "GET /health HTTP/1.1"
sbcl-bin	Run tests	2026-09-29T04:20:09.1615330Z                                               "Host: localhost" "Connection: close"
sbcl-bin	Run tests	2026-09-29T04:20:09.1616035Z                                               ""))) to be true.^[[0m
sbcl-bin	Run tests	2026-09-29T04:20:09.6620917Z   ^[[32m✓ ^[[0m^[[90mExpect (NULL (UIOP/FILESYSTEM:DIRECTORY-FILES DIR)) to be true.^[[0m
sbcl-bin	Run tests	2026-09-29T04:20:09.6621550Z 
sbcl-bin	Run tests	2026-09-29T04:20:09.6621718Z ;; testing 'woo-test.body-limit'
sbcl-bin	Run tests	2026-09-29T04:20:09.6622199Z ^[[37mbody-limit-and-cleanup^[[0m
sbcl-bin	Run tests	2026-09-29T04:20:09.6623110Z NOTICE: Running in debug mode. Debugger will be invoked on errors.
sbcl-bin	Run tests	2026-09-29T04:20:09.7633212Z   Specify ':debug nil' to turn it off on remote environments.  ^[[37ma spilled body is released after the response^[[0m
sbcl-bin	Run tests	2026-09-29T04:20:09.7640897Z     ^[[32m✓ ^[[0m^[[90mExpect (= STATUS 200) to be true.^[[0m
sbcl-bin	Run tests	2026-09-29T04:20:09.7641771Z     ^[[32m✓ ^[[0m^[[90mExpect (STRING= RESPONSE (PRINC-TO-STRING (LENGTH BODY))) to be true.^[[0m
sbcl-bin	Run tests	2026-09-29T04:20:09.7642582Z     ^[[32m✓ ^[[0m^[[90mthe body crossed the memory limit^[[0m
sbcl-bin	Run tests	2026-09-29T04:20:09.8144753Z     ^[[32m✓ ^[[0m^[[90mthe finalized body file is deleted within the cleanup deadline^[[0m^[[33m (50ms)^[[0m
sbcl-bin	Run tests	2026-09-29T04:20:10.3150806Z NOTICE: Running in debug mode. Debugger will be invoked on errors.
sbcl-bin	Run tests	2026-09-29T04:20:10.4159898Z   Specify ':debug nil' to turn it off on remote environments.  ^[[37ma chunked body over the limit is cleaned up^[[0m
sbcl-bin	Run tests	2026-09-29T04:20:10.4166978Z     ^[[32m✓ ^[[0m^[[90mExpect (SEARCH "HTTP/1.1 413 " RESPONSE) to be true.^[[0m
sbcl-bin	Run tests	2026-09-29T04:20:10.4167687Z     ^[[32m✓ ^[[0m^[[90mthe rejected body file is deleted^[[0m
sbcl-bin	Run tests	2026-09-29T04:20:10.9174282Z ^[[37mdeclared-body-limit-before-payload^[[0m
sbcl-bin	Run tests	2026-09-29T04:20:10.9176134Z NOTICE: Running in debug mode. Debugger will be invoked on errors.
sbcl-bin	Run tests	2026-09-29T04:20:11.0187414Z   Specify ':debug nil' to turn it off on remote environments.  ^[[37ma declared oversized body is rejected without sending payload^[[0m
sbcl-bin	Run tests	2026-09-29T04:20:11.0189164Z     ^[[32m✓ ^[[0m^[[90mExpect (SEARCH "HTTP/1.1 413 " RESPONSE) to be true.^[[0m
sbcl-bin	Run tests	2026-09-29T04:20:11.0190039Z     ^[[32m✓ ^[[0m^[[90mExpect (SEARCH "HTTP/1.1 " RESPONSE :START2 1) to be false.^[[0m
sbcl-bin	Run tests	2026-09-29T04:20:11.0191364Z     ^[[32m✓ ^[[0m^[[90mExpect (NULL (BODY-FILES)) to be true.^[[0m
sbcl-bin	Run tests	2026-09-29T04:20:11.5198135Z 
sbcl-bin	Run tests	2026-09-29T04:20:11.5198844Z ;; testing 'woo-test.hpack'
sbcl-bin	Run tests	2026-09-29T04:20:11.5199632Z ^[[37mhpack-context-creation^[[0m
sbcl-bin	Run tests	2026-09-29T04:20:11.5200117Z   ^[[37mCreate default HPACK context^[[0m
sbcl-bin	Run tests	2026-09-29T04:20:11.5200797Z     ^[[32m✓ ^[[0m^[[90mExpect CTX to be an instance of HPACK-CONTEXT.^[[0m
sbcl-bin	Run tests	2026-09-29T04:20:11.5201677Z     ^[[32m✓ ^[[0m^[[90mExpect (= (HPACK-CONTEXT-DYNAMIC-TABLE-SIZE CTX) 0) to be true.^[[0m
sbcl-bin	Run tests	2026-09-29T04:20:11.5202695Z     ^[[32m✓ ^[[0m^[[90mExpect (= (HPACK-CONTEXT-MAX-DYNAMIC-TABLE-SIZE CTX) 4096) to be true.^[[0m
sbcl-bin	Run tests	2026-09-29T04:20:11.5208316Z     ^[[32m✓ ^[[0m^[[90mExpect (= (LENGTH (HPACK-CONTEXT-DYNAMIC-TABLE CTX)) 0) to be true.^[[0m
sbcl-bin	Run tests	2026-09-29T04:20:11.5208970Z   ^[[37mCreate HPACK context with custom max size^[[0m
sbcl-bin	Run tests	2026-09-29T04:20:11.5209600Z     ^[[32m✓ ^[[0m^[[90mExpect (= (HPACK-CONTEXT-MAX-DYNAMIC-TABLE-SIZE CTX) 8192) to be true.^[[0m
sbcl-bin	Run tests	2026-09-29T04:20:11.5210178Z ^[[37mhpack-integer-encoding-small^[[0m
sbcl-bin	Run tests	2026-09-29T04:20:11.5210619Z   ^[[37mEncode small integers (less than 2^N-1)^[[0m
sbcl-bin	Run tests	2026-09-29T04:20:11.5211112Z     ^[[32m✓ ^[[0m^[[90mExpect (EQUAL BYTES '(10)) to be true.^[[0m
sbcl-bin	Run tests	2026-09-29T04:20:11.5211579Z     ^[[32m✓ ^[[0m^[[90mExpect (= (LENGTH BYTES) 1) to be true.^[[0m
sbcl-bin	Run tests	2026-09-29T04:20:11.5212036Z     ^[[32m✓ ^[[0m^[[90mExpect (EQUAL BYTES '(5)) to be true.^[[0m
sbcl-bin	Run tests	2026-09-29T04:20:11.5212460Z     ^[[32m✓ ^[[0m^[[90mExpect (= (LENGTH BYTES) 1) to be true.^[[0m
sbcl-bin	Run tests	2026-09-29T04:20:11.5212897Z     ^[[32m✓ ^[[0m^[[90mExpect (EQUAL BYTES '(42)) to be true.^[[0m
sbcl-bin	Run tests	2026-09-29T04:20:11.5213330Z     ^[[32m✓ ^[[0m^[[90mExpect (= (LENGTH BYTES) 1) to be true.^[[0m
sbcl-bin	Run tests	2026-09-29T04:20:11.5213744Z ^[[37mhpack-integer-encoding-boundary^[[0m
sbcl-bin	Run tests	2026-09-29T04:20:11.5214202Z   ^[[37mEncode integers at boundary (2^N-1)^[[0m
sbcl-bin	Run tests	2026-09-29T04:20:11.5214640Z     ^[[32m✓ ^[[0m^[[90mExpect (EQUAL BYTES '(31 0)) to be true.^[[0m
sbcl-bin	Run tests	2026-09-29T04:20:11.5215092Z     ^[[32m✓ ^[[0m^[[90mExpect (EQUAL BYTES '(7 0)) to be true.^[[0m
sbcl-bin	Run tests	2026-09-29T04:20:11.5215516Z     ^[[32m✓ ^[[0m^[[90mExpect (EQUAL BYTES '(63 0)) to be true.^[[0m
sbcl-bin	Run tests	2026-09-29T04:20:11.5215948Z ^[[37mhpack-integer-encoding-large^[[0m
sbcl-bin	Run tests	2026-09-29T04:20:11.5216310Z   ^[[37mEncode large integers (greater than 2^N-1)^[[0m
sbcl-bin	Run tests	2026-09-29T04:20:11.5216951Z     ^[[32m✓ ^[[0m^[[90mExpect (= (LENGTH BYTES) 3) to be true.^[[0m
sbcl-bin	Run tests	2026-09-29T04:20:11.5217378Z     ^[[32m✓ ^[[0m^[[90mExpect (= (FIRST BYTES) 31) to be true.^[[0m
sbcl-bin	Run tests	2026-09-29T04:20:11.5217890Z     ^[[32m✓ ^[[0m^[[90mExpect (= (LOGAND (SECOND BYTES) 128) 128) to be true.^[[0m
sbcl-bin	Run tests	2026-09-29T04:20:11.5218435Z     ^[[32m✓ ^[[0m^[[90mExpect (= (LOGAND (THIRD BYTES) 128) 0) to be true.^[[0m
sbcl-bin	Run tests	2026-09-29T04:20:11.5218933Z     ^[[32m✓ ^[[0m^[[90mExpect (>= (LENGTH BYTES) 1) to be true.^[[0m
sbcl-bin	Run tests	2026-09-29T04:20:11.5219400Z     ^[[32m✓ ^[[0m^[[90mExpect (= (FIRST BYTES) 127) to be true.^[[0m
sbcl-bin	Run tests	2026-09-29T04:20:11.5219822Z     ^[[32m✓ ^[[0m^[[90mExpect (= (LENGTH BYTES) 2) to be true.^[[0m
sbcl-bin	Run tests	2026-09-29T04:20:11.5220278Z     ^[[32m✓ ^[[0m^[[90mExpect (EQUAL BYTES '(127 1)) to be true.^[[0m
sbcl-bin	Run tests	2026-09-29T04:20:11.5220719Z ^[[37mhpack-integer-encoding-with-prefix^[[0m
sbcl-bin	Run tests	2026-09-29T04:20:11.5221206Z   ^[[37mEncode integers with non-zero first byte prefix^[[0m
sbcl-bin	Run tests	2026-09-29T04:20:11.5222038Z     ^[[32m✓ ^[[0m^[[90mExpect (EQUAL BYTES '(234)) to be true.^[[0m
sbcl-bin	Run tests	2026-09-29T04:20:11.5222563Z     ^[[32m✓ ^[[0m^[[90mExpect (= (LOGAND (FIRST BYTES) 224) 224) to be true.^[[0m
sbcl-bin	Run tests	2026-09-29T04:20:11.5223068Z     ^[[32m✓ ^[[0m^[[90mExpect (EQUAL BYTES '(106)) to be true.^[[0m
sbcl-bin	Run tests	2026-09-29T04:20:11.5223499Z ^[[37mhpack-integer-decoding-roundtrip^[[0m
sbcl-bin	Run tests	2026-09-29T04:20:11.5223927Z   ^[[37mDecode integers - roundtrip with encoding^[[0m
sbcl-bin	Run tests	2026-09-29T04:20:11.5224374Z     ^[[32m✓ ^[[0m^[[90mExpect (= DECODED VALUE) to be true.^[[0m
sbcl-bin	Run tests	2026-09-29T04:20:11.5224844Z     ^[[32m✓ ^[[0m^[[90mExpect (= CONSUMED (LENGTH ENCODED)) to be true.^[[0m
sbcl-bin	Run tests	2026-09-29T04:20:11.5225345Z     ^[[32m✓ ^[[0m^[[90mExpect (= DECODED VALUE) to be true.^[[0m
sbcl-bin	Run tests	2026-09-29T04:20:11.5225799Z     ^[[32m✓ ^[[0m^[[90mExpect (= CONSUMED (LENGTH ENCODED)) to be true.^[[0m
sbcl-bin	Run tests	2026-09-29T04:20:11.5226264Z     ^[[32m✓ ^[[0m^[[90mExpect (= DECODED VALUE) to be true.^[[0m
sbcl-bin	Run tests	2026-09-29T04:20:11.5227524Z     ^[[32m✓ ^[[0m^[[90mExpect (= CONSUMED (LENGTH ENCODED)) to be true.^[[0m
sbcl-bin	Run tests	2026-09-29T04:20:11.5228483Z     ^[[32m✓ ^[[0m^[[90mExpect (= DECODED VALUE) to be true.^[[0m
sbcl-bin	Run tests	2026-09-29T04:20:11.5229159Z     ^[[32m✓ ^[[0m^[[90mExpect (= CONSUMED (LENGTH ENCODED)) to be true.^[[0m
sbcl-bin	Run tests	2026-09-29T04:20:11.5229825Z     ^[[32m✓ ^[[0m^[[90mExpect (= DECODED VALUE) to be true.^[[0m
sbcl-bin	Run tests	2026-09-29T04:20:11.5230483Z     ^[[32m✓ ^[[0m^[[90mExpect (= CONSUMED (LENGTH ENCODED)) to be true.^[[0m
sbcl-bin	Run tests	2026-09-29T04:20:11.5231134Z     ^[[32m✓ ^[[0m^[[90mExpect (= DECODED VALUE) to be true.^[[0m
sbcl-bin	Run tests	2026-09-29T04:20:11.5231794Z     ^[[32m✓ ^[[0m^[[90mExpect (= CONSUMED (LENGTH ENCODED)) to be true.^[[0m
sbcl-bin	Run tests	2026-09-29T04:20:11.5232472Z     ^[[32m✓ ^[[0m^[[90mExpect (= DECODED VALUE) to be true.^[[0m
sbcl-bin	Run tests	2026-09-29T04:20:11.5233154Z     ^[[32m✓ ^[[0m^[[90mExpect (= CONSUMED (LENGTH ENCODED)) to be true.^[[0m
sbcl-bin	Run tests	2026-09-29T04:20:11.5233805Z     ^[[32m✓ ^[[0m^[[90mExpect (= DECODED VALUE) to be true.^[[0m
sbcl-bin	Run tests	2026-09-29T04:20:11.5234464Z     ^[[32m✓ ^[[0m^[[90mExpect (= CONSUMED (LENGTH ENCODED)) to be true.^[[0m
sbcl-bin	Run tests	2026-09-29T04:20:11.5235143Z     ^[[32m✓ ^[[0m^[[90mExpect (= DECODED VALUE) to be true.^[[0m
sbcl-bin	Run tests	2026-09-29T04:20:11.5235792Z     ^[[32m✓ ^[[0m^[[90mExpect (= CONSUMED (LENGTH ENCODED)) to be true.^[[0m
sbcl-bin	Run tests	2026-09-29T04:20:11.5236445Z     ^[[32m✓ ^[[0m^[[90mExpect (= DECODED VALUE) to be true.^[[0m
sbcl-bin	Run tests	2026-09-29T04:20:11.5237354Z     ^[[32m✓ ^[[0m^[[90mExpect (= CONSUMED (LENGTH ENCODED)) to be true.^[[0m
sbcl-bin	Run tests	2026-09-29T04:20:11.5238014Z     ^[[32m✓ ^[[0m^[[90mExpect (= DECODED VALUE) to be true.^[[0m
sbcl-bin	Run tests	2026-09-29T04:20:11.5238670Z     ^[[32m✓ ^[[0m^[[90mExpect (= CONSUMED (LENGTH ENCODED)) to be true.^[[0m
sbcl-bin	Run tests	2026-09-29T04:20:11.5239324Z     ^[[32m✓ ^[[0m^[[90mExpect (= DECODED VALUE) to be true.^[[0m
sbcl-bin	Run tests	2026-09-29T04:20:11.5239971Z     ^[[32m✓ ^[[0m^[[90mExpect (= CONSUMED (LENGTH ENCODED)) to be true.^[[0m
sbcl-bin	Run tests	2026-09-29T04:20:11.5240642Z     ^[[32m✓ ^[[0m^[[90mExpect (= DECODED VALUE) to be true.^[[0m
sbcl-bin	Run tests	2026-09-29T04:20:11.5241292Z     ^[[32m✓ ^[[0m^[[90mExpect (= CONSUMED (LENGTH ENCODED)) to be true.^[[0m
sbcl-bin	Run tests	2026-09-29T04:20:11.5241973Z     ^[[32m✓ ^[[0m^[[90mExpect (= DECODED VALUE) to be true.^[[0m
sbcl-bin	Run tests	2026-09-29T04:20:11.5242644Z     ^[[32m✓ ^[[0m^[[90mExpect (= CONSUMED (LENGTH ENCODED)) to be true.^[[0m
sbcl-bin	Run tests	2026-09-29T04:20:11.5243291Z     ^[[32m✓ ^[[0m^[[90mExpect (= DECODED VALUE) to be true.^[[0m
sbcl-bin	Run tests	2026-09-29T04:20:11.5243951Z     ^[[32m✓ ^[[0m^[[90mExpect (= CONSUMED (LENGTH ENCODED)) to be true.^[[0m
sbcl-bin	Run tests	2026-09-29T04:20:11.5244606Z     ^[[32m✓ ^[[0m^[[90mExpect (= DECODED VALUE) to be true.^[[0m
sbcl-bin	Run tests	2026-09-29T04:20:11.5245259Z     ^[[32m✓ ^[[0m^[[90mExpect (= CONSUMED (LENGTH ENCODED)) to be true.^[[0m
sbcl-bin	Run tests	2026-09-29T04:20:11.5245913Z     ^[[32m✓ ^[[0m^[[90mExpect (= DECODED VALUE) to be true.^[[0m
sbcl-bin	Run tests	2026-09-29T04:20:11.5246569Z     ^[[32m✓ ^[[0m^[[90mExpect (= CONSUMED (LENGTH ENCODED)) to be true.^[[0m
sbcl-bin	Run tests	2026-09-29T04:20:11.5247449Z     ^[[32m✓ ^[[0m^[[90mExpect (= DECODED VALUE) to be true.^[[0m
sbcl-bin	Run tests	2026-09-29T04:20:11.5248101Z     ^[[32m✓ ^[[0m^[[90mExpect (= CONSUMED (LENGTH ENCODED)) to be true.^[[0m
sbcl-bin	Run tests	2026-09-29T04:20:11.5248750Z     ^[[32m✓ ^[[0m^[[90mExpect (= DECODED VALUE) to be true.^[[0m
sbcl-bin	Run tests	2026-09-29T04:20:11.5249421Z     ^[[32m✓ ^[[0m^[[90mExpect (= CONSUMED (LENGTH ENCODED)) to be true.^[[0m
sbcl-bin	Run tests	2026-09-29T04:20:11.5250300Z     ^[[32m✓ ^[[0m^[[90mExpect (= DECODED VALUE) to be true.^[[0m
sbcl-bin	Run tests	2026-09-29T04:20:11.5250959Z     ^[[32m✓ ^[[0m^[[90mExpect (= CONSUMED (LENGTH ENCODED)) to be true.^[[0m
sbcl-bin	Run tests	2026-09-29T04:20:11.5251610Z     ^[[32m✓ ^[[0m^[[90mExpect (= DECODED VALUE) to be true.^[[0m
sbcl-bin	Run tests	2026-09-29T04:20:11.5252263Z     ^[[32m✓ ^[[0m^[[90mExpect (= CONSUMED (LENGTH ENCODED)) to be true.^[[0m
sbcl-bin	Run tests	2026-09-29T04:20:11.5252921Z     ^[[32m✓ ^[[0m^[[90mExpect (= DECODED VALUE) to be true.^[[0m
sbcl-bin	Run tests	2026-09-29T04:20:11.5253569Z     ^[[32m✓ ^[[0m^[[90mExpect (= CONSUMED (LENGTH ENCODED)) to be true.^[[0m
sbcl-bin	Run tests	2026-09-29T04:20:11.5254224Z     ^[[32m✓ ^[[0m^[[90mExpect (= DECODED VALUE) to be true.^[[0m
sbcl-bin	Run tests	2026-09-29T04:20:11.5254870Z     ^[[32m✓ ^[[0m^[[90mExpect (= CONSUMED (LENGTH ENCODED)) to be true.^[[0m
sbcl-bin	Run tests	2026-09-29T04:20:11.5255519Z     ^[[32m✓ ^[[0m^[[90mExpect (= DECODED VALUE) to be true.^[[0m
sbcl-bin	Run tests	2026-09-29T04:20:11.5256180Z     ^[[32m✓ ^[[0m^[[90mExpect (= CONSUMED (LENGTH ENCODED)) to be true.^[[0m
sbcl-bin	Run tests	2026-09-29T04:20:11.5257127Z     ^[[32m✓ ^[[0m^[[90mExpect (= DECODED VALUE) to be true.^[[0m
sbcl-bin	Run tests	2026-09-29T04:20:11.5257781Z     ^[[32m✓ ^[[0m^[[90mExpect (= CONSUMED (LENGTH ENCODED)) to be true.^[[0m
sbcl-bin	Run tests	2026-09-29T04:20:11.5258429Z     ^[[32m✓ ^[[0m^[[90mExpect (= DECODED VALUE) to be true.^[[0m
sbcl-bin	Run tests	2026-09-29T04:20:11.5259083Z     ^[[32m✓ ^[[0m^[[90mExpect (= CONSUMED (LENGTH ENCODED)) to be true.^[[0m
sbcl-bin	Run tests	2026-09-29T04:20:11.5259736Z     ^[[32m✓ ^[[0m^[[90mExpect (= DECODED VALUE) to be true.^[[0m
sbcl-bin	Run tests	2026-09-29T04:20:11.5260388Z     ^[[32m✓ ^[[0m^[[90mExpect (= CONSUMED (LENGTH ENCODED)) to be true.^[[0m
sbcl-bin	Run tests	2026-09-29T04:20:11.5261042Z     ^[[32m✓ ^[[0m^[[90mExpect (= DECODED VALUE) to be true.^[[0m
sbcl-bin	Run tests	2026-09-29T04:20:11.5261694Z     ^[[32m✓ ^[[0m^[[90mExpect (= CONSUMED (LENGTH ENCODED)) to be true.^[[0m
sbcl-bin	Run tests	2026-09-29T04:20:11.5262354Z     ^[[32m✓ ^[[0m^[[90mExpect (= DECODED VALUE) to be true.^[[0m
sbcl-bin	Run tests	2026-09-29T04:20:11.5263010Z     ^[[32m✓ ^[[0m^[[90mExpect (= CONSUMED (LENGTH ENCODED)) to be true.^[[0m
sbcl-bin	Run tests	2026-09-29T04:20:11.5263674Z     ^[[32m✓ ^[[0m^[[90mExpect (= DECODED VALUE) to be true.^[[0m
sbcl-bin	Run tests	2026-09-29T04:20:11.5264336Z     ^[[32m✓ ^[[0m^[[90mExpect (= CONSUMED (LENGTH ENCODED)) to be true.^[[0m
sbcl-bin	Run tests	2026-09-29T04:20:11.5264988Z     ^[[32m✓ ^[[0m^[[90mExpect (= DECODED VALUE) to be true.^[[0m
sbcl-bin	Run tests	2026-09-29T04:20:11.5265639Z     ^[[32m✓ ^[[0m^[[90mExpect (= CONSUMED (LENGTH ENCODED)) to be true.^[[0m
sbcl-bin	Run tests	2026-09-29T04:20:11.5266288Z     ^[[32m✓ ^[[0m^[[90mExpect (= DECODED VALUE) to be true.^[[0m
sbcl-bin	Run tests	2026-09-29T04:20:11.5267118Z     ^[[32m✓ ^[[0m^[[90mExpect (= CONSUMED (LENGTH ENCODED)) to be true.^[[0m
sbcl-bin	Run tests	2026-09-29T04:20:11.5267797Z     ^[[32m✓ ^[[0m^[[90mExpect (= DECODED VALUE) to be true.^[[0m
sbcl-bin	Run tests	2026-09-29T04:20:11.5268469Z     ^[[32m✓ ^[[0m^[[90mExpect (= CONSUMED (LENGTH ENCODED)) to be true.^[[0m
sbcl-bin	Run tests	2026-09-29T04:20:11.5269125Z     ^[[32m✓ ^[[0m^[[90mExpect (= DECODED VALUE) to be true.^[[0m
sbcl-bin	Run tests	2026-09-29T04:20:11.5269785Z     ^[[32m✓ ^[[0m^[[90mExpect (= CONSUMED (LENGTH ENCODED)) to be true.^[[0m
sbcl-bin	Run tests	2026-09-29T04:20:11.5270438Z     ^[[32m✓ ^[[0m^[[90mExpect (= DECODED VALUE) to be true.^[[0m
sbcl-bin	Run tests	2026-09-29T04:20:11.5271108Z     ^[[32m✓ ^[[0m^[[90mExpect (= CONSUMED (LENGTH ENCODED)) to be true.^[[0m
sbcl-bin	Run tests	2026-09-29T04:20:11.5271770Z     ^[[32m✓ ^[[0m^[[90mExpect (= DECODED VALUE) to be true.^[[0m
sbcl-bin	Run tests	2026-09-29T04:20:11.5272418Z     ^[[32m✓ ^[[0m^[[90mExpect (= CONSUMED (LENGTH ENCODED)) to be true.^[[0m
sbcl-bin	Run tests	2026-09-29T04:20:11.5273067Z     ^[[32m✓ ^[[0m^[[90mExpect (= DECODED VALUE) to be true.^[[0m
sbcl-bin	Run tests	2026-09-29T04:20:11.5273732Z     ^[[32m✓ ^[[0m^[[90mExpect (= CONSUMED (LENGTH ENCODED)) to be true.^[[0m
sbcl-bin	Run tests	2026-09-29T04:20:11.5274388Z     ^[[32m✓ ^[[0m^[[90mExpect (= DECODED VALUE) to be true.^[[0m
sbcl-bin	Run tests	2026-09-29T04:20:11.5275045Z     ^[[32m✓ ^[[0m^[[90mExpect (= CONSUMED (LENGTH ENCODED)) to be true.^[[0m
sbcl-bin	Run tests	2026-09-29T04:20:11.5275683Z ^[[37mhpack-integer-decoding-with-offset^[[0m
sbcl-bin	Run tests	2026-09-29T04:20:11.5276269Z   ^[[37mDecode integers with non-zero start offset^[[0m
sbcl-bin	Run tests	2026-09-29T04:20:11.5277091Z     ^[[32m✓ ^[[0m^[[90mExpect (= DECODED 42) to be true.^[[0m
sbcl-bin	Run tests	2026-09-29T04:20:11.5277750Z     ^[[32m✓ ^[[0m^[[90mExpect (= CONSUMED (LENGTH ENCODED)) to be true.^[[0m
sbcl-bin	Run tests	2026-09-29T04:20:11.5278369Z ^[[37mhpack-string-encoding-ascii^[[0m
sbcl-bin	Run tests	2026-09-29T04:20:11.5279018Z   ^[[37mEncode ASCII strings^[[0m
sbcl-bin	Run tests	2026-09-29T04:20:11.5279539Z     ^[[32m✓ ^[[0m^[[90mExpect (VECTORP ENCODED) to be true.^[[0m
sbcl-bin	Run tests	2026-09-29T04:20:11.5280177Z     ^[[32m✓ ^[[0m^[[90mExpect (> (LENGTH ENCODED) 5) to be true.^[[0m
sbcl-bin	Run tests	2026-09-29T04:20:11.5280831Z     ^[[32m✓ ^[[0m^[[90mExpect (= (AREF ENCODED 0) 5) to be true.^[[0m
sbcl-bin	Run tests	2026-09-29T04:20:11.5281567Z     ^[[32m✓ ^[[0m^[[90mExpect (= (AREF ENCODED 1) (CHAR-CODE #\h)) to be true.^[[0m
sbcl-bin	Run tests	2026-09-29T04:20:11.5282358Z     ^[[32m✓ ^[[0m^[[90mExpect (= (AREF ENCODED 2) (CHAR-CODE #\e)) to be true.^[[0m
sbcl-bin	Run tests	2026-09-29T04:20:11.5283131Z     ^[[32m✓ ^[[0m^[[90mExpect (= (AREF ENCODED 3) (CHAR-CODE #\l)) to be true.^[[0m
sbcl-bin	Run tests	2026-09-29T04:20:11.5283900Z     ^[[32m✓ ^[[0m^[[90mExpect (= (AREF ENCODED 4) (CHAR-CODE #\l)) to be true.^[[0m
sbcl-bin	Run tests	2026-09-29T04:20:11.5284669Z     ^[[32m✓ ^[[0m^[[90mExpect (= (AREF ENCODED 5) (CHAR-CODE #\o)) to be true.^[[0m
sbcl-bin	Run tests	2026-09-29T04:20:11.5285305Z ^[[37mhpack-string-encoding-utf8^[[0m
sbcl-bin	Run tests	2026-09-29T04:20:11.5285922Z   ^[[37mEncode UTF-8 strings^[[0m
sbcl-bin	Run tests	2026-09-29T04:20:11.5286450Z     ^[[32m✓ ^[[0m^[[90mExpect (VECTORP ENCODED) to be true.^[[0m
sbcl-bin	Run tests	2026-09-29T04:20:11.5287232Z     ^[[32m✓ ^[[0m^[[90mExpect (>= (LENGTH ENCODED) 5) to be true.^[[0m
sbcl-bin	Run tests	2026-09-29T04:20:11.5287876Z     ^[[32m✓ ^[[0m^[[90mExpect (VECTORP ENCODED) to be true.^[[0m
sbcl-bin	Run tests	2026-09-29T04:20:11.5288508Z     ^[[32m✓ ^[[0m^[[90mExpect (>= (LENGTH ENCODED) 9) to be true.^[[0m
sbcl-bin	Run tests	2026-09-29T04:20:11.5289085Z ^[[37mhpack-string-encoding-empty^[[0m
sbcl-bin	Run tests	2026-09-29T04:20:11.5289555Z   ^[[37mEncode empty string^[[0m
sbcl-bin	Run tests	2026-09-29T04:20:11.5290060Z     ^[[32m✓ ^[[0m^[[90mExpect (VECTORP ENCODED) to be true.^[[0m
sbcl-bin	Run tests	2026-09-29T04:20:11.5290689Z     ^[[32m✓ ^[[0m^[[90mExpect (= (LENGTH ENCODED) 1) to be true.^[[0m
sbcl-bin	Run tests	2026-09-29T04:20:11.5291346Z     ^[[32m✓ ^[[0m^[[90mExpect (= (AREF ENCODED 0) 0) to be true.^[[0m
sbcl-bin	Run tests	2026-09-29T04:20:11.5291928Z ^[[37mhpack-string-decoding-roundtrip^[[0m
sbcl-bin	Run tests	2026-09-29T04:20:11.5292493Z   ^[[37mDecode strings - roundtrip with encoding^[[0m
sbcl-bin	Run tests	2026-09-29T04:20:11.5293162Z     ^[[32m✓ ^[[0m^[[90mExpect (STRING= DECODED TEST-STRING) to be true.^[[0m
sbcl-bin	Run tests	2026-09-29T04:20:11.5293934Z     ^[[32m✓ ^[[0m^[[90mExpect (= CONSUMED (LENGTH ENCODED)) to be true.^[[0m
sbcl-bin	Run tests	2026-09-29T04:20:11.5294659Z     ^[[32m✓ ^[[0m^[[90mExpect (STRING= DECODED TEST-STRING) to be true.^[[0m
sbcl-bin	Run tests	2026-09-29T04:20:11.5295372Z     ^[[32m✓ ^[[0m^[[90mExpect (= CONSUMED (LENGTH ENCODED)) to be true.^[[0m
sbcl-bin	Run tests	2026-09-29T04:20:11.5296086Z     ^[[32m✓ ^[[0m^[[90mExpect (STRING= DECODED TEST-STRING) to be true.^[[0m
sbcl-bin	Run tests	2026-09-29T04:20:11.5296992Z     ^[[32m✓ ^[[0m^[[90mExpect (= CONSUMED (LENGTH ENCODED)) to be true.^[[0m
sbcl-bin	Run tests	2026-09-29T04:20:11.5297716Z     ^[[32m✓ ^[[0m^[[90mExpect (STRING= DECODED TEST-STRING) to be true.^[[0m
sbcl-bin	Run tests	2026-09-29T04:20:11.5298428Z     ^[[32m✓ ^[[0m^[[90mExpect (= CONSUMED (LENGTH ENCODED)) to be true.^[[0m
sbcl-bin	Run tests	2026-09-29T04:20:11.5299152Z     ^[[32m✓ ^[[0m^[[90mExpect (STRING= DECODED TEST-STRING) to be true.^[[0m
sbcl-bin	Run tests	2026-09-29T04:20:11.5299863Z     ^[[32m✓ ^[[0m^[[90mExpect (= CONSUMED (LENGTH ENCODED)) to be true.^[[0m
sbcl-bin	Run tests	2026-09-29T04:20:11.5300570Z     ^[[32m✓ ^[[0m^[[90mExpect (STRING= DECODED TEST-STRING) to be true.^[[0m
sbcl-bin	Run tests	2026-09-29T04:20:11.5301311Z     ^[[32m✓ ^[[0m^[[90mExpect (= CONSUMED (LENGTH ENCODED)) to be true.^[[0m
sbcl-bin	Run tests	2026-09-29T04:20:11.5302024Z     ^[[32m✓ ^[[0m^[[90mExpect (STRING= DECODED TEST-STRING) to be true.^[[0m
sbcl-bin	Run tests	2026-09-29T04:20:11.5302736Z     ^[[32m✓ ^[[0m^[[90mExpect (= CONSUMED (LENGTH ENCODED)) to be true.^[[0m
sbcl-bin	Run tests	2026-09-29T04:20:11.5303454Z     ^[[32m✓ ^[[0m^[[90mExpect (STRING= DECODED TEST-STRING) to be true.^[[0m
sbcl-bin	Run tests	2026-09-29T04:20:11.5304166Z     ^[[32m✓ ^[[0m^[[90mExpect (= CONSUMED (LENGTH ENCODED)) to be true.^[[0m
sbcl-bin	Run tests	2026-09-29T04:20:11.5304875Z     ^[[32m✓ ^[[0m^[[90mExpect (STRING= DECODED TEST-STRING) to be true.^[[0m
sbcl-bin	Run tests	2026-09-29T04:20:11.5305595Z     ^[[32m✓ ^[[0m^[[90mExpect (= CONSUMED (LENGTH ENCODED)) to be true.^[[0m
sbcl-bin	Run tests	2026-09-29T04:20:11.5306222Z ^[[37mhpack-string-decoding-with-offset^[[0m
sbcl-bin	Run tests	2026-09-29T04:20:11.5306933Z   ^[[37mDecode strings with non-zero start offset^[[0m
sbcl-bin	Run tests	2026-09-29T04:20:11.5307587Z     ^[[32m✓ ^[[0m^[[90mExpect (STRING= DECODED "test") to be true.^[[0m
sbcl-bin	Run tests	2026-09-29T04:20:11.5308295Z     ^[[32m✓ ^[[0m^[[90mExpect (= CONSUMED (LENGTH ENCODED)) to be true.^[[0m
sbcl-bin	Run tests	2026-09-29T04:20:11.5309150Z ^[[37mhpack-static-table-lookup^[[0m
sbcl-bin	Run tests	2026-09-29T04:20:11.5309715Z   ^[[37mLookup entries in static table (indices 1-61)^[[0m
sbcl-bin	Run tests	2026-09-29T04:20:11.5310312Z     ^[[32m✓ ^[[0m^[[90mExpect (CONSP ENTRY) to be true.^[[0m
sbcl-bin	Run tests	2026-09-29T04:20:11.5310996Z     ^[[32m✓ ^[[0m^[[90mExpect (STRING= (CAR ENTRY) ":authority") to be true.^[[0m
sbcl-bin	Run tests	2026-09-29T04:20:11.5311724Z     ^[[32m✓ ^[[0m^[[90mExpect (STRING= (CDR ENTRY) "") to be true.^[[0m
sbcl-bin	Run tests	2026-09-29T04:20:11.5312430Z     ^[[32m✓ ^[[0m^[[90mExpect (STRING= (CAR ENTRY) ":method") to be true.^[[0m
sbcl-bin	Run tests	2026-09-29T04:20:11.5313157Z     ^[[32m✓ ^[[0m^[[90mExpect (STRING= (CDR ENTRY) "GET") to be true.^[[0m
sbcl-bin	Run tests	2026-09-29T04:20:11.5313875Z     ^[[32m✓ ^[[0m^[[90mExpect (STRING= (CAR ENTRY) ":method") to be true.^[[0m
sbcl-bin	Run tests	2026-09-29T04:20:11.5314604Z     ^[[32m✓ ^[[0m^[[90mExpect (STRING= (CDR ENTRY) "POST") to be true.^[[0m
sbcl-bin	Run tests	2026-09-29T04:20:11.5315330Z     ^[[32m✓ ^[[0m^[[90mExpect (STRING= (CAR ENTRY) ":status") to be true.^[[0m
sbcl-bin	Run tests	2026-09-29T04:20:11.5316198Z     ^[[32m✓ ^[[0m^[[90mExpect (STRING= (CDR ENTRY) "200") to be true.^[[0m
sbcl-bin	Run tests	2026-09-29T04:20:11.5317086Z     ^[[32m✓ ^[[0m^[[90mExpect (STRING= (CAR ENTRY) "content-type") to be true.^[[0m
sbcl-bin	Run tests	2026-09-29T04:20:11.5317829Z     ^[[32m✓ ^[[0m^[[90mExpect (STRING= (CDR ENTRY) "") to be true.^[[0m
sbcl-bin	Run tests	2026-09-29T04:20:11.5318597Z     ^[[32m✓ ^[[0m^[[90mExpect (STRING= (CAR ENTRY) "www-authenticate") to be true.^[[0m
sbcl-bin	Run tests	2026-09-29T04:20:11.5319357Z     ^[[32m✓ ^[[0m^[[90mExpect (STRING= (CDR ENTRY) "") to be true.^[[0m
sbcl-bin	Run tests	2026-09-29T04:20:11.5319970Z ^[[37mhpack-static-table-invalid-index^[[0m
sbcl-bin	Run tests	2026-09-29T04:20:11.5320483Z   ^[[37mInvalid index 0 should error^[[0m
sbcl-bin	Run tests	2026-09-29T04:20:11.5321528Z     ^[[32m✓ ^[[0m^[[90mExpect (WOO.HTTP2.HPACK::HPACK-LOOKUP-INDEX CTX 0) to signal ERROR.^[[0m
sbcl-bin	Run tests	2026-09-29T04:20:11.5322273Z ^[[37mhpack-dynamic-table-add-entry^[[0m
sbcl-bin	Run tests	2026-09-29T04:20:11.5322764Z   ^[[37mAdd entry to dynamic table^[[0m
sbcl-bin	Run tests	2026-09-29T04:20:11.5323482Z     ^[[32m✓ ^[[0m^[[90mExpect (= (LENGTH (HPACK-CONTEXT-DYNAMIC-TABLE CTX)) 1) to be true.^[[0m
sbcl-bin	Run tests	2026-09-29T04:20:11.5324444Z     ^[[32m✓ ^[[0m^[[90mExpect (> (HPACK-CONTEXT-DYNAMIC-TABLE-SIZE CTX) 0) to be true.^[[0m
sbcl-bin	Run tests	2026-09-29T04:20:11.5325207Z     ^[[32m✓ ^[[0m^[[90mExpect (CONSP ENTRY) to be true.^[[0m
sbcl-bin	Run tests	2026-09-29T04:20:11.5325921Z     ^[[32m✓ ^[[0m^[[90mExpect (STRING= (CAR ENTRY) "custom-header") to be true.^[[0m
sbcl-bin	Run tests	2026-09-29T04:20:11.5326918Z     ^[[32m✓ ^[[0m^[[90mExpect (STRING= (CDR ENTRY) "custom-value") to be true.^[[0m
sbcl-bin	Run tests	2026-09-29T04:20:11.5327620Z ^[[37mhpack-dynamic-table-multiple-entries^[[0m
sbcl-bin	Run tests	2026-09-29T04:20:11.5328196Z   ^[[37mAdd multiple entries to dynamic table^[[0m
sbcl-bin	Run tests	2026-09-29T04:20:11.5328967Z     ^[[32m✓ ^[[0m^[[90mExpect (= (LENGTH (HPACK-CONTEXT-DYNAMIC-TABLE CTX)) 3) to be true.^[[0m
sbcl-bin	Run tests	2026-09-29T04:20:11.5329828Z     ^[[32m✓ ^[[0m^[[90mExpect (STRING= (CAR ENTRY) "header-3") to be true.^[[0m
sbcl-bin	Run tests	2026-09-29T04:20:11.5330585Z     ^[[32m✓ ^[[0m^[[90mExpect (STRING= (CDR ENTRY) "value-3") to be true.^[[0m
sbcl-bin	Run tests	2026-09-29T04:20:11.5331346Z     ^[[32m✓ ^[[0m^[[90mExpect (STRING= (CAR ENTRY) "header-2") to be true.^[[0m
sbcl-bin	Run tests	2026-09-29T04:20:11.5332111Z     ^[[32m✓ ^[[0m^[[90mExpect (STRING= (CDR ENTRY) "value-2") to be true.^[[0m
sbcl-bin	Run tests	2026-09-29T04:20:11.5332860Z     ^[[32m✓ ^[[0m^[[90mExpect (STRING= (CAR ENTRY) "header-1") to be true.^[[0m
sbcl-bin	Run tests	2026-09-29T04:20:11.5333595Z     ^[[32m✓ ^[[0m^[[90mExpect (STRING= (CDR ENTRY) "value-1") to be true.^[[0m
sbcl-bin	Run tests	2026-09-29T04:20:11.5334226Z ^[[37mhpack-dynamic-table-entry-size^[[0m
sbcl-bin	Run tests	2026-09-29T04:20:11.5334868Z   ^[[37mEntry size is octets, not Lisp characters (RFC 7541 §4.1)^[[0m
sbcl-bin	Run tests	2026-09-29T04:20:11.5335568Z     ^[[32m✓ ^[[0m^[[90mExpect (= SIZE (+ 32 4 5)) to be true.^[[0m
sbcl-bin	Run tests	2026-09-29T04:20:11.5336189Z     ^[[32m✓ ^[[0m^[[90mExpect (= SIZE (+ 32 1 2)) to be true.^[[0m
sbcl-bin	Run tests	2026-09-29T04:20:11.5336969Z     ^[[32m✓ ^[[0m^[[90mExpect (= (LENGTH VALUE) 3) to be true.^[[0m
sbcl-bin	Run tests	2026-09-29T04:20:11.5337600Z     ^[[32m✓ ^[[0m^[[90mExpect (= SIZE (+ 32 1 9)) to be true.^[[0m
sbcl-bin	Run tests	2026-09-29T04:20:11.5338152Z ^[[37mhpack-dynamic-table-eviction^[[0m
sbcl-bin	Run tests	2026-09-29T04:20:11.5338671Z   ^[[37mEvict entries when max size exceeded^[[0m
sbcl-bin	Run tests	2026-09-29T04:20:11.5339453Z     ^[[32m✓ ^[[0m^[[90mExpect (<= (HPACK-CONTEXT-DYNAMIC-TABLE-SIZE CTX) 100) to be true.^[[0m
sbcl-bin	Run tests	2026-09-29T04:20:11.5340608Z     ^[[32m✓ ^[[0m^[[90mExpect (< (LENGTH (HPACK-CONTEXT-DYNAMIC-TABLE CTX)) 3) to be true.^[[0m
sbcl-bin	Run tests	2026-09-29T04:20:11.5341343Z ^[[37mhpack-dynamic-table-size-update^[[0m
sbcl-bin	Run tests	2026-09-29T04:20:11.5341952Z   ^[[37mUpdate dynamic table max size and trigger eviction^[[0m
sbcl-bin	Run tests	2026-09-29T04:20:11.5342760Z     ^[[32m✓ ^[[0m^[[90mExpect (= (HPACK-CONTEXT-MAX-DYNAMIC-TABLE-SIZE CTX) 50) to be true.^[[0m
sbcl-bin	Run tests	2026-09-29T04:20:11.5343379Z     ^[[32m✓ ^[[0m^[[90mExpect (<= (HPACK-CONTEXT-DYNAMIC-TABLE-SIZE CTX) 50) to be true.^[[0m
sbcl-bin	Run tests	2026-09-29T04:20:11.5344018Z     ^[[32m✓ ^[[0m^[[90mExpect (<= (LENGTH (HPACK-CONTEXT-DYNAMIC-TABLE CTX)) OLD-COUNT) to be true.^[[0m
sbcl-bin	Run tests	2026-09-29T04:20:11.5344524Z ^[[37mhpack-dynamic-table-entry-too-large^[[0m
sbcl-bin	Run tests	2026-09-29T04:20:11.5344915Z   ^[[37mEntry larger than max size should not be added^[[0m
sbcl-bin	Run tests	2026-09-29T04:20:11.5345417Z     ^[[32m✓ ^[[0m^[[90mExpect (= (LENGTH (HPACK-CONTEXT-DYNAMIC-TABLE CTX)) 0) to be true.^[[0m
sbcl-bin	Run tests	2026-09-29T04:20:11.5346181Z   ^[[37mOversized insert empties existing entries and does not insert (RFC 7541 §4.4)^[[0m
sbcl-bin	Run tests	2026-09-29T04:20:11.5347084Z     ^[[32m✓ ^[[0m^[[90mExpect (= (LENGTH (HPACK-CONTEXT-DYNAMIC-TABLE CTX)) 1) to be true.^[[0m
sbcl-bin	Run tests	2026-09-29T04:20:11.5348055Z     ^[[32m✓ ^[[0m^[[90mExpect (= (LENGTH (HPACK-CONTEXT-DYNAMIC-TABLE CTX)) 0) to be true.^[[0m
sbcl-bin	Run tests	2026-09-29T04:20:11.5348983Z     ^[[32m✓ ^[[0m^[[90mExpect (= (HPACK-CONTEXT-DYNAMIC-TABLE-SIZE CTX) 0) to be true.^[[0m
sbcl-bin	Run tests	2026-09-29T04:20:11.5349695Z ^[[37mhpack-encode-headers-simple^[[0m
sbcl-bin	Run tests	2026-09-29T04:20:11.5350168Z   ^[[37mEncode simple headers^[[0m
sbcl-bin	Run tests	2026-09-29T04:20:11.5350689Z     ^[[32m✓ ^[[0m^[[90mExpect (VECTORP ENCODED) to be true.^[[0m
sbcl-bin	Run tests	2026-09-29T04:20:11.5351341Z     ^[[32m✓ ^[[0m^[[90mExpect (> (LENGTH ENCODED) 0) to be true.^[[0m
sbcl-bin	Run tests	2026-09-29T04:20:11.5351974Z ^[[37mhpack-encode-headers-with-static-table^[[0m
sbcl-bin	Run tests	2026-09-29T04:20:11.5352538Z   ^[[37mEncode headers using static table^[[0m
sbcl-bin	Run tests	2026-09-29T04:20:11.5353106Z     ^[[32m✓ ^[[0m^[[90mExpect (VECTORP ENCODED) to be true.^[[0m
sbcl-bin	Run tests	2026-09-29T04:20:11.5353832Z     ^[[32m✓ ^[[0m^[[90mExpect (= (LOGAND (AREF ENCODED 0) 128) 128) to be true.^[[0m
sbcl-bin	Run tests	2026-09-29T04:20:11.5354483Z ^[[37mhpack-encode-headers-custom^[[0m
sbcl-bin	Run tests	2026-09-29T04:20:11.5355019Z   ^[[37mEncode custom headers not in static table^[[0m
sbcl-bin	Run tests	2026-09-29T04:20:11.5355623Z     ^[[32m✓ ^[[0m^[[90mExpect (VECTORP ENCODED) to be true.^[[0m
sbcl-bin	Run tests	2026-09-29T04:20:11.5356255Z     ^[[32m✓ ^[[0m^[[90mExpect (> (LENGTH ENCODED) 0) to be true.^[[0m
sbcl-bin	Run tests	2026-09-29T04:20:11.5356968Z ^[[37mhpack-encode-headers-mixed^[[0m
sbcl-bin	Run tests	2026-09-29T04:20:11.5357493Z   ^[[37mEncode mix of static and custom headers^[[0m
sbcl-bin	Run tests	2026-09-29T04:20:11.5358091Z     ^[[32m✓ ^[[0m^[[90mExpect (VECTORP ENCODED) to be true.^[[0m
sbcl-bin	Run tests	2026-09-29T04:20:11.5358716Z     ^[[32m✓ ^[[0m^[[90mExpect (> (LENGTH ENCODED) 0) to be true.^[[0m
sbcl-bin	Run tests	2026-09-29T04:20:11.5359315Z ^[[37mhpack-encode-headers-symbol-names^[[0m
sbcl-bin	Run tests	2026-09-29T04:20:11.5359957Z   ^[[37mEncode headers with symbol names (keyword and regular)^[[0m
sbcl-bin	Run tests	2026-09-29T04:20:11.5360616Z     ^[[32m✓ ^[[0m^[[90mExpect (VECTORP ENCODED) to be true.^[[0m
sbcl-bin	Run tests	2026-09-29T04:20:11.5361296Z     ^[[32m✓ ^[[0m^[[90mExpect (> (LENGTH ENCODED) 0) to be true.^[[0m
sbcl-bin	Run tests	2026-09-29T04:20:11.5361869Z ^[[37mhpack-decode-headers-indexed^[[0m
sbcl-bin	Run tests	2026-09-29T04:20:11.5362397Z   ^[[37mDecode indexed header (static table)^[[0m
sbcl-bin	Run tests	2026-09-29T04:20:11.5362994Z     ^[[32m✓ ^[[0m^[[90mExpect (= (LENGTH HEADERS) 1) to be true.^[[0m
sbcl-bin	Run tests	2026-09-29T04:20:11.5363711Z     ^[[32m✓ ^[[0m^[[90mExpect (STRING= (CAAR HEADERS) ":method") to be true.^[[0m
sbcl-bin	Run tests	2026-09-29T04:20:11.5364473Z     ^[[32m✓ ^[[0m^[[90mExpect (STRING= (CDAR HEADERS) "GET") to be true.^[[0m
sbcl-bin	Run tests	2026-09-29T04:20:11.5365202Z ^[[37mhpack-decode-headers-literal-without-indexing^[[0m
sbcl-bin	Run tests	2026-09-29T04:20:11.5365831Z   ^[[37mDecode literal header without indexing^[[0m
sbcl-bin	Run tests	2026-09-29T04:20:11.5366441Z     ^[[32m✓ ^[[0m^[[90mExpect (= (LENGTH HEADERS) 1) to be true.^[[0m
sbcl-bin	Run tests	2026-09-29T04:20:11.5367248Z     ^[[32m✓ ^[[0m^[[90mExpect (STRING= (CAAR HEADERS) "test") to be true.^[[0m
sbcl-bin	Run tests	2026-09-29T04:20:11.5368011Z     ^[[32m✓ ^[[0m^[[90mExpect (STRING= (CDAR HEADERS) "value") to be true.^[[0m
sbcl-bin	Run tests	2026-09-29T04:20:11.5368997Z     ^[[32m✓ ^[[0m^[[90mExpect (= (LENGTH (HPACK-CONTEXT-DYNAMIC-TABLE CTX)) 0) to be true.^[[0m
sbcl-bin	Run tests	2026-09-29T04:20:11.5370069Z CORRUPTION WARNING in SBCL pid 5238 tid 5238:
sbcl-bin	Run tests	2026-09-29T04:20:11.5370918Z Memory fault at 0x1f (pc=0xb800ad8044 [code 0xb800ad7f30+0x114 ID 0x7212], fp=0x7ff8df5a7010, sp=0x7ff8df5a7000) tid 5238
sbcl-bin	Run tests	2026-09-29T04:20:11.5371805Z The integrity of this image is possibly compromised.
sbcl-bin	Run tests	2026-09-29T04:20:11.5372295Z Continuing with fingers crossed.
sbcl-bin	Run tests	2026-09-29T04:20:11.5372852Z ^[[37mhpack-decode-headers-literal-with-indexing^[[0m
sbcl-bin	Run tests	2026-09-29T04:20:11.5373414Z   ^[[37mDecode literal header with incremental indexing^[[0m
sbcl-bin	Run tests	2026-09-29T04:20:11.5373883Z     ^[[32m✓ ^[[0m^[[90mExpect (= (LENGTH HEADERS) 1) to be true.^[[0m
sbcl-bin	Run tests	2026-09-29T04:20:11.5374353Z     ^[[32m✓ ^[[0m^[[90mExpect (STRING= (CAAR HEADERS) "custom") to be true.^[[0m
sbcl-bin	Run tests	2026-09-29T04:20:11.5374832Z     ^[[32m✓ ^[[0m^[[90mExpect (STRING= (CDAR HEADERS) "test") to be true.^[[0m
sbcl-bin	Run tests	2026-09-29T04:20:11.5375364Z     ^[[32m✓ ^[[0m^[[90mExpect (= (LENGTH (HPACK-CONTEXT-DYNAMIC-TABLE CTX)) 1) to be true.^[[0m
sbcl-bin	Run tests	2026-09-29T04:20:11.5376039Z ^[[37mhpack-decode-headers-dynamic-table-size-update^[[0m
sbcl-bin	Run tests	2026-09-29T04:20:11.5376425Z   ^[[37mDecode dynamic table size update^[[0m
sbcl-bin	Run tests	2026-09-29T04:20:11.5377030Z     ^[[32m✓ ^[[0m^[[90mExpect (= (LENGTH HEADERS) 0) to be true.^[[0m
sbcl-bin	Run tests	2026-09-29T04:20:11.5377576Z     ^[[32m✓ ^[[0m^[[90mExpect (= (HPACK-CONTEXT-MAX-DYNAMIC-TABLE-SIZE CTX) 1024) to be true.^[[0m
sbcl-bin	Run tests	2026-09-29T04:20:11.5378054Z ^[[37mhpack-decode-headers-multiple^[[0m
sbcl-bin	Run tests	2026-09-29T04:20:11.5378401Z   ^[[37mDecode multiple headers in one block^[[0m
sbcl-bin	Run tests	2026-09-29T04:20:11.5378796Z     ^[[32m✓ ^[[0m^[[90mExpect (= (LENGTH HEADERS) 2) to be true.^[[0m
sbcl-bin	Run tests	2026-09-29T04:20:11.5379293Z     ^[[32m✓ ^[[0m^[[90mExpect (STRING= (CAAR HEADERS) ":method") to be true.^[[0m
sbcl-bin	Run tests	2026-09-29T04:20:11.5379790Z     ^[[32m✓ ^[[0m^[[90mExpect (STRING= (CDAR HEADERS) "GET") to be true.^[[0m
sbcl-bin	Run tests	2026-09-29T04:20:11.5380280Z     ^[[32m✓ ^[[0m^[[90mExpect (STRING= (CAADR HEADERS) ":status") to be true.^[[0m
sbcl-bin	Run tests	2026-09-29T04:20:11.5380783Z     ^[[32m✓ ^[[0m^[[90mExpect (STRING= (CDADR HEADERS) "200") to be true.^[[0m
sbcl-bin	Run tests	2026-09-29T04:20:11.5381219Z ^[[37mhpack-roundtrip-simple-headers^[[0m
sbcl-bin	Run tests	2026-09-29T04:20:11.5381582Z   ^[[37mRoundtrip encode/decode simple headers^[[0m
sbcl-bin	Run tests	2026-09-29T04:20:11.5382033Z     ^[[32m✓ ^[[0m^[[90mExpect (= (LENGTH DECODED) (LENGTH HEADERS)) to be true.^[[0m
sbcl-bin	Run tests	2026-09-29T04:20:11.5382568Z     ^[[32m✓ ^[[0m^[[90mExpect (MEMBER ORIGINAL DECODED :TEST #'EQUAL) to be true.^[[0m
sbcl-bin	Run tests	2026-09-29T04:20:11.5383100Z     ^[[32m✓ ^[[0m^[[90mExpect (MEMBER ORIGINAL DECODED :TEST #'EQUAL) to be true.^[[0m
sbcl-bin	Run tests	2026-09-29T04:20:11.5383547Z ^[[37mhpack-roundtrip-static-table-headers^[[0m
sbcl-bin	Run tests	2026-09-29T04:20:11.5383937Z   ^[[37mRoundtrip encode/decode static table headers^[[0m
sbcl-bin	Run tests	2026-09-29T04:20:11.5384392Z     ^[[32m✓ ^[[0m^[[90mExpect (= (LENGTH DECODED) (LENGTH HEADERS)) to be true.^[[0m
sbcl-bin	Run tests	2026-09-29T04:20:11.5384903Z     ^[[32m✓ ^[[0m^[[90mExpect (MEMBER ORIGINAL DECODED :TEST #'EQUAL) to be true.^[[0m
sbcl-bin	Run tests	2026-09-29T04:20:11.5385409Z     ^[[32m✓ ^[[0m^[[90mExpect (MEMBER ORIGINAL DECODED :TEST #'EQUAL) to be true.^[[0m
sbcl-bin	Run tests	2026-09-29T04:20:11.5385938Z     ^[[32m✓ ^[[0m^[[90mExpect (MEMBER ORIGINAL DECODED :TEST #'EQUAL) to be true.^[[0m
sbcl-bin	Run tests	2026-09-29T04:20:11.5386362Z ^[[37mhpack-roundtrip-custom-headers^[[0m
sbcl-bin	Run tests	2026-09-29T04:20:11.5386879Z   ^[[37mRoundtrip encode/decode custom headers^[[0m
sbcl-bin	Run tests	2026-09-29T04:20:11.5387367Z     ^[[32m✓ ^[[0m^[[90mExpect (= (LENGTH DECODED) (LENGTH HEADERS)) to be true.^[[0m
sbcl-bin	Run tests	2026-09-29T04:20:11.5387869Z     ^[[32m✓ ^[[0m^[[90mExpect (MEMBER ORIGINAL DECODED :TEST #'EQUAL) to be true.^[[0m
sbcl-bin	Run tests	2026-09-29T04:20:11.5388371Z     ^[[32m✓ ^[[0m^[[90mExpect (MEMBER ORIGINAL DECODED :TEST #'EQUAL) to be true.^[[0m
sbcl-bin	Run tests	2026-09-29T04:20:11.5388878Z     ^[[32m✓ ^[[0m^[[90mExpect (MEMBER ORIGINAL DECODED :TEST #'EQUAL) to be true.^[[0m
sbcl-bin	Run tests	2026-09-29T04:20:11.5389296Z ^[[37mhpack-roundtrip-mixed-headers^[[0m
sbcl-bin	Run tests	2026-09-29T04:20:11.5389700Z   ^[[37mRoundtrip encode/decode mixed static and custom headers^[[0m
sbcl-bin	Run tests	2026-09-29T04:20:11.5390193Z     ^[[32m✓ ^[[0m^[[90mExpect (= (LENGTH DECODED) (LENGTH HEADERS)) to be true.^[[0m
sbcl-bin	Run tests	2026-09-29T04:20:11.5390713Z     ^[[32m✓ ^[[0m^[[90mExpect (MEMBER ORIGINAL DECODED :TEST #'EQUAL) to be true.^[[0m
sbcl-bin	Run tests	2026-09-29T04:20:11.5391397Z     ^[[32m✓ ^[[0m^[[90mExpect (MEMBER ORIGINAL DECODED :TEST #'EQUAL) to be true.^[[0m
sbcl-bin	Run tests	2026-09-29T04:20:11.5391906Z     ^[[32m✓ ^[[0m^[[90mExpect (MEMBER ORIGINAL DECODED :TEST #'EQUAL) to be true.^[[0m
sbcl-bin	Run tests	2026-09-29T04:20:11.5392409Z     ^[[32m✓ ^[[0m^[[90mExpect (MEMBER ORIGINAL DECODED :TEST #'EQUAL) to be true.^[[0m
sbcl-bin	Run tests	2026-09-29T04:20:11.5392914Z     ^[[32m✓ ^[[0m^[[90mExpect (MEMBER ORIGINAL DECODED :TEST #'EQUAL) to be true.^[[0m
sbcl-bin	Run tests	2026-09-29T04:20:11.5393326Z ^[[37mhpack-roundtrip-utf8-headers^[[0m
sbcl-bin	Run tests	2026-09-29T04:20:11.5393682Z   ^[[37mRoundtrip encode/decode UTF-8 header values^[[0m
sbcl-bin	Run tests	2026-09-29T04:20:11.5394125Z     ^[[32m✓ ^[[0m^[[90mExpect (= (LENGTH DECODED) (LENGTH HEADERS)) to be true.^[[0m
sbcl-bin	Run tests	2026-09-29T04:20:11.5394635Z     ^[[32m✓ ^[[0m^[[90mExpect (MEMBER ORIGINAL DECODED :TEST #'EQUAL) to be true.^[[0m
sbcl-bin	Run tests	2026-09-29T04:20:11.5395179Z     ^[[32m✓ ^[[0m^[[90mExpect (MEMBER ORIGINAL DECODED :TEST #'EQUAL) to be true.^[[0m
sbcl-bin	Run tests	2026-09-29T04:20:11.5395837Z     ^[[32m✓ ^[[0m^[[90mExpect (MEMBER ORIGINAL DECODED :TEST #'EQUAL) to be true.^[[0m
sbcl-bin	Run tests	2026-09-29T04:20:11.5396272Z ^[[37mhpack-roundtrip-empty-values^[[0m
sbcl-bin	Run tests	2026-09-29T04:20:11.5396660Z   ^[[37mRoundtrip encode/decode headers with empty values^[[0m
sbcl-bin	Run tests	2026-09-29T04:20:11.5397259Z     ^[[32m✓ ^[[0m^[[90mExpect (= (LENGTH DECODED) (LENGTH HEADERS)) to be true.^[[0m
sbcl-bin	Run tests	2026-09-29T04:20:11.5397783Z     ^[[32m✓ ^[[0m^[[90mExpect (MEMBER ORIGINAL DECODED :TEST #'EQUAL) to be true.^[[0m
sbcl-bin	Run tests	2026-09-29T04:20:11.5398296Z     ^[[32m✓ ^[[0m^[[90mExpect (MEMBER ORIGINAL DECODED :TEST #'EQUAL) to be true.^[[0m
sbcl-bin	Run tests	2026-09-29T04:20:11.5398809Z     ^[[32m✓ ^[[0m^[[90mExpect (MEMBER ORIGINAL DECODED :TEST #'EQUAL) to be true.^[[0m
sbcl-bin	Run tests	2026-09-29T04:20:11.5399254Z ^[[37mhpack-roundtrip-common-http-headers^[[0m
sbcl-bin	Run tests	2026-09-29T04:20:11.5399677Z   ^[[37mRoundtrip encode/decode common HTTP/2 request headers^[[0m
sbcl-bin	Run tests	2026-09-29T04:20:11.5400164Z     ^[[32m✓ ^[[0m^[[90mExpect (= (LENGTH DECODED) (LENGTH HEADERS)) to be true.^[[0m
sbcl-bin	Run tests	2026-09-29T04:20:11.5400698Z     ^[[32m✓ ^[[0m^[[90mExpect (MEMBER ORIGINAL DECODED :TEST #'EQUAL) to be true.^[[0m
sbcl-bin	Run tests	2026-09-29T04:20:11.5401223Z     ^[[32m✓ ^[[0m^[[90mExpect (MEMBER ORIGINAL DECODED :TEST #'EQUAL) to be true.^[[0m
sbcl-bin	Run tests	2026-09-29T04:20:11.5401735Z     ^[[32m✓ ^[[0m^[[90mExpect (MEMBER ORIGINAL DECODED :TEST #'EQUAL) to be true.^[[0m
sbcl-bin	Run tests	2026-09-29T04:20:11.5402243Z     ^[[32m✓ ^[[0m^[[90mExpect (MEMBER ORIGINAL DECODED :TEST #'EQUAL) to be true.^[[0m
sbcl-bin	Run tests	2026-09-29T04:20:11.5402758Z     ^[[32m✓ ^[[0m^[[90mExpect (MEMBER ORIGINAL DECODED :TEST #'EQUAL) to be true.^[[0m
sbcl-bin	Run tests	2026-09-29T04:20:11.5403264Z     ^[[32m✓ ^[[0m^[[90mExpect (MEMBER ORIGINAL DECODED :TEST #'EQUAL) to be true.^[[0m
sbcl-bin	Run tests	2026-09-29T04:20:11.5403767Z     ^[[32m✓ ^[[0m^[[90mExpect (MEMBER ORIGINAL DECODED :TEST #'EQUAL) to be true.^[[0m
sbcl-bin	Run tests	2026-09-29T04:20:11.5404270Z     ^[[32m✓ ^[[0m^[[90mExpect (MEMBER ORIGINAL DECODED :TEST #'EQUAL) to be true.^[[0m
sbcl-bin	Run tests	2026-09-29T04:20:11.5404699Z ^[[37mhpack-roundtrip-response-headers^[[0m
sbcl-bin	Run tests	2026-09-29T04:20:11.5405117Z   ^[[37mRoundtrip encode/decode common HTTP/2 response headers^[[0m
sbcl-bin	Run tests	2026-09-29T04:20:11.5405624Z     ^[[32m✓ ^[[0m^[[90mExpect (= (LENGTH DECODED) (LENGTH HEADERS)) to be true.^[[0m
sbcl-bin	Run tests	2026-09-29T04:20:11.5406128Z     ^[[32m✓ ^[[0m^[[90mExpect (MEMBER ORIGINAL DECODED :TEST #'EQUAL) to be true.^[[0m
sbcl-bin	Run tests	2026-09-29T04:20:11.5406640Z     ^[[32m✓ ^[[0m^[[90mExpect (MEMBER ORIGINAL DECODED :TEST #'EQUAL) to be true.^[[0m
sbcl-bin	Run tests	2026-09-29T04:20:11.5407264Z     ^[[32m✓ ^[[0m^[[90mExpect (MEMBER ORIGINAL DECODED :TEST #'EQUAL) to be true.^[[0m
sbcl-bin	Run tests	2026-09-29T04:20:11.5407785Z     ^[[32m✓ ^[[0m^[[90mExpect (MEMBER ORIGINAL DECODED :TEST #'EQUAL) to be true.^[[0m
sbcl-bin	Run tests	2026-09-29T04:20:11.5408319Z     ^[[32m✓ ^[[0m^[[90mExpect (MEMBER ORIGINAL DECODED :TEST #'EQUAL) to be true.^[[0m
sbcl-bin	Run tests	2026-09-29T04:20:11.5408836Z     ^[[32m✓ ^[[0m^[[90mExpect (MEMBER ORIGINAL DECODED :TEST #'EQUAL) to be true.^[[0m
sbcl-bin	Run tests	2026-09-29T04:20:11.5409350Z     ^[[32m✓ ^[[0m^[[90mExpect (MEMBER ORIGINAL DECODED :TEST #'EQUAL) to be true.^[[0m
sbcl-bin	Run tests	2026-09-29T04:20:11.5409778Z ^[[37mhpack-encode-empty-header-list^[[0m
sbcl-bin	Run tests	2026-09-29T04:20:11.5410127Z   ^[[37mEncode empty header list^[[0m
sbcl-bin	Run tests	2026-09-29T04:20:11.5410642Z     ^[[32m✓ ^[[0m^[[90mExpect (VECTORP ENCODED) to be true.^[[0m
sbcl-bin	Run tests	2026-09-29T04:20:11.5411070Z     ^[[32m✓ ^[[0m^[[90mExpect (= (LENGTH ENCODED) 0) to be true.^[[0m
sbcl-bin	Run tests	2026-09-29T04:20:11.5411443Z ^[[37mhpack-decode-empty-data^[[0m
sbcl-bin	Run tests	2026-09-29T04:20:11.5411748Z   ^[[37mDecode empty data^[[0m
sbcl-bin	Run tests	2026-09-29T04:20:11.5412086Z     ^[[32m✓ ^[[0m^[[90mExpect (= (LENGTH HEADERS) 0) to be true.^[[0m
sbcl-bin	Run tests	2026-09-29T04:20:11.5423361Z ^[[37mhpack-large-header-value^[[0m
sbcl-bin	Run tests	2026-09-29T04:20:11.5423913Z   ^[[37mEncode/decode large header value^[[0m
sbcl-bin	Run tests	2026-09-29T04:20:11.5424353Z     ^[[32m✓ ^[[0m^[[90mExpect (= (LENGTH DECODED) 1) to be true.^[[0m
sbcl-bin	Run tests	2026-09-29T04:20:11.5424874Z     ^[[32m✓ ^[[0m^[[90mExpect (STRING= (CAAR DECODED) "x-large") to be true.^[[0m
sbcl-bin	Run tests	2026-09-29T04:20:11.5425408Z     ^[[32m✓ ^[[0m^[[90mExpect (STRING= (CDAR DECODED) LARGE-VALUE) to be true.^[[0m
sbcl-bin	Run tests	2026-09-29T04:20:11.5425916Z     ^[[32m✓ ^[[0m^[[90mExpect (= (LENGTH (CDAR DECODED)) 10000) to be true.^[[0m
sbcl-bin	Run tests	2026-09-29T04:20:11.5426551Z ^[[37mhpack-special-characters-in-values^[[0m
sbcl-bin	Run tests	2026-09-29T04:20:11.5427197Z   ^[[37mEncode/decode headers with special characters^[[0m
sbcl-bin	Run tests	2026-09-29T04:20:11.5427686Z     ^[[32m✓ ^[[0m^[[90mExpect (= (LENGTH DECODED) (LENGTH HEADERS)) to be true.^[[0m
sbcl-bin	Run tests	2026-09-29T04:20:11.5428233Z     ^[[32m✓ ^[[0m^[[90mExpect (MEMBER ORIGINAL DECODED :TEST #'EQUAL) to be true.^[[0m
sbcl-bin	Run tests	2026-09-29T04:20:11.5428800Z     ^[[32m✓ ^[[0m^[[90mExpect (MEMBER ORIGINAL DECODED :TEST #'EQUAL) to be true.^[[0m
sbcl-bin	Run tests	2026-09-29T04:20:11.5429328Z     ^[[32m✓ ^[[0m^[[90mExpect (MEMBER ORIGINAL DECODED :TEST #'EQUAL) to be true.^[[0m
sbcl-bin	Run tests	2026-09-29T04:20:11.5429833Z     ^[[32m✓ ^[[0m^[[90mExpect (MEMBER ORIGINAL DECODED :TEST #'EQUAL) to be true.^[[0m
sbcl-bin	Run tests	2026-09-29T04:20:11.5430242Z ^[[37mhpack-integer-truncated^[[0m
sbcl-bin	Run tests	2026-09-29T04:20:11.5430688Z   ^[[37mTruncated integer (prefix filled, no continuation) is COMPRESSION_ERROR^[[0m
sbcl-bin	Run tests	2026-09-29T04:20:11.5431507Z     ^[[32m✓ ^[[0m^[[90mExpect (WOO.HTTP2.HPACK::HPACK-DECODE-INTEGER DATA 0 5) to signal HPACK-COMPRESSION-ERROR.^[[0m
sbcl-bin	Run tests	2026-09-29T04:20:11.5432084Z ^[[37mhpack-integer-0x80-chain^[[0m
sbcl-bin	Run tests	2026-09-29T04:20:11.5432477Z   ^[[37mUnbounded 0x80 continuation chain is COMPRESSION_ERROR^[[0m
sbcl-bin	Run tests	2026-09-29T04:20:11.5435249Z     ^[[32m✓ ^[[0m^[[90mExpect (WOO.HTTP2.HPACK::HPACK-DECODE-INTEGER DATA 0 5) to signal HPACK-COMPRESSION-ERROR.^[[0m
sbcl-bin	Run tests	2026-09-29T04:20:11.5435847Z ^[[37mhpack-unknown-index^[[0m
sbcl-bin	Run tests	2026-09-29T04:20:11.5436212Z   ^[[37mUnknown static/dynamic index is COMPRESSION_ERROR^[[0m
sbcl-bin	Run tests	2026-09-29T04:20:11.5437042Z     ^[[32m✓ ^[[0m^[[90mExpect (WOO.HTTP2.HPACK::HPACK-LOOKUP-INDEX CTX 62) to signal HPACK-COMPRESSION-ERROR.^[[0m
sbcl-bin	Run tests	2026-09-29T04:20:11.5437848Z     ^[[32m✓ ^[[0m^[[90mExpect (WOO.HTTP2.HPACK::HPACK-LOOKUP-INDEX CTX 1000) to signal HPACK-COMPRESSION-ERROR.^[[0m
sbcl-bin	Run tests	2026-09-29T04:20:11.5438578Z     ^[[32m✓ ^[[0m^[[90mExpect (HPACK-DECODE-HEADERS CTX DATA) to signal HPACK-COMPRESSION-ERROR.^[[0m
sbcl-bin	Run tests	2026-09-29T04:20:11.5439151Z ^[[37mhpack-dynamic-table-octet-size-non-ascii^[[0m
sbcl-bin	Run tests	2026-09-29T04:20:11.5439622Z   ^[[37mNon-ASCII value is sized in UTF-8 octets and forces eviction^[[0m
sbcl-bin	Run tests	2026-09-29T04:20:11.5440114Z     ^[[32m✓ ^[[0m^[[90mExpect (= (LENGTH HEADERS) 1) to be true.^[[0m
sbcl-bin	Run tests	2026-09-29T04:20:11.5440575Z     ^[[32m✓ ^[[0m^[[90mExpect (STRING= (CAAR HEADERS) "a") to be true.^[[0m
sbcl-bin	Run tests	2026-09-29T04:20:11.5441184Z     ^[[32m✓ ^[[0m^[[90mExpect (EQUAL (MAP 'LIST #'CHAR-CODE (CDAR HEADERS)) '(26085 26412 35486)) to be true.^[[0m
sbcl-bin	Run tests	2026-09-29T04:20:11.5441834Z     ^[[32m✓ ^[[0m^[[90mExpect (= (LENGTH (HPACK-CONTEXT-DYNAMIC-TABLE CTX)) 0) to be true.^[[0m
sbcl-bin	Run tests	2026-09-29T04:20:11.5442426Z     ^[[32m✓ ^[[0m^[[90mExpect (= (HPACK-CONTEXT-DYNAMIC-TABLE-SIZE CTX) 0) to be true.^[[0m
sbcl-bin	Run tests	2026-09-29T04:20:11.5442958Z   ^[[37mSame value is inserted and counted as 42 octets when it fits^[[0m
sbcl-bin	Run tests	2026-09-29T04:20:11.5443502Z     ^[[32m✓ ^[[0m^[[90mExpect (= (LENGTH (HPACK-CONTEXT-DYNAMIC-TABLE CTX)) 1) to be true.^[[0m
sbcl-bin	Run tests	2026-09-29T04:20:11.5444081Z     ^[[32m✓ ^[[0m^[[90mExpect (= (HPACK-CONTEXT-DYNAMIC-TABLE-SIZE CTX) 42) to be true.^[[0m
sbcl-bin	Run tests	2026-09-29T04:20:11.5444677Z     ^[[32m✓ ^[[0m^[[90mExpect (= (HPACK-CONTEXT-MAX-DYNAMIC-TABLE-SIZE CTX) 41) to be true.^[[0m
sbcl-bin	Run tests	2026-09-29T04:20:11.5445280Z     ^[[32m✓ ^[[0m^[[90mExpect (= (LENGTH (HPACK-CONTEXT-DYNAMIC-TABLE CTX)) 0) to be true.^[[0m
sbcl-bin	Run tests	2026-09-29T04:20:11.5446035Z     ^[[32m✓ ^[[0m^[[90mExpect (= (HPACK-CONTEXT-DYNAMIC-TABLE-SIZE CTX) 0) to be true.^[[0m
sbcl-bin	Run tests	2026-09-29T04:20:11.5446488Z ^[[37mhpack-oversized-insert-on-wire^[[0m
sbcl-bin	Run tests	2026-09-29T04:20:11.5446995Z   ^[[37mWire insert larger than the table max empties the table^[[0m
sbcl-bin	Run tests	2026-09-29T04:20:11.5447520Z     ^[[32m✓ ^[[0m^[[90mExpect (= (LENGTH (HPACK-CONTEXT-DYNAMIC-TABLE CTX)) 1) to be true.^[[0m
sbcl-bin	Run tests	2026-09-29T04:20:11.5448020Z     ^[[32m✓ ^[[0m^[[90mExpect (= (LENGTH HEADERS) 1) to be true.^[[0m
sbcl-bin	Run tests	2026-09-29T04:20:11.5448477Z     ^[[32m✓ ^[[0m^[[90mExpect (STRING= (CAAR HEADERS) "name") to be true.^[[0m
sbcl-bin	Run tests	2026-09-29T04:20:11.5448957Z     ^[[32m✓ ^[[0m^[[90mExpect (= (LENGTH (CDAR HEADERS)) 15) to be true.^[[0m
sbcl-bin	Run tests	2026-09-29T04:20:11.5449477Z     ^[[32m✓ ^[[0m^[[90mExpect (= (LENGTH (HPACK-CONTEXT-DYNAMIC-TABLE CTX)) 0) to be true.^[[0m
sbcl-bin	Run tests	2026-09-29T04:20:11.5450038Z     ^[[32m✓ ^[[0m^[[90mExpect (= (HPACK-CONTEXT-DYNAMIC-TABLE-SIZE CTX) 0) to be true.^[[0m
sbcl-bin	Run tests	2026-09-29T04:20:11.5450625Z ^[[37mhpack-rfc7541-c5-eviction^[[0m
sbcl-bin	Run tests	2026-09-29T04:20:11.5451030Z   ^[[37mRFC 7541 C.5 responses evict at SETTINGS_HEADER_TABLE_SIZE 256^[[0m
sbcl-bin	Run tests	2026-09-29T04:20:11.5451494Z     ^[[32m✓ ^[[0m^[[90mExpect (= (LENGTH HEADERS) 4) to be true.^[[0m
sbcl-bin	Run tests	2026-09-29T04:20:11.5451935Z     ^[[32m✓ ^[[0m^[[90mExpect (STRING= (CDAR HEADERS) "302") to be true.^[[0m
sbcl-bin	Run tests	2026-09-29T04:20:11.5452457Z     ^[[32m✓ ^[[0m^[[90mExpect (= (HPACK-CONTEXT-DYNAMIC-TABLE-SIZE CTX) 222) to be true.^[[0m
sbcl-bin	Run tests	2026-09-29T04:20:11.5453045Z     ^[[32m✓ ^[[0m^[[90mExpect (= (LENGTH (HPACK-CONTEXT-DYNAMIC-TABLE CTX)) 4) to be true.^[[0m
sbcl-bin	Run tests	2026-09-29T04:20:11.5453536Z     ^[[32m✓ ^[[0m^[[90mExpect (= (LENGTH HEADERS) 4) to be true.^[[0m
sbcl-bin	Run tests	2026-09-29T04:20:11.5453988Z     ^[[32m✓ ^[[0m^[[90mExpect (STRING= (CAAR HEADERS) ":status") to be true.^[[0m
sbcl-bin	Run tests	2026-09-29T04:20:11.5454460Z     ^[[32m✓ ^[[0m^[[90mExpect (STRING= (CDAR HEADERS) "307") to be true.^[[0m
sbcl-bin	Run tests	2026-09-29T04:20:11.5454984Z     ^[[32m✓ ^[[0m^[[90mExpect (= (HPACK-CONTEXT-DYNAMIC-TABLE-SIZE CTX) 222) to be true.^[[0m
sbcl-bin	Run tests	2026-09-29T04:20:11.5455622Z     ^[[32m✓ ^[[0m^[[90mExpect (= (LENGTH (HPACK-CONTEXT-DYNAMIC-TABLE CTX)) 4) to be true.^[[0m
sbcl-bin	Run tests	2026-09-29T04:20:11.5456156Z     ^[[32m✓ ^[[0m^[[90mExpect (STRING= (CAR ENTRY) ":status") to be true.^[[0m
sbcl-bin	Run tests	2026-09-29T04:20:11.5456611Z     ^[[32m✓ ^[[0m^[[90mExpect (STRING= (CDR ENTRY) "307") to be true.^[[0m
sbcl-bin	Run tests	2026-09-29T04:20:11.5457558Z     ^[[32m✓ ^[[0m^[[90mExpect (WOO.HTTP2.HPACK::HPACK-LOOKUP-INDEX CTX 66) to signal HPACK-COMPRESSION-ERROR.^[[0m
sbcl-bin	Run tests	2026-09-29T04:20:11.5458340Z     ^[[32m✓ ^[[0m^[[90mExpect (FIND "302" (HPACK-CONTEXT-DYNAMIC-TABLE CTX) :KEY #'CDR :TEST #'STRING=) to be false.^[[0m
sbcl-bin	Run tests	2026-09-29T04:20:11.5458935Z     ^[[32m✓ ^[[0m^[[90mExpect (= (LENGTH HEADERS) 6) to be true.^[[0m
sbcl-bin	Run tests	2026-09-29T04:20:11.5459417Z     ^[[32m✓ ^[[0m^[[90mExpect (STRING= (CAAR HEADERS) ":status") to be true.^[[0m
sbcl-bin	Run tests	2026-09-29T04:20:11.5459887Z     ^[[32m✓ ^[[0m^[[90mExpect (STRING= (CDAR HEADERS) "200") to be true.^[[0m
sbcl-bin	Run tests	2026-09-29T04:20:11.5460403Z     ^[[32m✓ ^[[0m^[[90mExpect (STRING= (CAR (CAR (LAST HEADERS))) "set-cookie") to be true.^[[0m
sbcl-bin	Run tests	2026-09-29T04:20:11.5461020Z     ^[[32m✓ ^[[0m^[[90mExpect (= (HPACK-CONTEXT-DYNAMIC-TABLE-SIZE CTX) 215) to be true.^[[0m
sbcl-bin	Run tests	2026-09-29T04:20:11.5461597Z     ^[[32m✓ ^[[0m^[[90mExpect (= (LENGTH (HPACK-CONTEXT-DYNAMIC-TABLE CTX)) 3) to be true.^[[0m
sbcl-bin	Run tests	2026-09-29T04:20:11.5462057Z ^[[37mhpack-rfc7541-c6-huffman-eviction^[[0m
sbcl-bin	Run tests	2026-09-29T04:20:11.5462496Z   ^[[37mRFC 7541 C.6 evicts using decoded octets, not Huffman wire length^[[0m
sbcl-bin	Run tests	2026-09-29T04:20:11.5462956Z     ^[[32m✓ ^[[0m^[[90mExpect (= (LENGTH HEADERS) 4) to be true.^[[0m
sbcl-bin	Run tests	2026-09-29T04:20:11.5463383Z     ^[[32m✓ ^[[0m^[[90mExpect (STRING= (CDAR HEADERS) "302") to be true.^[[0m
sbcl-bin	Run tests	2026-09-29T04:20:11.5463971Z     ^[[32m✓ ^[[0m^[[90mExpect (STRING= (CDR (NTH 3 HEADERS)) "https://www.example.com") to be true.^[[0m
sbcl-bin	Run tests	2026-09-29T04:20:11.5464608Z     ^[[32m✓ ^[[0m^[[90mExpect (= (HPACK-CONTEXT-DYNAMIC-TABLE-SIZE CTX) 222) to be true.^[[0m
sbcl-bin	Run tests	2026-09-29T04:20:11.5465198Z     ^[[32m✓ ^[[0m^[[90mExpect (= (LENGTH (HPACK-CONTEXT-DYNAMIC-TABLE CTX)) 4) to be true.^[[0m
sbcl-bin	Run tests	2026-09-29T04:20:11.5465726Z     ^[[32m✓ ^[[0m^[[90mExpect (STRING= (CDAR HEADERS) "307") to be true.^[[0m
sbcl-bin	Run tests	2026-09-29T04:20:11.5466399Z     ^[[32m✓ ^[[0m^[[90mExpect (= (HPACK-CONTEXT-DYNAMIC-TABLE-SIZE CTX) 222) to be true.^[[0m
sbcl-bin	Run tests	2026-09-29T04:20:11.5467309Z     ^[[32m✓ ^[[0m^[[90mExpect (FIND "302" (HPACK-CONTEXT-DYNAMIC-TABLE CTX) :KEY #'CDR :TEST #'STRING=) to be false.^[[0m
sbcl-bin	Run tests	2026-09-29T04:20:11.5467897Z     ^[[32m✓ ^[[0m^[[90mExpect (= (LENGTH HEADERS) 6) to be true.^[[0m
sbcl-bin	Run tests	2026-09-29T04:20:11.5468309Z     ^[[32m✓ ^[[0m^[[90mExpect (STRING= (CDR (CAR (LAST HEADERS)))
sbcl-bin	Run tests	2026-09-29T04:20:11.5468832Z                       "foo=ASDJKHQKBZXOQWEOPIUAXQWEOIU; max-age=3600; version=1") to be true.^[[0m
sbcl-bin	Run tests	2026-09-29T04:20:11.5469464Z     ^[[32m✓ ^[[0m^[[90mExpect (= (HPACK-CONTEXT-DYNAMIC-TABLE-SIZE CTX) 215) to be true.^[[0m
sbcl-bin	Run tests	2026-09-29T04:20:11.5470037Z     ^[[32m✓ ^[[0m^[[90mExpect (= (LENGTH (HPACK-CONTEXT-DYNAMIC-TABLE CTX)) 3) to be true.^[[0m
sbcl-bin	Run tests	2026-09-29T04:20:11.5470495Z ^[[37mhpack-size-update-literal-octets^[[0m
sbcl-bin	Run tests	2026-09-29T04:20:11.5471074Z   ^[[37mPublished size-update octets, not an encode/decode round trip^[[0m
sbcl-bin	Run tests	2026-09-29T04:20:11.5471761Z     ^[[32m✓ ^[[0m^[[90mExpect (HPACK-DECODE-HEADERS CTX (HPACK-BYTES 130 32)) to signal HPACK-COMPRESSION-ERROR.^[[0m
sbcl-bin	Run tests	2026-09-29T04:20:11.5472460Z     ^[[32m✓ ^[[0m^[[90mExpect (= (HPACK-CONTEXT-MAX-DYNAMIC-TABLE-SIZE CTX) 4096) to be true.^[[0m
sbcl-bin	Run tests	2026-09-29T04:20:11.5473176Z     ^[[32m✓ ^[[0m^[[90mExpect (HPACK-DECODE-HEADERS CTX (HPACK-BYTES 63 226 31)) to signal HPACK-COMPRESSION-ERROR.^[[0m
sbcl-bin	Run tests	2026-09-29T04:20:11.5473867Z     ^[[32m✓ ^[[0m^[[90mExpect (= (HPACK-CONTEXT-MAX-DYNAMIC-TABLE-SIZE CTX) 4096) to be true.^[[0m
sbcl-bin	Run tests	2026-09-29T04:20:11.5474471Z     ^[[32m✓ ^[[0m^[[90mExpect (= (HPACK-CONTEXT-DYNAMIC-TABLE-SIZE CTX) 34) to be true.^[[0m
sbcl-bin	Run tests	2026-09-29T04:20:11.5475062Z     ^[[32m✓ ^[[0m^[[90mExpect (= (LENGTH (HPACK-CONTEXT-DYNAMIC-TABLE CTX)) 1) to be true.^[[0m
sbcl-bin	Run tests	2026-09-29T04:20:11.5475682Z     ^[[32m✓ ^[[0m^[[90mExpect (NULL (HPACK-DECODE-HEADERS CTX (HPACK-BYTES 63 69))) to be true.^[[0m
sbcl-bin	Run tests	2026-09-29T04:20:11.5476324Z     ^[[32m✓ ^[[0m^[[90mExpect (= (HPACK-CONTEXT-MAX-DYNAMIC-TABLE-SIZE CTX) 100) to be true.^[[0m
sbcl-bin	Run tests	2026-09-29T04:20:11.5477134Z     ^[[32m✓ ^[[0m^[[90mExpect (HPACK-DECODE-HEADERS CTX (HPACK-BYTES 63 70)) to signal HPACK-COMPRESSION-ERROR.^[[0m
sbcl-bin	Run tests	2026-09-29T04:20:11.5477822Z     ^[[32m✓ ^[[0m^[[90mExpect (= (HPACK-CONTEXT-MAX-DYNAMIC-TABLE-SIZE CTX) 100) to be true.^[[0m
sbcl-bin	Run tests	2026-09-29T04:20:11.5478319Z ^[[37mhpack-dynamic-table-size-update-rules^[[0m
sbcl-bin	Run tests	2026-09-29T04:20:11.5478756Z   ^[[37mSize update equal to the advertised limit is accepted^[[0m
sbcl-bin	Run tests	2026-09-29T04:20:11.5479361Z     ^[[32m✓ ^[[0m^[[90mExpect (NULL (HPACK-DECODE-HEADERS CTX (HPACK-SIZE-UPDATE-BYTES 4096))) to be true.^[[0m
sbcl-bin	Run tests	2026-09-29T04:20:11.5480025Z     ^[[32m✓ ^[[0m^[[90mExpect (= (HPACK-CONTEXT-MAX-DYNAMIC-TABLE-SIZE CTX) 4096) to be true.^[[0m
sbcl-bin	Run tests	2026-09-29T04:20:11.5480594Z   ^[[37mEncoder may lower the table and later raise it back to the limit^[[0m
sbcl-bin	Run tests	2026-09-29T04:20:11.5481156Z     ^[[32m✓ ^[[0m^[[90mExpect (= (HPACK-CONTEXT-MAX-DYNAMIC-TABLE-SIZE CTX) 100) to be true.^[[0m
sbcl-bin	Run tests	2026-09-29T04:20:11.5481771Z     ^[[32m✓ ^[[0m^[[90mExpect (= (HPACK-CONTEXT-MAX-DYNAMIC-TABLE-SIZE CTX) 200) to be true.^[[0m
sbcl-bin	Run tests	2026-09-29T04:20:11.5482350Z   ^[[37mSize update above SETTINGS_HEADER_TABLE_SIZE is COMPRESSION_ERROR^[[0m
sbcl-bin	Run tests	2026-09-29T04:20:11.5483063Z     ^[[32m✓ ^[[0m^[[90mExpect (HPACK-DECODE-HEADERS CTX (HPACK-SIZE-UPDATE-BYTES 4097)) to signal HPACK-COMPRESSION-ERROR.^[[0m
sbcl-bin	Run tests	2026-09-29T04:20:11.5483797Z     ^[[32m✓ ^[[0m^[[90mExpect (= (HPACK-CONTEXT-DYNAMIC-TABLE-SIZE CTX) SIZE) to be true.^[[0m
sbcl-bin	Run tests	2026-09-29T04:20:11.5484407Z     ^[[32m✓ ^[[0m^[[90mExpect (= (HPACK-CONTEXT-MAX-DYNAMIC-TABLE-SIZE CTX) MAX) to be true.^[[0m
sbcl-bin	Run tests	2026-09-29T04:20:11.5485007Z     ^[[32m✓ ^[[0m^[[90mExpect (= (LENGTH (HPACK-CONTEXT-DYNAMIC-TABLE CTX)) 1) to be true.^[[0m
sbcl-bin	Run tests	2026-09-29T04:20:11.5485550Z   ^[[37mCustom context limit is the ceiling, not only the default 4096^[[0m
sbcl-bin	Run tests	2026-09-29T04:20:11.5486111Z     ^[[32m✓ ^[[0m^[[90mExpect (= (HPACK-CONTEXT-MAX-DYNAMIC-TABLE-SIZE CTX) 100) to be true.^[[0m
sbcl-bin	Run tests	2026-09-29T04:20:11.5486947Z     ^[[32m✓ ^[[0m^[[90mExpect (HPACK-DECODE-HEADERS CTX (HPACK-SIZE-UPDATE-BYTES 101)) to signal HPACK-COMPRESSION-ERROR.^[[0m
sbcl-bin	Run tests	2026-09-29T04:20:11.5487830Z     ^[[32m✓ ^[[0m^[[90mExpect (= (HPACK-CONTEXT-MAX-DYNAMIC-TABLE-SIZE CTX) 100) to be true.^[[0m
sbcl-bin	Run tests	2026-09-29T04:20:11.5488346Z   ^[[37mSETTINGS_HEADER_TABLE_SIZE raises the ceiling^[[0m
sbcl-bin	Run tests	2026-09-29T04:20:11.5488883Z     ^[[32m✓ ^[[0m^[[90mExpect (= (HPACK-CONTEXT-MAX-DYNAMIC-TABLE-SIZE CTX) 8192) to be true.^[[0m
sbcl-bin	Run tests	2026-09-29T04:20:11.5489640Z     ^[[32m✓ ^[[0m^[[90mExpect (HPACK-DECODE-HEADERS CTX (HPACK-SIZE-UPDATE-BYTES 8193)) to signal HPACK-COMPRESSION-ERROR.^[[0m
sbcl-bin	Run tests	2026-09-29T04:20:11.5490373Z     ^[[32m✓ ^[[0m^[[90mExpect (= (HPACK-CONTEXT-MAX-DYNAMIC-TABLE-SIZE CTX) 8192) to be true.^[[0m
sbcl-bin	Run tests	2026-09-29T04:20:11.5490910Z   ^[[37mSize update after a header field is COMPRESSION_ERROR^[[0m
sbcl-bin	Run tests	2026-09-29T04:20:11.5491322Z     ^[[32m✓ ^[[0m^[[90mExpect (HPACK-DECODE-HEADERS CTX
sbcl-bin	Run tests	2026-09-29T04:20:11.5491652Z                                    (HPACK-CAT (HPACK-BYTES 130)
sbcl-bin	Run tests	2026-09-29T04:20:11.5492178Z                                               (HPACK-SIZE-UPDATE-BYTES 0))) to signal HPACK-COMPRESSION-ERROR.^[[0m
sbcl-bin	Run tests	2026-09-29T04:20:11.5492965Z     ^[[32m✓ ^[[0m^[[90mExpect (= (HPACK-CONTEXT-MAX-DYNAMIC-TABLE-SIZE CTX) 4096) to be true.^[[0m
sbcl-bin	Run tests	2026-09-29T04:20:11.5493497Z   ^[[37mTwo size updates before the first field are accepted^[[0m
sbcl-bin	Run tests	2026-09-29T04:20:11.5493926Z     ^[[32m✓ ^[[0m^[[90mExpect (= (LENGTH HEADERS) 1) to be true.^[[0m
sbcl-bin	Run tests	2026-09-29T04:20:11.5494388Z     ^[[32m✓ ^[[0m^[[90mExpect (STRING= (CAAR HEADERS) ":method") to be true.^[[0m
sbcl-bin	Run tests	2026-09-29T04:20:11.5494878Z     ^[[32m✓ ^[[0m^[[90mExpect (STRING= (CDAR HEADERS) "GET") to be true.^[[0m
sbcl-bin	Run tests	2026-09-29T04:20:11.5495426Z     ^[[32m✓ ^[[0m^[[90mExpect (= (HPACK-CONTEXT-MAX-DYNAMIC-TABLE-SIZE CTX) 256) to be true.^[[0m
sbcl-bin	Run tests	2026-09-29T04:20:11.5496030Z     ^[[32m✓ ^[[0m^[[90mExpect (= (LENGTH (HPACK-CONTEXT-DYNAMIC-TABLE CTX)) 0) to be true.^[[0m
sbcl-bin	Run tests	2026-09-29T04:20:11.5496484Z ^[[37mhpack-obs-text-not-utf8^[[0m
sbcl-bin	Run tests	2026-09-29T04:20:11.5497148Z   ^[[37mRaw obs-text is not a compression error and counts as one octet^[[0m
sbcl-bin	Run tests	2026-09-29T04:20:11.5497642Z     ^[[32m✓ ^[[0m^[[90mExpect (= (LENGTH HEADERS) 1) to be true.^[[0m
sbcl-bin	Run tests	2026-09-29T04:20:11.5498132Z     ^[[32m✓ ^[[0m^[[90mExpect (= (CHAR-CODE (CHAR (CAAR HEADERS) 0)) 255) to be true.^[[0m
sbcl-bin	Run tests	2026-09-29T04:20:11.5498631Z     ^[[32m✓ ^[[0m^[[90mExpect (STRING= (CDAR HEADERS) "a") to be true.^[[0m
sbcl-bin	Run tests	2026-09-29T04:20:11.5499155Z     ^[[32m✓ ^[[0m^[[90mExpect (= (LENGTH (HPACK-CONTEXT-DYNAMIC-TABLE CTX)) 1) to be true.^[[0m
sbcl-bin	Run tests	2026-09-29T04:20:11.5499768Z     ^[[32m✓ ^[[0m^[[90mExpect (= (HPACK-CONTEXT-DYNAMIC-TABLE-SIZE CTX) (+ 32 1 1)) to be true.^[[0m
sbcl-bin	Run tests	2026-09-29T04:20:11.5500289Z   ^[[37mA later indexed name keeps the raw octet length^[[0m
sbcl-bin	Run tests	2026-09-29T04:20:11.5500786Z     ^[[32m✓ ^[[0m^[[90mExpect (= (LENGTH (HPACK-CONTEXT-DYNAMIC-TABLE CTX)) 2) to be true.^[[0m
sbcl-bin	Run tests	2026-09-29T04:20:11.5501381Z     ^[[32m✓ ^[[0m^[[90mExpect (= (HPACK-CONTEXT-DYNAMIC-TABLE-SIZE CTX) (+ 34 34)) to be true.^[[0m
sbcl-bin	Run tests	2026-09-29T04:20:11.5501865Z   ^[[37mHuffman-coded obs-text does not signal^[[0m
sbcl-bin	Run tests	2026-09-29T04:20:11.5502259Z     ^[[32m✓ ^[[0m^[[90mExpect (= (LENGTH HEADERS) 1) to be true.^[[0m
sbcl-bin	Run tests	2026-09-29T04:20:11.5502699Z     ^[[32m✓ ^[[0m^[[90mExpect (STRING= (CAAR HEADERS) "x") to be true.^[[0m
sbcl-bin	Run tests	2026-09-29T04:20:11.5503145Z     ^[[32m✓ ^[[0m^[[90mExpect (= (LENGTH (CDAR HEADERS)) 1) to be true.^[[0m
sbcl-bin	Run tests	2026-09-29T04:20:11.5503632Z     ^[[32m✓ ^[[0m^[[90mExpect (= (CHAR-CODE (CHAR (CDAR HEADERS) 0)) 255) to be true.^[[0m
sbcl-bin	Run tests	2026-09-29T04:20:11.5504181Z     ^[[32m✓ ^[[0m^[[90mExpect (= (LENGTH (HPACK-CONTEXT-DYNAMIC-TABLE CTX)) 0) to be true.^[[0m
sbcl-bin	Run tests	2026-09-29T04:20:11.5504627Z ^[[37mhpack-huffman-method-get^[[0m
sbcl-bin	Run tests	2026-09-29T04:20:11.5504978Z   ^[[37mHuffman-encoded :method GET decodes correctly^[[0m
sbcl-bin	Run tests	2026-09-29T04:20:11.5505407Z     ^[[32m✓ ^[[0m^[[90mExpect (LOGBITP 7 (AREF NAME-ENC 0)) to be true.^[[0m
sbcl-bin	Run tests	2026-09-29T04:20:11.5505866Z     ^[[32m✓ ^[[0m^[[90mExpect (LOGBITP 7 (AREF VALUE-ENC 0)) to be true.^[[0m
sbcl-bin	Run tests	2026-09-29T04:20:11.5506295Z     ^[[32m✓ ^[[0m^[[90mExpect (= (LENGTH HEADERS) 1) to be true.^[[0m
sbcl-bin	Run tests	2026-09-29T04:20:11.5506914Z     ^[[32m✓ ^[[0m^[[90mExpect (STRING= (CAAR HEADERS) ":method") to be true.^[[0m
sbcl-bin	Run tests	2026-09-29T04:20:11.5507417Z     ^[[32m✓ ^[[0m^[[90mExpect (STRING= (CDAR HEADERS) "GET") to be true.^[[0m
sbcl-bin	Run tests	2026-09-29T04:20:11.5507952Z   ^[[37mHuffman string roundtrip^[[0m
sbcl-bin	Run tests	2026-09-29T04:20:11.5508312Z     ^[[32m✓ ^[[0m^[[90mExpect (STRING= DECODED S) to be true.^[[0m
sbcl-bin	Run tests	2026-09-29T04:20:11.5508756Z     ^[[32m✓ ^[[0m^[[90mExpect (= CONSUMED (LENGTH ENCODED)) to be true.^[[0m
sbcl-bin	Run tests	2026-09-29T04:20:11.5509188Z     ^[[32m✓ ^[[0m^[[90mExpect (STRING= DECODED S) to be true.^[[0m
sbcl-bin	Run tests	2026-09-29T04:20:11.5509610Z     ^[[32m✓ ^[[0m^[[90mExpect (= CONSUMED (LENGTH ENCODED)) to be true.^[[0m
sbcl-bin	Run tests	2026-09-29T04:20:11.5510027Z     ^[[32m✓ ^[[0m^[[90mExpect (STRING= DECODED S) to be true.^[[0m
sbcl-bin	Run tests	2026-09-29T04:20:11.5510439Z     ^[[32m✓ ^[[0m^[[90mExpect (= CONSUMED (LENGTH ENCODED)) to be true.^[[0m
sbcl-bin	Run tests	2026-09-29T04:20:11.5510848Z     ^[[32m✓ ^[[0m^[[90mExpect (STRING= DECODED S) to be true.^[[0m
sbcl-bin	Run tests	2026-09-29T04:20:11.5511258Z     ^[[32m✓ ^[[0m^[[90mExpect (= CONSUMED (LENGTH ENCODED)) to be true.^[[0m
sbcl-bin	Run tests	2026-09-29T04:20:11.5511667Z     ^[[32m✓ ^[[0m^[[90mExpect (STRING= DECODED S) to be true.^[[0m
sbcl-bin	Run tests	2026-09-29T04:20:11.5512226Z     ^[[32m✓ ^[[0m^[[90mExpect (= CONSUMED (LENGTH ENCODED)) to be true.^[[0m
sbcl-bin	Run tests	2026-09-29T04:20:11.5512644Z     ^[[32m✓ ^[[0m^[[90mExpect (STRING= DECODED S) to be true.^[[0m
sbcl-bin	Run tests	2026-09-29T04:20:11.5513053Z     ^[[32m✓ ^[[0m^[[90mExpect (= CONSUMED (LENGTH ENCODED)) to be true.^[[0m
sbcl-bin	Run tests	2026-09-29T04:20:11.5513477Z ^[[37mhpack-header-list-limit-while-decoding^[[0m
sbcl-bin	Run tests	2026-09-29T04:20:11.5513899Z   ^[[37mdecoding stops at the field that crosses the limit^[[0m
sbcl-bin	Run tests	2026-09-29T04:20:11.5514304Z     ^[[32m✓ ^[[0m^[[90mExpect (EQL FIELDS 17) to be true.^[[0m
sbcl-bin	Run tests	2026-09-29T04:20:11.5514699Z   ^[[37mthe limit counts name + value + 32 per field^[[0m
sbcl-bin	Run tests	2026-09-29T04:20:11.5515038Z     ^[[32m✓ ^[[0m^[[90mExpect (= 2
sbcl-bin	Run tests	2026-09-29T04:20:11.5515275Z                 (LENGTH
sbcl-bin	Run tests	2026-09-29T04:20:11.5515549Z                  (HPACK-DECODE-HEADERS (MAKE-HPACK-CONTEXT) BLOCK
sbcl-bin	Run tests	2026-09-29T04:20:11.5516001Z                                        :MAX-HEADER-LIST-SIZE 86))) to be true.^[[0m
sbcl-bin	Run tests	2026-09-29T04:20:11.5516575Z     ^[[32m✓ ^[[0m^[[90mExpect (HPACK-DECODE-HEADERS (MAKE-HPACK-CONTEXT) BLOCK :MAX-HEADER-LIST-SIZE
sbcl-bin	Run tests	2026-09-29T04:20:11.5517291Z                                    85) to signal HPACK-HEADER-LIST-TOO-LARGE.^[[0m
sbcl-bin	Run tests	2026-09-29T04:20:11.5517703Z   ^[[37mwithout a limit the whole block decodes^[[0m
sbcl-bin	Run tests	2026-09-29T04:20:11.5518037Z     ^[[32m✓ ^[[0m^[[90mExpect (= 1001
sbcl-bin	Run tests	2026-09-29T04:20:11.5518282Z                 (LENGTH
sbcl-bin	Run tests	2026-09-29T04:20:11.5518536Z                  (HPACK-DECODE-HEADERS (MAKE-HPACK-CONTEXT)
sbcl-bin	Run tests	2026-09-29T04:20:11.5518979Z                                        (INDEXED-BOMB-BLOCK 4000 1000)))) to be true.^[[0m
sbcl-bin	Run tests	2026-09-29T04:20:11.5519236Z 
sbcl-bin	Run tests	2026-09-29T04:20:11.5519346Z ;; testing 'woo-test.http2-frames'
sbcl-bin	Run tests	2026-09-29T04:20:11.5519654Z ^[[37mparse-frame-header-basic^[[0m
sbcl-bin	Run tests	2026-09-29T04:20:11.5519998Z   ^[[37mparse-frame-header with valid 9-byte header^[[0m
sbcl-bin	Run tests	2026-09-29T04:20:11.5520380Z     ^[[32m✓ ^[[0m^[[90mExpect (= LENGTH 16) to be true.^[[0m
sbcl-bin	Run tests	2026-09-29T04:20:11.5520769Z     ^[[32m✓ ^[[0m^[[90mExpect (= TYPE +FRAME-DATA+) to be true.^[[0m
sbcl-bin	Run tests	2026-09-29T04:20:11.5521163Z     ^[[32m✓ ^[[0m^[[90mExpect (= FLAGS 1) to be true.^[[0m
sbcl-bin	Run tests	2026-09-29T04:20:11.5521532Z     ^[[32m✓ ^[[0m^[[90mExpect (= STREAM-ID 1) to be true.^[[0m
sbcl-bin	Run tests	2026-09-29T04:20:11.5521947Z ^[[37mparse-frame-header-insufficient-data^[[0m
sbcl-bin	Run tests	2026-09-29T04:20:11.5522375Z   ^[[37mparse-frame-header with insufficient data returns NIL^[[0m
sbcl-bin	Run tests	2026-09-29T04:20:11.5522861Z     ^[[32m✓ ^[[0m^[[90mExpect (NULL (PARSE-FRAME-HEADER DATA)) to be true.^[[0m
sbcl-bin	Run tests	2026-09-29T04:20:11.5523287Z ^[[37mparse-frame-header-with-offset^[[0m
sbcl-bin	Run tests	2026-09-29T04:20:11.5523617Z   ^[[37mparse-frame-header with offset^[[0m
sbcl-bin	Run tests	2026-09-29T04:20:11.5523963Z     ^[[32m✓ ^[[0m^[[90mExpect (= LENGTH 32) to be true.^[[0m
sbcl-bin	Run tests	2026-09-29T04:20:11.5524361Z     ^[[32m✓ ^[[0m^[[90mExpect (= TYPE +FRAME-SETTINGS+) to be true.^[[0m
sbcl-bin	Run tests	2026-09-29T04:20:11.5524759Z     ^[[32m✓ ^[[0m^[[90mExpect (= FLAGS 0) to be true.^[[0m
sbcl-bin	Run tests	2026-09-29T04:20:11.5525120Z     ^[[32m✓ ^[[0m^[[90mExpect (= STREAM-ID 0) to be true.^[[0m
sbcl-bin	Run tests	2026-09-29T04:20:11.5525475Z ^[[37mparse-frame-header-reserved-bit^[[0m
sbcl-bin	Run tests	2026-09-29T04:20:11.5525880Z   ^[[37mparse-frame-header clears reserved bit in stream-id^[[0m
sbcl-bin	Run tests	2026-09-29T04:20:11.5526440Z     ^[[32m✓ ^[[0m^[[90mReserved bit should be cleared^[[0m
sbcl-bin	Run tests	2026-09-29T04:20:11.5526891Z ^[[37mparse-frame-header-max-values^[[0m
sbcl-bin	Run tests	2026-09-29T04:20:11.5527255Z   ^[[37mparse-frame-header with maximum values^[[0m
sbcl-bin	Run tests	2026-09-29T04:20:11.5527660Z     ^[[32m✓ ^[[0m^[[90mExpect (= LENGTH 16777215) to be true.^[[0m
sbcl-bin	Run tests	2026-09-29T04:20:11.5528084Z     ^[[32m✓ ^[[0m^[[90mExpect (= TYPE +FRAME-GOAWAY+) to be true.^[[0m
sbcl-bin	Run tests	2026-09-29T04:20:11.5528486Z     ^[[32m✓ ^[[0m^[[90mExpect (= FLAGS 255) to be true.^[[0m
sbcl-bin	Run tests	2026-09-29T04:20:11.5528885Z     ^[[32m✓ ^[[0m^[[90mExpect (= STREAM-ID 2147483647) to be true.^[[0m
sbcl-bin	Run tests	2026-09-29T04:20:11.5529240Z ^[[37mparse-frame-basic^[[0m
sbcl-bin	Run tests	2026-09-29T04:20:11.5529526Z   ^[[37mparse-frame with DATA frame^[[0m
sbcl-bin	Run tests	2026-09-29T04:20:11.5529854Z     ^[[32m✓ ^[[0m^[[90mExpect FRAME to be true.^[[0m
sbcl-bin	Run tests	2026-09-29T04:20:11.5530239Z     ^[[32m✓ ^[[0m^[[90mExpect (= BYTES-CONSUMED 25) to be true.^[[0m
sbcl-bin	Run tests	2026-09-29T04:20:11.5530863Z     ^[[32m✓ ^[[0m^[[90mExpect (= (FRAME-TYPE FRAME) +FRAME-DATA+) to be true.^[[0m
sbcl-bin	Run tests	2026-09-29T04:20:11.5531535Z     ^[[32m✓ ^[[0m^[[90mExpect (= (FRAME-FLAGS FRAME) +FLAG-END-STREAM+) to be true.^[[0m
sbcl-bin	Run tests	2026-09-29T04:20:11.5532049Z     ^[[32m✓ ^[[0m^[[90mExpect (= (FRAME-STREAM-ID FRAME) 1) to be true.^[[0m
sbcl-bin	Run tests	2026-09-29T04:20:11.5532541Z     ^[[32m✓ ^[[0m^[[90mExpect (= (LENGTH (FRAME-PAYLOAD FRAME)) 16) to be true.^[[0m
sbcl-bin	Run tests	2026-09-29T04:20:11.5533073Z     ^[[32m✓ ^[[0m^[[90mExpect (EQUALP (FRAME-PAYLOAD FRAME) PAYLOAD) to be true.^[[0m
sbcl-bin	Run tests	2026-09-29T04:20:11.5533502Z ^[[37mparse-frame-empty-payload^[[0m
sbcl-bin	Run tests	2026-09-29T04:20:11.5533825Z   ^[[37mparse-frame with empty payload^[[0m
sbcl-bin	Run tests	2026-09-29T04:20:11.5534163Z     ^[[32m✓ ^[[0m^[[90mExpect FRAME to be true.^[[0m
sbcl-bin	Run tests	2026-09-29T04:20:11.5534545Z     ^[[32m✓ ^[[0m^[[90mExpect (= BYTES-CONSUMED 9) to be true.^[[0m
sbcl-bin	Run tests	2026-09-29T04:20:11.5535020Z     ^[[32m✓ ^[[0m^[[90mExpect (= (FRAME-TYPE FRAME) +FRAME-SETTINGS+) to be true.^[[0m
sbcl-bin	Run tests	2026-09-29T04:20:11.5535528Z     ^[[32m✓ ^[[0m^[[90mExpect (= (FRAME-FLAGS FRAME) +FLAG-ACK+) to be true.^[[0m
sbcl-bin	Run tests	2026-09-29T04:20:11.5536043Z     ^[[32m✓ ^[[0m^[[90mExpect (= (LENGTH (FRAME-PAYLOAD FRAME)) 0) to be true.^[[0m
sbcl-bin	Run tests	2026-09-29T04:20:11.5536471Z ^[[37mparse-frame-insufficient-data^[[0m
sbcl-bin	Run tests	2026-09-29T04:20:11.5537097Z   ^[[37mparse-frame with insufficient data for payload^[[0m
sbcl-bin	Run tests	2026-09-29T04:20:11.5537546Z     ^[[32m✓ ^[[0m^[[90mExpect (NULL (PARSE-FRAME DATA)) to be true.^[[0m
sbcl-bin	Run tests	2026-09-29T04:20:11.5537951Z ^[[37mparse-frame-exceeds-max-frame-size^[[0m
sbcl-bin	Run tests	2026-09-29T04:20:11.5538406Z   ^[[37mparse-frame signals :frame-size-error when length exceeds max^[[0m
sbcl-bin	Run tests	2026-09-29T04:20:11.5538853Z     ^[[32m✓ ^[[0m^[[90mExpect (NULL FRAME) to be true.^[[0m
sbcl-bin	Run tests	2026-09-29T04:20:11.5539268Z     ^[[32m✓ ^[[0m^[[90mExpect (EQ STATUS :FRAME-SIZE-ERROR) to be true.^[[0m
sbcl-bin	Run tests	2026-09-29T04:20:11.5539645Z ^[[37mparse-frame-with-offset^[[0m
sbcl-bin	Run tests	2026-09-29T04:20:11.5539933Z   ^[[37mparse-frame with offset^[[0m
sbcl-bin	Run tests	2026-09-29T04:20:11.5540246Z     ^[[32m✓ ^[[0m^[[90mExpect FRAME to be true.^[[0m
sbcl-bin	Run tests	2026-09-29T04:20:11.5540620Z     ^[[32m✓ ^[[0m^[[90mExpect (= BYTES-CONSUMED 13) to be true.^[[0m
sbcl-bin	Run tests	2026-09-29T04:20:11.5541103Z     ^[[32m✓ ^[[0m^[[90mExpect (= (FRAME-TYPE FRAME) +FRAME-PING+) to be true.^[[0m
sbcl-bin	Run tests	2026-09-29T04:20:11.5541519Z ^[[37mserialize-frame-basic^[[0m
sbcl-bin	Run tests	2026-09-29T04:20:11.5541873Z   ^[[37mserialize-frame produces correct byte sequence^[[0m
sbcl-bin	Run tests	2026-09-29T04:20:11.5542298Z     ^[[32m✓ ^[[0m^[[90mExpect (= (LENGTH SERIALIZED) 17) to be true.^[[0m
sbcl-bin	Run tests	2026-09-29T04:20:11.5542728Z     ^[[32m✓ ^[[0m^[[90mExpect (= (AREF SERIALIZED 0) 0) to be true.^[[0m
sbcl-bin	Run tests	2026-09-29T04:20:11.5543144Z     ^[[32m✓ ^[[0m^[[90mExpect (= (AREF SERIALIZED 1) 0) to be true.^[[0m
sbcl-bin	Run tests	2026-09-29T04:20:11.5543550Z     ^[[32m✓ ^[[0m^[[90mExpect (= (AREF SERIALIZED 2) 8) to be true.^[[0m
sbcl-bin	Run tests	2026-09-29T04:20:11.5544003Z     ^[[32m✓ ^[[0m^[[90mExpect (= (AREF SERIALIZED 3) +FRAME-DATA+) to be true.^[[0m
sbcl-bin	Run tests	2026-09-29T04:20:11.5544519Z     ^[[32m✓ ^[[0m^[[90mExpect (= (AREF SERIALIZED 4) +FLAG-END-STREAM+) to be true.^[[0m
sbcl-bin	Run tests	2026-09-29T04:20:11.5544992Z     ^[[32m✓ ^[[0m^[[90mExpect (= (AREF SERIALIZED 5) 0) to be true.^[[0m
sbcl-bin	Run tests	2026-09-29T04:20:11.5545405Z     ^[[32m✓ ^[[0m^[[90mExpect (= (AREF SERIALIZED 6) 0) to be true.^[[0m
sbcl-bin	Run tests	2026-09-29T04:20:11.5546038Z     ^[[32m✓ ^[[0m^[[90mExpect (= (AREF SERIALIZED 7) 0) to be true.^[[0m
sbcl-bin	Run tests	2026-09-29T04:20:11.5546445Z     ^[[32m✓ ^[[0m^[[90mExpect (= (AREF SERIALIZED 8) 3) to be true.^[[0m
sbcl-bin	Run tests	2026-09-29T04:20:11.5547135Z     ^[[32m✓ ^[[0m^[[90mExpect (EQUALP (SUBSEQ SERIALIZED 9) PAYLOAD) to be true.^[[0m
sbcl-bin	Run tests	2026-09-29T04:20:11.5547584Z ^[[37mserialize-frame-empty-payload^[[0m
sbcl-bin	Run tests	2026-09-29T04:20:11.5547924Z   ^[[37mserialize-frame with empty payload^[[0m
sbcl-bin	Run tests	2026-09-29T04:20:11.5548322Z     ^[[32m✓ ^[[0m^[[90mExpect (= (LENGTH SERIALIZED) 9) to be true.^[[0m
sbcl-bin	Run tests	2026-09-29T04:20:11.5548748Z     ^[[32m✓ ^[[0m^[[90mExpect (= (AREF SERIALIZED 0) 0) to be true.^[[0m
sbcl-bin	Run tests	2026-09-29T04:20:11.5549164Z     ^[[32m✓ ^[[0m^[[90mExpect (= (AREF SERIALIZED 1) 0) to be true.^[[0m
sbcl-bin	Run tests	2026-09-29T04:20:11.5549575Z     ^[[32m✓ ^[[0m^[[90mExpect (= (AREF SERIALIZED 2) 0) to be true.^[[0m
sbcl-bin	Run tests	2026-09-29T04:20:11.5549932Z ^[[37mserialize-parse-roundtrip^[[0m
sbcl-bin	Run tests	2026-09-29T04:20:11.5550242Z   ^[[37mserialize and parse roundtrip^[[0m
sbcl-bin	Run tests	2026-09-29T04:20:11.5550738Z     ^[[32m✓ ^[[0m^[[90mExpect PARSED-FRAME to be true.^[[0m
sbcl-bin	Run tests	2026-09-29T04:20:11.5551273Z     ^[[32m✓ ^[[0m^[[90mExpect (= (FRAME-TYPE PARSED-FRAME) (FRAME-TYPE ORIGINAL-FRAME)) to be true.^[[0m
sbcl-bin	Run tests	2026-09-29T04:20:11.5551951Z     ^[[32m✓ ^[[0m^[[90mExpect (= (FRAME-FLAGS PARSED-FRAME) (FRAME-FLAGS ORIGINAL-FRAME)) to be true.^[[0m
sbcl-bin	Run tests	2026-09-29T04:20:11.5552662Z     ^[[32m✓ ^[[0m^[[90mExpect (= (FRAME-STREAM-ID PARSED-FRAME) (FRAME-STREAM-ID ORIGINAL-FRAME)) to be true.^[[0m
sbcl-bin	Run tests	2026-09-29T04:20:11.5553409Z     ^[[32m✓ ^[[0m^[[90mExpect (EQUALP (FRAME-PAYLOAD PARSED-FRAME) (FRAME-PAYLOAD ORIGINAL-FRAME)) to be true.^[[0m
sbcl-bin	Run tests	2026-09-29T04:20:11.5553938Z ^[[37mmake-settings-frame-basic^[[0m
sbcl-bin	Run tests	2026-09-29T04:20:11.5554273Z   ^[[37mmake-settings-frame with settings list^[[0m
sbcl-bin	Run tests	2026-09-29T04:20:11.5554735Z     ^[[32m✓ ^[[0m^[[90mExpect (= (FRAME-TYPE FRAME) +FRAME-SETTINGS+) to be true.^[[0m
sbcl-bin	Run tests	2026-09-29T04:20:11.5555211Z     ^[[32m✓ ^[[0m^[[90mExpect (= (FRAME-FLAGS FRAME) 0) to be true.^[[0m
sbcl-bin	Run tests	2026-09-29T04:20:11.5555647Z     ^[[32m✓ ^[[0m^[[90mExpect (= (FRAME-STREAM-ID FRAME) 0) to be true.^[[0m
sbcl-bin	Run tests	2026-09-29T04:20:11.5556155Z     ^[[32m✓ ^[[0m^[[90mExpect (= (LENGTH (FRAME-PAYLOAD FRAME)) 18) to be true.^[[0m
sbcl-bin	Run tests	2026-09-29T04:20:11.5556647Z     ^[[32m✓ ^[[0m^[[90mExpect (= (+ (ASH (AREF PAYLOAD 0) 8) (AREF PAYLOAD 1))
sbcl-bin	Run tests	2026-09-29T04:20:11.5557211Z                 +SETTINGS-HEADER-TABLE-SIZE+) to be true.^[[0m
sbcl-bin	Run tests	2026-09-29T04:20:11.5557561Z     ^[[32m✓ ^[[0m^[[90mExpect (=
sbcl-bin	Run tests	2026-09-29T04:20:11.5557847Z               (+ (ASH (AREF PAYLOAD 2) 24) (ASH (AREF PAYLOAD 3) 16)
sbcl-bin	Run tests	2026-09-29T04:20:11.5558190Z                  (ASH (AREF PAYLOAD 4) 8) (AREF PAYLOAD 5))
sbcl-bin	Run tests	2026-09-29T04:20:11.5558526Z               4096) to be true.^[[0m
sbcl-bin	Run tests	2026-09-29T04:20:11.5558820Z ^[[37mmake-settings-frame-empty^[[0m
sbcl-bin	Run tests	2026-09-29T04:20:11.5559159Z   ^[[37mmake-settings-frame with empty settings^[[0m
sbcl-bin	Run tests	2026-09-29T04:20:11.5559610Z     ^[[32m✓ ^[[0m^[[90mExpect (= (FRAME-TYPE FRAME) +FRAME-SETTINGS+) to be true.^[[0m
sbcl-bin	Run tests	2026-09-29T04:20:11.5560085Z     ^[[32m✓ ^[[0m^[[90mExpect (= (FRAME-FLAGS FRAME) 0) to be true.^[[0m
sbcl-bin	Run tests	2026-09-29T04:20:11.5560544Z     ^[[32m✓ ^[[0m^[[90mExpect (= (FRAME-STREAM-ID FRAME) 0) to be true.^[[0m
sbcl-bin	Run tests	2026-09-29T04:20:11.5561041Z     ^[[32m✓ ^[[0m^[[90mExpect (= (LENGTH (FRAME-PAYLOAD FRAME)) 0) to be true.^[[0m
sbcl-bin	Run tests	2026-09-29T04:20:11.5561449Z ^[[37mmake-settings-ack-frame^[[0m
sbcl-bin	Run tests	2026-09-29T04:20:11.5561748Z   ^[[37mmake-settings-ack-frame^[[0m
sbcl-bin	Run tests	2026-09-29T04:20:11.5562159Z     ^[[32m✓ ^[[0m^[[90mExpect (= (FRAME-TYPE FRAME) +FRAME-SETTINGS+) to be true.^[[0m
sbcl-bin	Run tests	2026-09-29T04:20:11.5562662Z     ^[[32m✓ ^[[0m^[[90mExpect (= (FRAME-FLAGS FRAME) +FLAG-ACK+) to be true.^[[0m
sbcl-bin	Run tests	2026-09-29T04:20:11.5563132Z     ^[[32m✓ ^[[0m^[[90mExpect (= (FRAME-STREAM-ID FRAME) 0) to be true.^[[0m
sbcl-bin	Run tests	2026-09-29T04:20:11.5563603Z     ^[[32m✓ ^[[0m^[[90mExpect (= (LENGTH (FRAME-PAYLOAD FRAME)) 0) to be true.^[[0m
sbcl-bin	Run tests	2026-09-29T04:20:11.5564013Z ^[[37mmake-settings-frame-with-ack^[[0m
sbcl-bin	Run tests	2026-09-29T04:20:11.5564338Z   ^[[37mmake-settings-frame with :ack t^[[0m
sbcl-bin	Run tests	2026-09-29T04:20:11.5564768Z     ^[[32m✓ ^[[0m^[[90mExpect (= (FRAME-TYPE FRAME) +FRAME-SETTINGS+) to be true.^[[0m
sbcl-bin	Run tests	2026-09-29T04:20:11.5565273Z     ^[[32m✓ ^[[0m^[[90mExpect (= (FRAME-FLAGS FRAME) +FLAG-ACK+) to be true.^[[0m
sbcl-bin	Run tests	2026-09-29T04:20:11.5565892Z     ^[[32m✓ ^[[0m^[[90mExpect (= (FRAME-STREAM-ID FRAME) 0) to be true.^[[0m
sbcl-bin	Run tests	2026-09-29T04:20:11.5566364Z     ^[[32m✓ ^[[0m^[[90mExpect (= (LENGTH (FRAME-PAYLOAD FRAME)) 0) to be true.^[[0m
sbcl-bin	Run tests	2026-09-29T04:20:11.5566871Z ^[[37mmake-headers-frame-basic^[[0m
sbcl-bin	Run tests	2026-09-29T04:20:11.5567218Z   ^[[37mmake-headers-frame with basic options^[[0m
sbcl-bin	Run tests	2026-09-29T04:20:11.5567672Z     ^[[32m✓ ^[[0m^[[90mExpect (= (FRAME-TYPE FRAME) +FRAME-HEADERS+) to be true.^[[0m
sbcl-bin	Run tests	2026-09-29T04:20:11.5568204Z     ^[[32m✓ ^[[0m^[[90mExpect (= (FRAME-FLAGS FRAME) +FLAG-END-HEADERS+) to be true.^[[0m
sbcl-bin	Run tests	2026-09-29T04:20:11.5568702Z     ^[[32m✓ ^[[0m^[[90mExpect (= (FRAME-STREAM-ID FRAME) 1) to be true.^[[0m
sbcl-bin	Run tests	2026-09-29T04:20:11.5569213Z     ^[[32m✓ ^[[0m^[[90mExpect (EQUALP (FRAME-PAYLOAD FRAME) HEADER-BLOCK) to be true.^[[0m
sbcl-bin	Run tests	2026-09-29T04:20:11.5569656Z ^[[37mmake-headers-frame-with-flags^[[0m
sbcl-bin	Run tests	2026-09-29T04:20:11.5570043Z   ^[[37mmake-headers-frame with END_STREAM and END_HEADERS^[[0m
sbcl-bin	Run tests	2026-09-29T04:20:11.5570790Z     ^[[32m✓ ^[[0m^[[90mExpect (= (FRAME-FLAGS FRAME) (LOGIOR +FLAG-END-STREAM+ +FLAG-END-HEADERS+)) to be true.^[[0m
sbcl-bin	Run tests	2026-09-29T04:20:11.5571325Z ^[[37mmake-headers-frame-no-end-headers^[[0m
sbcl-bin	Run tests	2026-09-29T04:20:11.5571681Z   ^[[37mmake-headers-frame without END_HEADERS^[[0m
sbcl-bin	Run tests	2026-09-29T04:20:11.5572077Z     ^[[32m✓ ^[[0m^[[90mExpect (= (FRAME-FLAGS FRAME) 0) to be true.^[[0m
sbcl-bin	Run tests	2026-09-29T04:20:11.5572472Z ^[[37mmake-headers-frame-end-stream-only^[[0m
sbcl-bin	Run tests	2026-09-29T04:20:11.5572842Z   ^[[37mmake-headers-frame with END_STREAM only^[[0m
sbcl-bin	Run tests	2026-09-29T04:20:11.5573300Z     ^[[32m✓ ^[[0m^[[90mExpect (= (FRAME-FLAGS FRAME) +FLAG-END-STREAM+) to be true.^[[0m
sbcl-bin	Run tests	2026-09-29T04:20:11.5573736Z ^[[37mmake-headers-frame-with-priority^[[0m
sbcl-bin	Run tests	2026-09-29T04:20:11.5574148Z   ^[[37mmake-headers-frame encodes the optional PRIORITY field^[[0m
sbcl-bin	Run tests	2026-09-29T04:20:11.5574757Z     ^[[32m✓ ^[[0m^[[90mExpect (= (FRAME-FLAGS FRAME) (LOGIOR +FLAG-END-HEADERS+ +FLAG-PRIORITY+)) to be true.^[[0m
sbcl-bin	Run tests	2026-09-29T04:20:11.5575326Z     ^[[32m✓ ^[[0m^[[90mExpect (= (LENGTH PAYLOAD) 7) to be true.^[[0m
sbcl-bin	Run tests	2026-09-29T04:20:11.5575745Z     ^[[32m✓ ^[[0m^[[90mexclusive and dependency high octet^[[0m
sbcl-bin	Run tests	2026-09-29T04:20:11.5576148Z     ^[[32m✓ ^[[0m^[[90mExpect (= (AREF PAYLOAD 1) 2) to be true.^[[0m
sbcl-bin	Run tests	2026-09-29T04:20:11.5576545Z     ^[[32m✓ ^[[0m^[[90mExpect (= (AREF PAYLOAD 2) 3) to be true.^[[0m
sbcl-bin	Run tests	2026-09-29T04:20:11.5577256Z     ^[[32m✓ ^[[0m^[[90mExpect (= (AREF PAYLOAD 3) 4) to be true.^[[0m
sbcl-bin	Run tests	2026-09-29T04:20:11.5577669Z     ^[[32m✓ ^[[0m^[[90mwire weight is weight minus one^[[0m
sbcl-bin	Run tests	2026-09-29T04:20:11.5578051Z     ^[[32m✓ ^[[0m^[[90mheader block follows priority^[[0m
sbcl-bin	Run tests	2026-09-29T04:20:11.5578454Z ^[[37mmake-headers-frame-rejects-invalid-priority^[[0m
sbcl-bin	Run tests	2026-09-29T04:20:11.5578908Z   ^[[37mmake-headers-frame rejects invalid priority fields^[[0m
sbcl-bin	Run tests	2026-09-29T04:20:11.5579291Z     ^[[32m✓ ^[[0m^[[90mExpect (HANDLER-CASE
sbcl-bin	Run tests	2026-09-29T04:20:11.5579638Z               (PROGN (MAKE-HEADERS-FRAME 1 #() :PRIORITY T :WEIGHT 0) NIL)
sbcl-bin	Run tests	2026-09-29T04:20:11.5580050Z               (ERROR NIL T)) to be true.^[[0m
sbcl-bin	Run tests	2026-09-29T04:20:11.5580386Z     ^[[32m✓ ^[[0m^[[90mExpect (HANDLER-CASE
sbcl-bin	Run tests	2026-09-29T04:20:11.5580826Z               (PROGN
sbcl-bin	Run tests	2026-09-29T04:20:11.5581147Z                (MAKE-HEADERS-FRAME 1 #() :PRIORITY T :STREAM-DEPENDENCY 2147483648)
sbcl-bin	Run tests	2026-09-29T04:20:11.5581508Z                NIL)
sbcl-bin	Run tests	2026-09-29T04:20:11.5581774Z               (ERROR NIL T)) to be true.^[[0m
sbcl-bin	Run tests	2026-09-29T04:20:11.5582165Z     ^[[32m✓ ^[[0m^[[90mself dependency retains the RFC 9113 wire format^[[0m
sbcl-bin	Run tests	2026-09-29T04:20:11.5582550Z ^[[37mmake-data-frame-basic^[[0m
sbcl-bin	Run tests	2026-09-29T04:20:11.5582851Z   ^[[37mmake-data-frame with byte vector^[[0m
sbcl-bin	Run tests	2026-09-29T04:20:11.5583276Z     ^[[32m✓ ^[[0m^[[90mExpect (= (FRAME-TYPE FRAME) +FRAME-DATA+) to be true.^[[0m
sbcl-bin	Run tests	2026-09-29T04:20:11.5583747Z     ^[[32m✓ ^[[0m^[[90mExpect (= (FRAME-FLAGS FRAME) 0) to be true.^[[0m
sbcl-bin	Run tests	2026-09-29T04:20:11.5584189Z     ^[[32m✓ ^[[0m^[[90mExpect (= (FRAME-STREAM-ID FRAME) 1) to be true.^[[0m
sbcl-bin	Run tests	2026-09-29T04:20:11.5584669Z     ^[[32m✓ ^[[0m^[[90mExpect (= (LENGTH (FRAME-PAYLOAD FRAME)) 100) to be true.^[[0m
sbcl-bin	Run tests	2026-09-29T04:20:11.5585332Z     ^[[32m✓ ^[[0m^[[90mExpect (EQUALP (FRAME-PAYLOAD FRAME) DATA) to be true.^[[0m
sbcl-bin	Run tests	2026-09-29T04:20:11.5585762Z ^[[37mmake-data-frame-with-end-stream^[[0m
sbcl-bin	Run tests	2026-09-29T04:20:11.5586108Z   ^[[37mmake-data-frame with END_STREAM flag^[[0m
sbcl-bin	Run tests	2026-09-29T04:20:11.5586566Z     ^[[32m✓ ^[[0m^[[90mExpect (= (FRAME-FLAGS FRAME) +FLAG-END-STREAM+) to be true.^[[0m
sbcl-bin	Run tests	2026-09-29T04:20:11.5587210Z ^[[37mmake-data-frame-empty^[[0m
sbcl-bin	Run tests	2026-09-29T04:20:11.5587510Z   ^[[37mmake-data-frame with empty data^[[0m
sbcl-bin	Run tests	2026-09-29T04:20:11.5587925Z     ^[[32m✓ ^[[0m^[[90mExpect (= (LENGTH (FRAME-PAYLOAD FRAME)) 0) to be true.^[[0m
sbcl-bin	Run tests	2026-09-29T04:20:11.5588445Z     ^[[32m✓ ^[[0m^[[90mExpect (= (FRAME-FLAGS FRAME) +FLAG-END-STREAM+) to be true.^[[0m
sbcl-bin	Run tests	2026-09-29T04:20:11.5588856Z ^[[37mmake-data-frame-coercion^[[0m
sbcl-bin	Run tests	2026-09-29T04:20:11.5589176Z   ^[[37mmake-data-frame with list (coercion)^[[0m
sbcl-bin	Run tests	2026-09-29T04:20:11.5589593Z     ^[[32m✓ ^[[0m^[[90mExpect (= (LENGTH (FRAME-PAYLOAD FRAME)) 5) to be true.^[[0m
sbcl-bin	Run tests	2026-09-29T04:20:11.5590122Z     ^[[32m✓ ^[[0m^[[90mExpect (FRAME-PAYLOAD FRAME) to be an instance of (SIMPLE-ARRAY
sbcl-bin	Run tests	2026-09-29T04:20:11.5590633Z                                                          (UNSIGNED-BYTE 8) (*)).^[[0m
sbcl-bin	Run tests	2026-09-29T04:20:11.5591002Z ^[[37mmake-data-frame-with-padding^[[0m
sbcl-bin	Run tests	2026-09-29T04:20:11.5591373Z   ^[[37mmake-data-frame encodes PADDED payload shape^[[0m
sbcl-bin	Run tests	2026-09-29T04:20:11.5591939Z     ^[[32m✓ ^[[0m^[[90mExpect (= (FRAME-FLAGS FRAME) (LOGIOR +FLAG-END-STREAM+ +FLAG-PADDED+)) to be true.^[[0m
sbcl-bin	Run tests	2026-09-29T04:20:11.5592490Z     ^[[32m✓ ^[[0m^[[90mExpect (= (LENGTH PAYLOAD) 6) to be true.^[[0m
sbcl-bin	Run tests	2026-09-29T04:20:11.5592845Z     ^[[32m✓ ^[[0m^[[90mpad length octet^[[0m
sbcl-bin	Run tests	2026-09-29T04:20:11.5593162Z     ^[[32m✓ ^[[0m^[[90mdata precedes padding^[[0m
sbcl-bin	Run tests	2026-09-29T04:20:11.5593495Z     ^[[32m✓ ^[[0m^[[90mpadding octets are zero^[[0m
sbcl-bin	Run tests	2026-09-29T04:20:11.5593874Z ^[[37mmake-data-frame-with-padding-and-empty-data^[[0m
sbcl-bin	Run tests	2026-09-29T04:20:11.5594289Z   ^[[37mmake-data-frame can pad an empty DATA payload^[[0m
sbcl-bin	Run tests	2026-09-29T04:20:11.5594754Z     ^[[32m✓ ^[[0m^[[90mExpect (= (FRAME-FLAGS FRAME) +FLAG-PADDED+) to be true.^[[0m
sbcl-bin	Run tests	2026-09-29T04:20:11.5595236Z     ^[[32m✓ ^[[0m^[[90mExpect (= (LENGTH PAYLOAD) 4) to be true.^[[0m
sbcl-bin	Run tests	2026-09-29T04:20:11.5595650Z     ^[[32m✓ ^[[0m^[[90mExpect (= (AREF PAYLOAD 0) 3) to be true.^[[0m
sbcl-bin	Run tests	2026-09-29T04:20:11.5596094Z     ^[[32m✓ ^[[0m^[[90mExpect (EVERY #'ZEROP (SUBSEQ PAYLOAD 1)) to be true.^[[0m
sbcl-bin	Run tests	2026-09-29T04:20:11.5596563Z ^[[37mmake-data-frame-rejects-invalid-padding-length^[[0m
sbcl-bin	Run tests	2026-09-29T04:20:11.5597236Z   ^[[37mmake-data-frame rejects a pad length outside the octet range^[[0m
sbcl-bin	Run tests	2026-09-29T04:20:11.5597657Z     ^[[32m✓ ^[[0m^[[90mExpect (HANDLER-CASE
sbcl-bin	Run tests	2026-09-29T04:20:11.5598004Z               (PROGN (MAKE-DATA-FRAME 1 #() :PADDED T :PAD-LENGTH 256) NIL)
sbcl-bin	Run tests	2026-09-29T04:20:11.5598398Z               (ERROR NIL T)) to be true.^[[0m
sbcl-bin	Run tests	2026-09-29T04:20:11.5598704Z     ^[[32m✓ ^[[0m^[[90mExpect (HANDLER-CASE
sbcl-bin	Run tests	2026-09-29T04:20:11.5599034Z               (PROGN (MAKE-DATA-FRAME 1 #() :PADDED T :PAD-LENGTH -1) NIL)
sbcl-bin	Run tests	2026-09-29T04:20:11.5599429Z               (ERROR NIL T)) to be true.^[[0m
sbcl-bin	Run tests	2026-09-29T04:20:11.5599760Z ^[[37mmake-window-update-frame-basic^[[0m
sbcl-bin	Run tests	2026-09-29T04:20:11.5600237Z   ^[[37mmake-window-update-frame^[[0m
sbcl-bin	Run tests	2026-09-29T04:20:11.5600674Z     ^[[32m✓ ^[[0m^[[90mExpect (= (FRAME-TYPE FRAME) +FRAME-WINDOW-UPDATE+) to be true.^[[0m
sbcl-bin	Run tests	2026-09-29T04:20:11.5601176Z     ^[[32m✓ ^[[0m^[[90mExpect (= (FRAME-FLAGS FRAME) 0) to be true.^[[0m
sbcl-bin	Run tests	2026-09-29T04:20:11.5601619Z     ^[[32m✓ ^[[0m^[[90mExpect (= (FRAME-STREAM-ID FRAME) 1) to be true.^[[0m
sbcl-bin	Run tests	2026-09-29T04:20:11.5602098Z     ^[[32m✓ ^[[0m^[[90mExpect (= (LENGTH (FRAME-PAYLOAD FRAME)) 4) to be true.^[[0m
sbcl-bin	Run tests	2026-09-29T04:20:11.5602485Z     ^[[32m✓ ^[[0m^[[90mExpect (=
sbcl-bin	Run tests	2026-09-29T04:20:11.5602772Z               (+ (ASH (AREF PAYLOAD 0) 24) (ASH (AREF PAYLOAD 1) 16)
sbcl-bin	Run tests	2026-09-29T04:20:11.5603124Z                  (ASH (AREF PAYLOAD 2) 8) (AREF PAYLOAD 3))
sbcl-bin	Run tests	2026-09-29T04:20:11.5603455Z               1024) to be true.^[[0m
sbcl-bin	Run tests	2026-09-29T04:20:11.5603770Z ^[[37mmake-window-update-frame-connection^[[0m
sbcl-bin	Run tests	2026-09-29T04:20:11.5604170Z   ^[[37mmake-window-update-frame for connection (stream 0)^[[0m
sbcl-bin	Run tests	2026-09-29T04:20:11.5604766Z     ^[[32m✓ ^[[0m^[[90mExpect (= (FRAME-STREAM-ID FRAME) 0) to be true.^[[0m
sbcl-bin	Run tests	2026-09-29T04:20:11.5605203Z ^[[37mmake-window-update-frame-max-increment^[[0m
sbcl-bin	Run tests	2026-09-29T04:20:11.5605614Z   ^[[37mmake-window-update-frame with maximum increment^[[0m
sbcl-bin	Run tests	2026-09-29T04:20:11.5605961Z     ^[[32m✓ ^[[0m^[[90mExpect (=
sbcl-bin	Run tests	2026-09-29T04:20:11.5606248Z               (+ (ASH (AREF PAYLOAD 0) 24) (ASH (AREF PAYLOAD 1) 16)
sbcl-bin	Run tests	2026-09-29T04:20:11.5606601Z                  (ASH (AREF PAYLOAD 2) 8) (AREF PAYLOAD 3))
sbcl-bin	Run tests	2026-09-29T04:20:11.5607160Z               2147483647) to be true.^[[0m
sbcl-bin	Run tests	2026-09-29T04:20:11.5607465Z ^[[37mmake-ping-frame-basic^[[0m
sbcl-bin	Run tests	2026-09-29T04:20:11.5607743Z   ^[[37mmake-ping-frame^[[0m
sbcl-bin	Run tests	2026-09-29T04:20:11.5608126Z     ^[[32m✓ ^[[0m^[[90mExpect (= (FRAME-TYPE FRAME) +FRAME-PING+) to be true.^[[0m
sbcl-bin	Run tests	2026-09-29T04:20:11.5608595Z     ^[[32m✓ ^[[0m^[[90mExpect (= (FRAME-FLAGS FRAME) 0) to be true.^[[0m
sbcl-bin	Run tests	2026-09-29T04:20:11.5609032Z     ^[[32m✓ ^[[0m^[[90mExpect (= (FRAME-STREAM-ID FRAME) 0) to be true.^[[0m
sbcl-bin	Run tests	2026-09-29T04:20:11.5609528Z     ^[[32m✓ ^[[0m^[[90mExpect (= (LENGTH (FRAME-PAYLOAD FRAME)) 8) to be true.^[[0m
sbcl-bin	Run tests	2026-09-29T04:20:11.5610077Z     ^[[32m✓ ^[[0m^[[90mExpect (EQUALP (FRAME-PAYLOAD FRAME) OPAQUE-DATA) to be true.^[[0m
sbcl-bin	Run tests	2026-09-29T04:20:11.5610520Z ^[[37mmake-ping-frame-with-ack^[[0m
sbcl-bin	Run tests	2026-09-29T04:20:11.5610827Z   ^[[37mmake-ping-frame with ACK flag^[[0m
sbcl-bin	Run tests	2026-09-29T04:20:11.5611232Z     ^[[32m✓ ^[[0m^[[90mExpect (= (FRAME-FLAGS FRAME) +FLAG-ACK+) to be true.^[[0m
sbcl-bin	Run tests	2026-09-29T04:20:11.5611621Z ^[[37mmake-ping-ack-frame^[[0m
sbcl-bin	Run tests	2026-09-29T04:20:11.5611894Z   ^[[37mmake-ping-ack-frame^[[0m
sbcl-bin	Run tests	2026-09-29T04:20:11.5612281Z     ^[[32m✓ ^[[0m^[[90mExpect (= (FRAME-TYPE FRAME) +FRAME-PING+) to be true.^[[0m
sbcl-bin	Run tests	2026-09-29T04:20:11.5612766Z     ^[[32m✓ ^[[0m^[[90mExpect (= (FRAME-FLAGS FRAME) +FLAG-ACK+) to be true.^[[0m
sbcl-bin	Run tests	2026-09-29T04:20:11.5613270Z     ^[[32m✓ ^[[0m^[[90mExpect (EQUALP (FRAME-PAYLOAD FRAME) OPAQUE-DATA) to be true.^[[0m
sbcl-bin	Run tests	2026-09-29T04:20:11.5613705Z ^[[37mmake-ping-frame-invalid-length^[[0m
sbcl-bin	Run tests	2026-09-29T04:20:11.5614089Z   ^[[37mmake-ping-frame with invalid opaque data length^[[0m
sbcl-bin	Run tests	2026-09-29T04:20:11.5614588Z     ^[[32m✓ ^[[0m^[[90mExpect (MAKE-PING-FRAME INVALID-DATA) to signal SIMPLE-ERROR.^[[0m
sbcl-bin	Run tests	2026-09-29T04:20:11.5615024Z ^[[37mmake-goaway-frame-basic^[[0m
sbcl-bin	Run tests	2026-09-29T04:20:11.5615343Z   ^[[37mmake-goaway-frame without debug data^[[0m
sbcl-bin	Run tests	2026-09-29T04:20:11.5615778Z     ^[[32m✓ ^[[0m^[[90mExpect (= (FRAME-TYPE FRAME) +FRAME-GOAWAY+) to be true.^[[0m
sbcl-bin	Run tests	2026-09-29T04:20:11.5616245Z     ^[[32m✓ ^[[0m^[[90mExpect (= (FRAME-FLAGS FRAME) 0) to be true.^[[0m
sbcl-bin	Run tests	2026-09-29T04:20:11.5616679Z     ^[[32m✓ ^[[0m^[[90mExpect (= (FRAME-STREAM-ID FRAME) 0) to be true.^[[0m
sbcl-bin	Run tests	2026-09-29T04:20:11.5617429Z     ^[[32m✓ ^[[0m^[[90mExpect (= (LENGTH (FRAME-PAYLOAD FRAME)) 8) to be true.^[[0m
sbcl-bin	Run tests	2026-09-29T04:20:11.5617827Z     ^[[32m✓ ^[[0m^[[90mExpect (=
sbcl-bin	Run tests	2026-09-29T04:20:11.5618121Z               (+ (ASH (AREF PAYLOAD 0) 24) (ASH (AREF PAYLOAD 1) 16)
sbcl-bin	Run tests	2026-09-29T04:20:11.5618464Z                  (ASH (AREF PAYLOAD 2) 8) (AREF PAYLOAD 3))
sbcl-bin	Run tests	2026-09-29T04:20:11.5618793Z               10) to be true.^[[0m
sbcl-bin	Run tests	2026-09-29T04:20:11.5619077Z     ^[[32m✓ ^[[0m^[[90mExpect (=
sbcl-bin	Run tests	2026-09-29T04:20:11.5619523Z               (+ (ASH (AREF PAYLOAD 4) 24) (ASH (AREF PAYLOAD 5) 16)
sbcl-bin	Run tests	2026-09-29T04:20:11.5619855Z                  (ASH (AREF PAYLOAD 6) 8) (AREF PAYLOAD 7))
sbcl-bin	Run tests	2026-09-29T04:20:11.5620199Z               +NO-ERROR+) to be true.^[[0m
sbcl-bin	Run tests	2026-09-29T04:20:11.5620532Z ^[[37mmake-goaway-frame-with-debug-data^[[0m
sbcl-bin	Run tests	2026-09-29T04:20:11.5620878Z   ^[[37mmake-goaway-frame with debug data^[[0m
sbcl-bin	Run tests	2026-09-29T04:20:11.5621322Z     ^[[32m✓ ^[[0m^[[90mExpect (= (LENGTH (FRAME-PAYLOAD FRAME)) 18) to be true.^[[0m
sbcl-bin	Run tests	2026-09-29T04:20:11.5621717Z     ^[[32m✓ ^[[0m^[[90mExpect (=
sbcl-bin	Run tests	2026-09-29T04:20:11.5622038Z               (+ (ASH (AREF PAYLOAD 4) 24) (ASH (AREF PAYLOAD 5) 16)
sbcl-bin	Run tests	2026-09-29T04:20:11.5622386Z                  (ASH (AREF PAYLOAD 6) 8) (AREF PAYLOAD 7))
sbcl-bin	Run tests	2026-09-29T04:20:11.5622749Z               +PROTOCOL-ERROR+) to be true.^[[0m
sbcl-bin	Run tests	2026-09-29T04:20:11.5623199Z     ^[[32m✓ ^[[0m^[[90mExpect (EQUALP (SUBSEQ PAYLOAD 8) DEBUG-DATA) to be true.^[[0m
sbcl-bin	Run tests	2026-09-29T04:20:11.5623790Z ^[[37mmake-goaway-frame-various-errors^[[0m
sbcl-bin	Run tests	2026-09-29T04:20:11.5624174Z   ^[[37mmake-goaway-frame with various error codes^[[0m
sbcl-bin	Run tests	2026-09-29T04:20:11.5624638Z     ^[[32m✓ ^[[0m^[[90mExpect (= (FRAME-TYPE FRAME) +FRAME-GOAWAY+) to be true.^[[0m
sbcl-bin	Run tests	2026-09-29T04:20:11.5625149Z     ^[[32m✓ ^[[0m^[[90mExpect (= (FRAME-TYPE FRAME) +FRAME-GOAWAY+) to be true.^[[0m
sbcl-bin	Run tests	2026-09-29T04:20:11.5625645Z     ^[[32m✓ ^[[0m^[[90mExpect (= (FRAME-TYPE FRAME) +FRAME-GOAWAY+) to be true.^[[0m
sbcl-bin	Run tests	2026-09-29T04:20:11.5626139Z     ^[[32m✓ ^[[0m^[[90mExpect (= (FRAME-TYPE FRAME) +FRAME-GOAWAY+) to be true.^[[0m
sbcl-bin	Run tests	2026-09-29T04:20:11.5626638Z     ^[[32m✓ ^[[0m^[[90mExpect (= (FRAME-TYPE FRAME) +FRAME-GOAWAY+) to be true.^[[0m
sbcl-bin	Run tests	2026-09-29T04:20:11.5627281Z ^[[37mmake-rst-stream-frame-basic^[[0m
sbcl-bin	Run tests	2026-09-29T04:20:11.5627593Z   ^[[37mmake-rst-stream-frame^[[0m
sbcl-bin	Run tests	2026-09-29T04:20:11.5628009Z     ^[[32m✓ ^[[0m^[[90mExpect (= (FRAME-TYPE FRAME) +FRAME-RST-STREAM+) to be true.^[[0m
sbcl-bin	Run tests	2026-09-29T04:20:11.5628491Z     ^[[32m✓ ^[[0m^[[90mExpect (= (FRAME-FLAGS FRAME) 0) to be true.^[[0m
sbcl-bin	Run tests	2026-09-29T04:20:11.5628954Z     ^[[32m✓ ^[[0m^[[90mExpect (= (FRAME-STREAM-ID FRAME) 5) to be true.^[[0m
sbcl-bin	Run tests	2026-09-29T04:20:11.5629458Z     ^[[32m✓ ^[[0m^[[90mExpect (= (LENGTH (FRAME-PAYLOAD FRAME)) 4) to be true.^[[0m
sbcl-bin	Run tests	2026-09-29T04:20:11.5629918Z     ^[[32m✓ ^[[0m^[[90mExpect (=
sbcl-bin	Run tests	2026-09-29T04:20:11.5630202Z               (+ (ASH (AREF PAYLOAD 0) 24) (ASH (AREF PAYLOAD 1) 16)
sbcl-bin	Run tests	2026-09-29T04:20:11.5630543Z                  (ASH (AREF PAYLOAD 2) 8) (AREF PAYLOAD 3))
sbcl-bin	Run tests	2026-09-29T04:20:11.5630881Z               +CANCEL+) to be true.^[[0m
sbcl-bin	Run tests	2026-09-29T04:20:11.5631213Z ^[[37mmake-rst-stream-frame-various-errors^[[0m
sbcl-bin	Run tests	2026-09-29T04:20:11.5631609Z   ^[[37mmake-rst-stream-frame with various error codes^[[0m
sbcl-bin	Run tests	2026-09-29T04:20:11.5632090Z     ^[[32m✓ ^[[0m^[[90mExpect (= (FRAME-TYPE FRAME) +FRAME-RST-STREAM+) to be true.^[[0m
sbcl-bin	Run tests	2026-09-29T04:20:11.5632491Z     ^[[32m✓ ^[[0m^[[90mExpect (=
sbcl-bin	Run tests	2026-09-29T04:20:11.5632766Z               (+ (ASH (AREF PAYLOAD 0) 24) (ASH (AREF PAYLOAD 1) 16)
sbcl-bin	Run tests	2026-09-29T04:20:11.5633102Z                  (ASH (AREF PAYLOAD 2) 8) (AREF PAYLOAD 3))
sbcl-bin	Run tests	2026-09-29T04:20:11.5633446Z               ERROR-CODE) to be true.^[[0m
sbcl-bin	Run tests	2026-09-29T04:20:11.5633873Z     ^[[32m✓ ^[[0m^[[90mExpect (= (FRAME-TYPE FRAME) +FRAME-RST-STREAM+) to be true.^[[0m
sbcl-bin	Run tests	2026-09-29T04:20:11.5634266Z     ^[[32m✓ ^[[0m^[[90mExpect (=
sbcl-bin	Run tests	2026-09-29T04:20:11.5634535Z               (+ (ASH (AREF PAYLOAD 0) 24) (ASH (AREF PAYLOAD 1) 16)
sbcl-bin	Run tests	2026-09-29T04:20:11.5634861Z                  (ASH (AREF PAYLOAD 2) 8) (AREF PAYLOAD 3))
sbcl-bin	Run tests	2026-09-29T04:20:11.5635185Z               ERROR-CODE) to be true.^[[0m
sbcl-bin	Run tests	2026-09-29T04:20:11.5635594Z     ^[[32m✓ ^[[0m^[[90mExpect (= (FRAME-TYPE FRAME) +FRAME-RST-STREAM+) to be true.^[[0m
sbcl-bin	Run tests	2026-09-29T04:20:11.5635992Z     ^[[32m✓ ^[[0m^[[90mExpect (=
sbcl-bin	Run tests	2026-09-29T04:20:11.5636257Z               (+ (ASH (AREF PAYLOAD 0) 24) (ASH (AREF PAYLOAD 1) 16)
sbcl-bin	Run tests	2026-09-29T04:20:11.5636583Z                  (ASH (AREF PAYLOAD 2) 8) (AREF PAYLOAD 3))
sbcl-bin	Run tests	2026-09-29T04:20:11.5637109Z               ERROR-CODE) to be true.^[[0m
sbcl-bin	Run tests	2026-09-29T04:20:11.5637523Z     ^[[32m✓ ^[[0m^[[90mExpect (= (FRAME-TYPE FRAME) +FRAME-RST-STREAM+) to be true.^[[0m
sbcl-bin	Run tests	2026-09-29T04:20:11.5638075Z     ^[[32m✓ ^[[0m^[[90mExpect (=
sbcl-bin	Run tests	2026-09-29T04:20:11.5638342Z               (+ (ASH (AREF PAYLOAD 0) 24) (ASH (AREF PAYLOAD 1) 16)
sbcl-bin	Run tests	2026-09-29T04:20:11.5638667Z                  (ASH (AREF PAYLOAD 2) 8) (AREF PAYLOAD 3))
sbcl-bin	Run tests	2026-09-29T04:20:11.5638991Z               ERROR-CODE) to be true.^[[0m
sbcl-bin	Run tests	2026-09-29T04:20:11.5639404Z     ^[[32m✓ ^[[0m^[[90mExpect (= (FRAME-TYPE FRAME) +FRAME-RST-STREAM+) to be true.^[[0m
sbcl-bin	Run tests	2026-09-29T04:20:11.5639794Z     ^[[32m✓ ^[[0m^[[90mExpect (=
sbcl-bin	Run tests	2026-09-29T04:20:11.5640060Z               (+ (ASH (AREF PAYLOAD 0) 24) (ASH (AREF PAYLOAD 1) 16)
sbcl-bin	Run tests	2026-09-29T04:20:11.5640386Z                  (ASH (AREF PAYLOAD 2) 8) (AREF PAYLOAD 3))
sbcl-bin	Run tests	2026-09-29T04:20:11.5640709Z               ERROR-CODE) to be true.^[[0m
sbcl-bin	Run tests	2026-09-29T04:20:11.5641019Z ^[[37mparse-settings-payload-basic^[[0m
sbcl-bin	Run tests	2026-09-29T04:20:11.5641393Z   ^[[37mparse-settings-payload with multiple settings^[[0m
sbcl-bin	Run tests	2026-09-29T04:20:11.5641815Z     ^[[32m✓ ^[[0m^[[90mExpect (= (LENGTH SETTINGS) 3) to be true.^[[0m
sbcl-bin	Run tests	2026-09-29T04:20:11.5642519Z     ^[[32m✓ ^[[0m^[[90mExpect (= (CDR (ASSOC +SETTINGS-HEADER-TABLE-SIZE+ SETTINGS)) 8192) to be true.^[[0m
sbcl-bin	Run tests	2026-09-29T04:20:11.5643249Z     ^[[32m✓ ^[[0m^[[90mExpect (= (CDR (ASSOC +SETTINGS-MAX-CONCURRENT-STREAMS+ SETTINGS)) 128) to be true.^[[0m
sbcl-bin	Run tests	2026-09-29T04:20:11.5643954Z     ^[[32m✓ ^[[0m^[[90mExpect (= (CDR (ASSOC +SETTINGS-INITIAL-WINDOW-SIZE+ SETTINGS)) 65536) to be true.^[[0m
sbcl-bin	Run tests	2026-09-29T04:20:11.5644457Z ^[[37mparse-settings-payload-empty^[[0m
sbcl-bin	Run tests	2026-09-29T04:20:11.5644810Z   ^[[37mparse-settings-payload with empty payload^[[0m
sbcl-bin	Run tests	2026-09-29T04:20:11.5645292Z     ^[[32m✓ ^[[0m^[[90mExpect (NULL (PARSE-SETTINGS-PAYLOAD PAYLOAD)) to be true.^[[0m
sbcl-bin	Run tests	2026-09-29T04:20:11.5645743Z ^[[37mparse-settings-payload-incomplete^[[0m
sbcl-bin	Run tests	2026-09-29T04:20:11.5646138Z   ^[[37mparse-settings-payload with incomplete setting^[[0m
sbcl-bin	Run tests	2026-09-29T04:20:11.5646553Z     ^[[32m✓ ^[[0m^[[90mExpect (= (LENGTH SETTINGS) 1) to be true.^[[0m
sbcl-bin	Run tests	2026-09-29T04:20:11.5647048Z ^[[37mparse-window-update-payload-basic^[[0m
sbcl-bin	Run tests	2026-09-29T04:20:11.5647398Z   ^[[37mparse-window-update-payload^[[0m
sbcl-bin	Run tests	2026-09-29T04:20:11.5647865Z     ^[[32m✓ ^[[0m^[[90mExpect (= (PARSE-WINDOW-UPDATE-PAYLOAD PAYLOAD) 1024) to be true.^[[0m
sbcl-bin	Run tests	2026-09-29T04:20:11.5648362Z ^[[37mparse-window-update-payload-reserved-bit^[[0m
sbcl-bin	Run tests	2026-09-29T04:20:11.5648788Z   ^[[37mparse-window-update-payload clears reserved bit^[[0m
sbcl-bin	Run tests	2026-09-29T04:20:11.5649335Z     ^[[32m✓ ^[[0m^[[90mExpect (= (PARSE-WINDOW-UPDATE-PAYLOAD PAYLOAD) 2147483647) to be true.^[[0m
sbcl-bin	Run tests	2026-09-29T04:20:11.5649839Z ^[[37mparse-window-update-payload-max-value^[[0m
sbcl-bin	Run tests	2026-09-29T04:20:11.5650267Z   ^[[37mparse-window-update-payload with maximum increment^[[0m
sbcl-bin	Run tests	2026-09-29T04:20:11.5650810Z     ^[[32m✓ ^[[0m^[[90mExpect (= (PARSE-WINDOW-UPDATE-PAYLOAD PAYLOAD) 2147483647) to be true.^[[0m
sbcl-bin	Run tests	2026-09-29T04:20:11.5651277Z ^[[37mparse-goaway-payload-basic^[[0m
sbcl-bin	Run tests	2026-09-29T04:20:11.5651619Z   ^[[37mparse-goaway-payload without debug data^[[0m
sbcl-bin	Run tests	2026-09-29T04:20:11.5652021Z     ^[[32m✓ ^[[0m^[[90mExpect (= LAST-STREAM-ID 42) to be true.^[[0m
sbcl-bin	Run tests	2026-09-29T04:20:11.5652479Z     ^[[32m✓ ^[[0m^[[90mExpect (= ERROR-CODE +PROTOCOL-ERROR+) to be true.^[[0m
sbcl-bin	Run tests	2026-09-29T04:20:11.5652932Z     ^[[32m✓ ^[[0m^[[90mExpect (NULL DEBUG-DATA) to be true.^[[0m
sbcl-bin	Run tests	2026-09-29T04:20:11.5653308Z ^[[37mparse-goaway-payload-with-debug-data^[[0m
sbcl-bin	Run tests	2026-09-29T04:20:11.5653672Z   ^[[37mparse-goaway-payload with debug data^[[0m
sbcl-bin	Run tests	2026-09-29T04:20:11.5654066Z     ^[[32m✓ ^[[0m^[[90mExpect (= LAST-STREAM-ID 100) to be true.^[[0m
sbcl-bin	Run tests	2026-09-29T04:20:11.5654511Z     ^[[32m✓ ^[[0m^[[90mExpect (= ERROR-CODE +INTERNAL-ERROR+) to be true.^[[0m
sbcl-bin	Run tests	2026-09-29T04:20:11.5654934Z     ^[[32m✓ ^[[0m^[[90mExpect DEBUG-DATA to be true.^[[0m
sbcl-bin	Run tests	2026-09-29T04:20:11.5655335Z     ^[[32m✓ ^[[0m^[[90mExpect (= (LENGTH DEBUG-DATA) 12) to be true.^[[0m
sbcl-bin	Run tests	2026-09-29T04:20:11.5655770Z     ^[[32m✓ ^[[0m^[[90mExpect (= (AREF DEBUG-DATA 0) 65) to be true.^[[0m
sbcl-bin	Run tests	2026-09-29T04:20:11.5656192Z     ^[[32m✓ ^[[0m^[[90mExpect (= (AREF DEBUG-DATA 11) 76) to be true.^[[0m
sbcl-bin	Run tests	2026-09-29T04:20:11.5656580Z ^[[37mparse-goaway-payload-reserved-bit^[[0m
sbcl-bin	Run tests	2026-09-29T04:20:11.5657108Z   ^[[37mparse-goaway-payload clears reserved bit in last-stream-id^[[0m
sbcl-bin	Run tests	2026-09-29T04:20:11.5657746Z     ^[[32m✓ ^[[0m^[[90mExpect (= LAST-STREAM-ID 2147483647) to be true.^[[0m
sbcl-bin	Run tests	2026-09-29T04:20:11.5658140Z ^[[37mparse-rst-stream-payload-basic^[[0m
sbcl-bin	Run tests	2026-09-29T04:20:11.5658465Z   ^[[37mparse-rst-stream-payload^[[0m
sbcl-bin	Run tests	2026-09-29T04:20:11.5658916Z     ^[[32m✓ ^[[0m^[[90mExpect (= (PARSE-RST-STREAM-PAYLOAD PAYLOAD) +CANCEL+) to be true.^[[0m
sbcl-bin	Run tests	2026-09-29T04:20:11.5659412Z ^[[37mparse-rst-stream-payload-various-errors^[[0m
sbcl-bin	Run tests	2026-09-29T04:20:11.5659829Z   ^[[37mparse-rst-stream-payload with various error codes^[[0m
sbcl-bin	Run tests	2026-09-29T04:20:11.5660350Z     ^[[32m✓ ^[[0m^[[90mExpect (= (PARSE-RST-STREAM-PAYLOAD PAYLOAD) ERROR-CODE) to be true.^[[0m
sbcl-bin	Run tests	2026-09-29T04:20:11.5660946Z     ^[[32m✓ ^[[0m^[[90mExpect (= (PARSE-RST-STREAM-PAYLOAD PAYLOAD) ERROR-CODE) to be true.^[[0m
sbcl-bin	Run tests	2026-09-29T04:20:11.5661533Z     ^[[32m✓ ^[[0m^[[90mExpect (= (PARSE-RST-STREAM-PAYLOAD PAYLOAD) ERROR-CODE) to be true.^[[0m
sbcl-bin	Run tests	2026-09-29T04:20:11.5662113Z     ^[[32m✓ ^[[0m^[[90mExpect (= (PARSE-RST-STREAM-PAYLOAD PAYLOAD) ERROR-CODE) to be true.^[[0m
sbcl-bin	Run tests	2026-09-29T04:20:11.5662858Z     ^[[32m✓ ^[[0m^[[90mExpect (= (PARSE-RST-STREAM-PAYLOAD PAYLOAD) ERROR-CODE) to be true.^[[0m
sbcl-bin	Run tests	2026-09-29T04:20:11.5663337Z ^[[37mintegration-settings-roundtrip^[[0m
sbcl-bin	Run tests	2026-09-29T04:20:11.5663679Z   ^[[37mSETTINGS frame complete roundtrip^[[0m
sbcl-bin	Run tests	2026-09-29T04:20:11.5664091Z     ^[[32m✓ ^[[0m^[[90mExpect (= (LENGTH PARSED-SETTINGS) 2) to be true.^[[0m
sbcl-bin	Run tests	2026-09-29T04:20:11.5664708Z     ^[[32m✓ ^[[0m^[[90mExpect (= (CDR (ASSOC +SETTINGS-HEADER-TABLE-SIZE+ PARSED-SETTINGS)) 4096) to be true.^[[0m
sbcl-bin	Run tests	2026-09-29T04:20:11.5665465Z     ^[[32m✓ ^[[0m^[[90mExpect (= (CDR (ASSOC +SETTINGS-MAX-CONCURRENT-STREAMS+ PARSED-SETTINGS)) 100) to be true.^[[0m
sbcl-bin	Run tests	2026-09-29T04:20:11.5666020Z ^[[37mintegration-window-update-roundtrip^[[0m
sbcl-bin	Run tests	2026-09-29T04:20:11.5666381Z   ^[[37mWINDOW_UPDATE frame complete roundtrip^[[0m
sbcl-bin	Run tests	2026-09-29T04:20:11.5666869Z     ^[[32m✓ ^[[0m^[[90mExpect (= INCREMENT 32768) to be true.^[[0m
sbcl-bin	Run tests	2026-09-29T04:20:11.5667347Z     ^[[32m✓ ^[[0m^[[90mExpect (= (FRAME-STREAM-ID PARSED-FRAME) 3) to be true.^[[0m
sbcl-bin	Run tests	2026-09-29T04:20:11.5667783Z ^[[37mintegration-goaway-roundtrip^[[0m
sbcl-bin	Run tests	2026-09-29T04:20:11.5668166Z   ^[[37mGOAWAY frame complete roundtrip with debug data^[[0m
sbcl-bin	Run tests	2026-09-29T04:20:11.5668584Z     ^[[32m✓ ^[[0m^[[90mExpect (= LAST-STREAM-ID 42) to be true.^[[0m
sbcl-bin	Run tests	2026-09-29T04:20:11.5669040Z     ^[[32m✓ ^[[0m^[[90mExpect (= ERROR-CODE +PROTOCOL-ERROR+) to be true.^[[0m
sbcl-bin	Run tests	2026-09-29T04:20:11.5669516Z     ^[[32m✓ ^[[0m^[[90mExpect (EQUALP DEBUG-DATA DEBUG-MSG) to be true.^[[0m
sbcl-bin	Run tests	2026-09-29T04:20:11.5669918Z ^[[37mintegration-rst-stream-roundtrip^[[0m
sbcl-bin	Run tests	2026-09-29T04:20:11.5670260Z   ^[[37mRST_STREAM frame complete roundtrip^[[0m
sbcl-bin	Run tests	2026-09-29T04:20:11.5670651Z     ^[[32m✓ ^[[0m^[[90mExpect (= ERROR-CODE +CANCEL+) to be true.^[[0m
sbcl-bin	Run tests	2026-09-29T04:20:11.5671125Z     ^[[32m✓ ^[[0m^[[90mExpect (= (FRAME-STREAM-ID PARSED-FRAME) 7) to be true.^[[0m
sbcl-bin	Run tests	2026-09-29T04:20:11.5671394Z 
sbcl-bin	Run tests	2026-09-29T04:20:11.5671526Z ^[[31m× 1 of 16 tests failed^[[0m
sbcl-bin	Run tests	2026-09-29T04:20:11.5671690Z 
sbcl-bin	Run tests	2026-09-29T04:20:11.5671801Z ^[[37m0) woo-test
sbcl-bin	Run tests	2026-09-29T04:20:11.5672068Z      › GRACEFUL-STOP-BY-SERVER-THREAD
sbcl-bin	Run tests	2026-09-29T04:20:11.5672347Z ^[[0m
sbcl-bin	Run tests	2026-09-29T04:20:11.5672643Z    ^[[37mthe running server is addressable by its thread^[[0m
sbcl-bin	Run tests	2026-09-29T04:20:11.5673143Z        at https://github.com/pyrex41/woo/blob/codex/upstream-09-h2-codecs/t/lifecycle.lisp#L25
sbcl-bin	Run tests	2026-09-29T04:20:11.5673747Z      ^[[90m(GETHASH WOO-TEST::THREAD WOO::*STOP-CONTROLS*)
sbcl-bin	Run tests	2026-09-29T04:20:11.5674126Z          THREAD = #<BT2:THREAD "woo-graceful-stop-test" {120E3EDF83}>
sbcl-bin	Run tests	2026-09-29T04:20:11.5674615Z          *STOP-CONTROLS* = #<HASH-TABLE :TEST EQL :COUNT 0 {1207A68183}>^[[0m
sbcl-bin	Run tests	2026-09-29T04:20:11.5674881Z 
sbcl-bin	Run tests	2026-09-29T04:20:11.5674989Z ^[[37m1) woo-test
sbcl-bin	Run tests	2026-09-29T04:20:11.5675248Z      › GRACEFUL-STOP-BY-SERVER-THREAD
sbcl-bin	Run tests	2026-09-29T04:20:11.5675517Z ^[[0m
sbcl-bin	Run tests	2026-09-29T04:20:11.5675753Z    ^[[37mRaise an error while testing.^[[0m
sbcl-bin	Run tests	2026-09-29T04:20:11.5676276Z    ^[[31mCONNECTION-REFUSED-ERROR: Condition USOCKET:CONNECTION-REFUSED-ERROR was signalled.^[[0m
sbcl-bin	Run tests	2026-09-29T04:20:11.5676650Z 
sbcl-bin	Run tests	2026-09-29T04:20:11.5677309Z      ^[[90m0: (USOCKET::HANDLE-CONDITION Socket error in "connect": ECONNREFUSED (Connection refused) #<STREAM-USOCKET {120EE02323}> 127.0.0.1)^[[0m
sbcl-bin	Run tests	2026-09-29T04:20:11.5678350Z      ^[[90m1: (SB-KERNEL::%SIGNAL Socket error in "connect": ECONNREFUSED (Connection refused))^[[0m
sbcl-bin	Run tests	2026-09-29T04:20:11.5678940Z      ^[[90m2: (ERROR CONNECTION-REFUSED-ERROR ERRNO 111 SYSCALL connect)^[[0m
sbcl-bin	Run tests	2026-09-29T04:20:11.5679400Z      ^[[90m3: (SB-BSD-SOCKETS:SOCKET-ERROR connect 111)^[[0m
sbcl-bin	Run tests	2026-09-29T04:20:11.5680103Z      ^[[90m4: (SB-BSD-SOCKETS::CALL-WITH-SOCKET-ADDR #<INET-SOCKET fd: -1 {120EE022A3}> (#(127 0 0 1) 51248) <error printing arg>)^[[0m
sbcl-bin	Run tests	2026-09-29T04:20:11.5680995Z      ^[[90m5: ((:METHOD SB-BSD-SOCKETS:SOCKET-CONNECT (SB-BSD-SOCKETS:SOCKET)) #<INET-SOCKET fd: -1 {120EE022A3}> #(127 0 0 1) 51248)^[[0m
sbcl-bin	Run tests	2026-09-29T04:20:11.5682264Z      ^[[90m6: (USOCKET::SOCKET-CONNECT-INTERNAL 127.0.0.1 PORT 51248 PROTOCOL STREAM ELEMENT-TYPE CHARACTER TIMEOUT NIL CONNECTION-TIMEOUT NIL READ-TIMEOUT NIL DEADLINE NIL NODELAY T LOCAL-HOST NIL LOCAL-PORT NIL)^[[0m
sbcl-bin	Run tests	2026-09-29T04:20:11.5683321Z      ^[[90m7: (USOCKET:SOCKET-CONNECT 127.0.0.1 51248)^[[0m
sbcl-bin	Run tests	2026-09-29T04:20:11.5683786Z      ^[[90m8: ((LAMBDA NIL :IN "/home/runner/work/woo/woo/t/lifecycle.lisp"))^[[0m
sbcl-bin	Run tests	2026-09-29T04:20:11.5684892Z      ^[[90m9: (ROVE/CORE/TEST::CALL-WITH-TESTING-WITH-OPTIONS graceful-stop-by-server-thread GRACEFUL-STOP-BY-SERVER-THREAD #<FUNCTION (LAMBDA NIL :IN "/home/runner/work/woo/woo/t/lifecycle.lisp") {B8013B2F5B}>)^[[0m
sbcl-bin	Run tests	2026-09-29T04:20:11.5686113Z      ^[[90m10: ((:METHOD ROVE/CORE/SUITE/PACKAGE:RUN-SUITE-TESTS (ROVE/CORE/SUITE/PACKAGE::SUITE)) #<SUITE {1200FB0B43}>)^[[0m
sbcl-bin	Run tests	2026-09-29T04:20:11.5686956Z      ^[[90m11: ((:METHOD ROVE/CORE/SUITE:RUN-SYSTEM (ASDF/SYSTEM:SYSTEM)) #<SYSTEM "woo-test">)^[[0m
sbcl-bin	Run tests	2026-09-29T04:20:11.5687541Z      ^[[90m12: ((LAMBDA NIL :IN ROVE/CORE/SUITE::RUN-SYSTEM-TESTS))^[[0m
sbcl-bin	Run tests	2026-09-29T04:20:11.5688248Z      ^[[90m13: (ROVE/CORE/SUITE::CALL-WITH-SUITE #<FUNCTION (LAMBDA NIL :IN ROVE/CORE/SUITE::RUN-SYSTEM-TESTS) {1212EF16EB}>)^[[0m
sbcl-bin	Run tests	2026-09-29T04:20:11.5689194Z      ^[[90m14: ((:METHOD ROVE/REPORTER:INVOKE-REPORTER (T T)) #<SPEC-REPORTER PASSED=0, FAILED=1> #<FUNCTION (LAMBDA NIL :IN ROVE:RUN) {1212EF16CB}>)^[[0m
sbcl-bin	Run tests	2026-09-29T04:20:11.5689702Z 
sbcl-bin	Run tests	2026-09-29T04:20:11.5689787Z Summary:
sbcl-bin	Run tests	2026-09-29T04:20:11.5689969Z   1 test failed.
sbcl-bin	Run tests	2026-09-29T04:20:11.5690166Z     - woo-test
sbcl-bin	Run tests	2026-09-29T04:35:58.2821823Z ##[error]The operation was canceled.
sbcl-bin	Post Run actions/checkout@v4	﻿2026-09-29T04:35:58.2944237Z Post job cleanup.
sbcl-bin	Post Run actions/checkout@v4	2026-09-29T04:35:58.3843785Z [command]/usr/bin/git version
sbcl-bin	Post Run actions/checkout@v4	2026-09-29T04:35:58.3889902Z git version 2.55.0
sbcl-bin	Post Run actions/checkout@v4	2026-09-29T04:35:58.3927999Z Temporarily overriding HOME='/home/runner/work/_temp/f6aec850-6836-417a-b189-50fb493ffbff' before making global git config changes
sbcl-bin	Post Run actions/checkout@v4	2026-09-29T04:35:58.3929625Z Adding repository directory to the temporary git global config as a safe directory
sbcl-bin	Post Run actions/checkout@v4	2026-09-29T04:35:58.3935231Z [command]/usr/bin/git config --global --add safe.directory /home/runner/work/woo/woo
sbcl-bin	Post Run actions/checkout@v4	2026-09-29T04:35:58.3983870Z [command]/usr/bin/git config --local --name-only --get-regexp core\.sshCommand
sbcl-bin	Post Run actions/checkout@v4	2026-09-29T04:35:58.4024012Z [command]/usr/bin/git submodule foreach --recursive sh -c "git config --local --name-only --get-regexp 'core\.sshCommand' && git config --local --unset-all 'core.sshCommand' || :"
sbcl-bin	Post Run actions/checkout@v4	2026-09-29T04:35:58.4297594Z [command]/usr/bin/git config --local --name-only --get-regexp http\.https\:\/\/github\.com\/\.extraheader
sbcl-bin	Post Run actions/checkout@v4	2026-09-29T04:35:58.4328512Z http.https://github.com/.extraheader
sbcl-bin	Post Run actions/checkout@v4	2026-09-29T04:35:58.4340962Z [command]/usr/bin/git config --local --unset-all http.https://github.com/.extraheader
sbcl-bin	Post Run actions/checkout@v4	2026-09-29T04:35:58.4378764Z [command]/usr/bin/git submodule foreach --recursive sh -c "git config --local --name-only --get-regexp 'http\.https\:\/\/github\.com\/\.extraheader' && git config --local --unset-all 'http.https://github.com/.extraheader' || :"
sbcl-bin	Post Run actions/checkout@v4	2026-09-29T04:35:58.4666353Z [command]/usr/bin/git config --local --name-only --get-regexp ^includeIf\.gitdir:
sbcl-bin	Post Run actions/checkout@v4	2026-09-29T04:35:58.4749866Z [command]/usr/bin/git submodule foreach --recursive git config --local --show-origin --name-only --get-regexp remote.origin.url
sbcl-bin	Complete job	﻿2026-09-29T04:35:58.5210703Z Cleaning up orphan processes
sbcl-bin	Complete job	2026-09-29T04:35:58.5491073Z Terminate orphan process: pid (5238) (sbcl)
sbcl-bin	Complete job	2026-09-29T04:35:58.5522465Z ##[warning]Node.js 20 is deprecated. The following actions target Node.js 20 but are being forced to run on Node.js 24: actions/checkout@v4. For more information see: https://github.blog/changelog/2025-09-19-deprecation-of-node-20-on-github-actions-runners/
