sbcl-bin	Set up job	﻿2026-09-29T04:36:48.7193835Z Current runner version: '2.337.0'
sbcl-bin	Set up job	2026-09-29T04:36:48.7225154Z ##[group]Runner Image Provisioner
sbcl-bin	Set up job	2026-09-29T04:36:48.7226064Z Hosted Compute Agent
sbcl-bin	Set up job	2026-09-29T04:36:48.7226727Z Version: 20260828.587
sbcl-bin	Set up job	2026-09-29T04:36:48.7227459Z Commit: abac92662cab4cc7352de4f9f9d2e2419aad9c29
sbcl-bin	Set up job	2026-09-29T04:36:48.7228229Z Build Date: 2026-08-28T16:44:25Z
sbcl-bin	Set up job	2026-09-29T04:36:48.7228917Z Worker ID: {5c0d2730-ce99-4e01-b73f-0a758a0d3959}
sbcl-bin	Set up job	2026-09-29T04:36:48.7229743Z Azure Region: northcentralus
sbcl-bin	Set up job	2026-09-29T04:36:48.7230473Z ##[endgroup]
sbcl-bin	Set up job	2026-09-29T04:36:48.7231889Z ##[group]Operating System
sbcl-bin	Set up job	2026-09-29T04:36:48.7232784Z Ubuntu
sbcl-bin	Set up job	2026-09-29T04:36:48.7233316Z 24.04.5
sbcl-bin	Set up job	2026-09-29T04:36:48.7233934Z LTS
sbcl-bin	Set up job	2026-09-29T04:36:48.7234530Z ##[endgroup]
sbcl-bin	Set up job	2026-09-29T04:36:48.7235148Z ##[group]Runner Image
sbcl-bin	Set up job	2026-09-29T04:36:48.7235796Z Image: ubuntu-24.04
sbcl-bin	Set up job	2026-09-29T04:36:48.7236396Z Version: 20260920.314.1
sbcl-bin	Set up job	2026-09-29T04:36:48.7237538Z Included Software: https://github.com/actions/runner-images/blob/ubuntu24/20260920.314/images/ubuntu/Ubuntu2404-Readme.md
sbcl-bin	Set up job	2026-09-29T04:36:48.7239395Z Image Release: https://github.com/actions/runner-images/releases/tag/ubuntu24%2F20260920.314
sbcl-bin	Set up job	2026-09-29T04:36:48.7240414Z ##[endgroup]
sbcl-bin	Set up job	2026-09-29T04:36:48.7244176Z ##[group]GITHUB_TOKEN Permissions
sbcl-bin	Set up job	2026-09-29T04:36:48.7246807Z Actions: write
sbcl-bin	Set up job	2026-09-29T04:36:48.7247456Z ArtifactMetadata: write
sbcl-bin	Set up job	2026-09-29T04:36:48.7248203Z Attestations: write
sbcl-bin	Set up job	2026-09-29T04:36:48.7248800Z Checks: write
sbcl-bin	Set up job	2026-09-29T04:36:48.7249417Z CodeQuality: write
sbcl-bin	Set up job	2026-09-29T04:36:48.7250065Z Contents: write
sbcl-bin	Set up job	2026-09-29T04:36:48.7250680Z CopilotRequests: write
sbcl-bin	Set up job	2026-09-29T04:36:48.7251367Z Deployments: write
sbcl-bin	Set up job	2026-09-29T04:36:48.7251956Z Discussions: write
sbcl-bin	Set up job	2026-09-29T04:36:48.7252774Z Drives: write
sbcl-bin	Set up job	2026-09-29T04:36:48.7253389Z Issues: write
sbcl-bin	Set up job	2026-09-29T04:36:48.7253955Z Metadata: read
sbcl-bin	Set up job	2026-09-29T04:36:48.7254662Z Models: read
sbcl-bin	Set up job	2026-09-29T04:36:48.7255239Z Packages: write
sbcl-bin	Set up job	2026-09-29T04:36:48.7255822Z Pages: write
sbcl-bin	Set up job	2026-09-29T04:36:48.7256546Z PullRequests: write
sbcl-bin	Set up job	2026-09-29T04:36:48.7257175Z RepositoryProjects: write
sbcl-bin	Set up job	2026-09-29T04:36:48.7257902Z SecurityEvents: write
sbcl-bin	Set up job	2026-09-29T04:36:48.7258512Z Statuses: write
sbcl-bin	Set up job	2026-09-29T04:36:48.7259082Z VulnerabilityAlerts: read
sbcl-bin	Set up job	2026-09-29T04:36:48.7259813Z ##[endgroup]
sbcl-bin	Set up job	2026-09-29T04:36:48.7261940Z Secret source: Actions
sbcl-bin	Set up job	2026-09-29T04:36:48.7263244Z Cache mode: write
sbcl-bin	Set up job	2026-09-29T04:36:48.7264307Z Prepare workflow directory
sbcl-bin	Set up job	2026-09-29T04:36:48.7694878Z Prepare all required actions
sbcl-bin	Set up job	2026-09-29T04:36:48.7761723Z Getting action download info
sbcl-bin	Set up job	2026-09-29T04:36:49.0043695Z Download action repository 'actions/checkout@v4' (SHA:11d5960a326750d5838078e36cf38b85af677262)
sbcl-bin	Set up job	2026-09-29T04:36:49.1752796Z Complete job name: sbcl-bin
sbcl-bin	Run actions/checkout@v4	﻿2026-09-29T04:36:49.2595074Z ##[group]Run actions/checkout@v4
sbcl-bin	Run actions/checkout@v4	2026-09-29T04:36:49.2595935Z with:
sbcl-bin	Run actions/checkout@v4	2026-09-29T04:36:49.2596380Z   repository: pyrex41/woo
sbcl-bin	Run actions/checkout@v4	2026-09-29T04:36:49.2600506Z   token: ***
sbcl-bin	Run actions/checkout@v4	2026-09-29T04:36:49.2600954Z   ssh-strict: true
sbcl-bin	Run actions/checkout@v4	2026-09-29T04:36:49.2601404Z   ssh-user: git
sbcl-bin	Run actions/checkout@v4	2026-09-29T04:36:49.2601859Z   persist-credentials: true
sbcl-bin	Run actions/checkout@v4	2026-09-29T04:36:49.2602354Z   clean: true
sbcl-bin	Run actions/checkout@v4	2026-09-29T04:36:49.2603017Z   sparse-checkout-cone-mode: true
sbcl-bin	Run actions/checkout@v4	2026-09-29T04:36:49.2603551Z   fetch-depth: 1
sbcl-bin	Run actions/checkout@v4	2026-09-29T04:36:49.2603994Z   fetch-tags: false
sbcl-bin	Run actions/checkout@v4	2026-09-29T04:36:49.2604443Z   show-progress: true
sbcl-bin	Run actions/checkout@v4	2026-09-29T04:36:49.2604889Z   lfs: false
sbcl-bin	Run actions/checkout@v4	2026-09-29T04:36:49.2605306Z   submodules: false
sbcl-bin	Run actions/checkout@v4	2026-09-29T04:36:49.2605796Z   set-safe-directory: true
sbcl-bin	Run actions/checkout@v4	2026-09-29T04:36:49.2606307Z   allow-unsafe-pr-checkout: false
sbcl-bin	Run actions/checkout@v4	2026-09-29T04:36:49.2607089Z ##[endgroup]
sbcl-bin	Run actions/checkout@v4	2026-09-29T04:36:49.3618914Z Syncing repository: pyrex41/woo
sbcl-bin	Run actions/checkout@v4	2026-09-29T04:36:49.3621453Z ##[group]Getting Git version info
sbcl-bin	Run actions/checkout@v4	2026-09-29T04:36:49.3622887Z Working directory is '/home/runner/work/woo/woo'
sbcl-bin	Run actions/checkout@v4	2026-09-29T04:36:49.3624518Z [command]/usr/bin/git version
sbcl-bin	Run actions/checkout@v4	2026-09-29T04:36:49.3688664Z git version 2.55.0
sbcl-bin	Run actions/checkout@v4	2026-09-29T04:36:49.3716447Z ##[endgroup]
sbcl-bin	Run actions/checkout@v4	2026-09-29T04:36:49.3725538Z Temporarily overriding HOME='/home/runner/work/_temp/47405d04-0616-4ad8-bdf7-667176e4a086' before making global git config changes
sbcl-bin	Run actions/checkout@v4	2026-09-29T04:36:49.3727744Z Adding repository directory to the temporary git global config as a safe directory
sbcl-bin	Run actions/checkout@v4	2026-09-29T04:36:49.3729898Z [command]/usr/bin/git config --global --add safe.directory /home/runner/work/woo/woo
sbcl-bin	Run actions/checkout@v4	2026-09-29T04:36:49.3785081Z Deleting the contents of '/home/runner/work/woo/woo'
sbcl-bin	Run actions/checkout@v4	2026-09-29T04:36:49.3789380Z ##[group]Initializing the repository
sbcl-bin	Run actions/checkout@v4	2026-09-29T04:36:49.3793408Z [command]/usr/bin/git init /home/runner/work/woo/woo
sbcl-bin	Run actions/checkout@v4	2026-09-29T04:36:49.3897184Z hint: Using 'master' as the name for the initial branch. This default branch name
sbcl-bin	Run actions/checkout@v4	2026-09-29T04:36:49.3898848Z hint: will change to "main" in Git 3.0. To configure the initial branch name
sbcl-bin	Run actions/checkout@v4	2026-09-29T04:36:49.3902102Z hint: to use in all of your new repositories, which will suppress this warning,
sbcl-bin	Run actions/checkout@v4	2026-09-29T04:36:49.3903496Z hint: call:
sbcl-bin	Run actions/checkout@v4	2026-09-29T04:36:49.3904155Z hint:
sbcl-bin	Run actions/checkout@v4	2026-09-29T04:36:49.3904941Z hint: 	git config --global init.defaultBranch <name>
sbcl-bin	Run actions/checkout@v4	2026-09-29T04:36:49.3905898Z hint:
sbcl-bin	Run actions/checkout@v4	2026-09-29T04:36:49.3906797Z hint: Names commonly chosen instead of 'master' are 'main', 'trunk' and
sbcl-bin	Run actions/checkout@v4	2026-09-29T04:36:49.3908299Z hint: 'development'. The just-created branch can be renamed via this command:
sbcl-bin	Run actions/checkout@v4	2026-09-29T04:36:49.3909506Z hint:
sbcl-bin	Run actions/checkout@v4	2026-09-29T04:36:49.3910317Z hint: 	git branch -m <name>
sbcl-bin	Run actions/checkout@v4	2026-09-29T04:36:49.3911391Z hint:
sbcl-bin	Run actions/checkout@v4	2026-09-29T04:36:49.3912811Z hint: Disable this message with "git config set advice.defaultBranchName false"
sbcl-bin	Run actions/checkout@v4	2026-09-29T04:36:49.3914647Z Initialized empty Git repository in /home/runner/work/woo/woo/.git/
sbcl-bin	Run actions/checkout@v4	2026-09-29T04:36:49.3917844Z [command]/usr/bin/git remote add origin https://github.com/pyrex41/woo
sbcl-bin	Run actions/checkout@v4	2026-09-29T04:36:49.3964510Z ##[endgroup]
sbcl-bin	Run actions/checkout@v4	2026-09-29T04:36:49.3965778Z ##[group]Disabling automatic garbage collection
sbcl-bin	Run actions/checkout@v4	2026-09-29T04:36:49.3970874Z [command]/usr/bin/git config --local gc.auto 0
sbcl-bin	Run actions/checkout@v4	2026-09-29T04:36:49.4015019Z ##[endgroup]
sbcl-bin	Run actions/checkout@v4	2026-09-29T04:36:49.4015945Z ##[group]Setting up auth
sbcl-bin	Run actions/checkout@v4	2026-09-29T04:36:49.4022845Z [command]/usr/bin/git config --local --name-only --get-regexp core\.sshCommand
sbcl-bin	Run actions/checkout@v4	2026-09-29T04:36:49.4074133Z [command]/usr/bin/git submodule foreach --recursive sh -c "git config --local --name-only --get-regexp 'core\.sshCommand' && git config --local --unset-all 'core.sshCommand' || :"
sbcl-bin	Run actions/checkout@v4	2026-09-29T04:36:49.4474116Z [command]/usr/bin/git config --local --name-only --get-regexp http\.https\:\/\/github\.com\/\.extraheader
sbcl-bin	Run actions/checkout@v4	2026-09-29T04:36:49.4516796Z [command]/usr/bin/git submodule foreach --recursive sh -c "git config --local --name-only --get-regexp 'http\.https\:\/\/github\.com\/\.extraheader' && git config --local --unset-all 'http.https://github.com/.extraheader' || :"
sbcl-bin	Run actions/checkout@v4	2026-09-29T04:36:49.4770828Z [command]/usr/bin/git config --local --name-only --get-regexp ^includeIf\.gitdir:
sbcl-bin	Run actions/checkout@v4	2026-09-29T04:36:49.4809366Z [command]/usr/bin/git submodule foreach --recursive git config --local --show-origin --name-only --get-regexp remote.origin.url
sbcl-bin	Run actions/checkout@v4	2026-09-29T04:36:49.5067696Z [command]/usr/bin/git config --local http.https://github.com/.extraheader AUTHORIZATION: basic ***
sbcl-bin	Run actions/checkout@v4	2026-09-29T04:36:49.5114255Z ##[endgroup]
sbcl-bin	Run actions/checkout@v4	2026-09-29T04:36:49.5115424Z ##[group]Fetching the repository
sbcl-bin	Run actions/checkout@v4	2026-09-29T04:36:49.5128540Z [command]/usr/bin/git -c protocol.version=2 fetch --no-tags --prune --no-recurse-submodules --depth=1 origin +a6352421df46cdfcce74ff127f1e35c5e9e452f8:refs/remotes/origin/codex/upstream-11-h2-server
sbcl-bin	Run actions/checkout@v4	2026-09-29T04:36:49.9327349Z From https://github.com/pyrex41/woo
sbcl-bin	Run actions/checkout@v4	2026-09-29T04:36:49.9329406Z  * [new ref]         a6352421df46cdfcce74ff127f1e35c5e9e452f8 -> origin/codex/upstream-11-h2-server
sbcl-bin	Run actions/checkout@v4	2026-09-29T04:36:49.9334468Z ##[endgroup]
sbcl-bin	Run actions/checkout@v4	2026-09-29T04:36:49.9336269Z ##[group]Determining the checkout info
sbcl-bin	Run actions/checkout@v4	2026-09-29T04:36:49.9338223Z ##[endgroup]
sbcl-bin	Run actions/checkout@v4	2026-09-29T04:36:49.9340862Z [command]/usr/bin/git sparse-checkout disable
sbcl-bin	Run actions/checkout@v4	2026-09-29T04:36:49.9399256Z [command]/usr/bin/git config --local --unset-all extensions.worktreeConfig
sbcl-bin	Run actions/checkout@v4	2026-09-29T04:36:49.9434825Z ##[group]Checking out the ref
sbcl-bin	Run actions/checkout@v4	2026-09-29T04:36:49.9440872Z [command]/usr/bin/git checkout --progress --force -B codex/upstream-11-h2-server refs/remotes/origin/codex/upstream-11-h2-server
sbcl-bin	Run actions/checkout@v4	2026-09-29T04:36:49.9575626Z Switched to a new branch 'codex/upstream-11-h2-server'
sbcl-bin	Run actions/checkout@v4	2026-09-29T04:36:49.9584226Z branch 'codex/upstream-11-h2-server' set up to track 'origin/codex/upstream-11-h2-server'.
sbcl-bin	Run actions/checkout@v4	2026-09-29T04:36:49.9589938Z ##[endgroup]
sbcl-bin	Run actions/checkout@v4	2026-09-29T04:36:49.9636599Z [command]/usr/bin/git log -1 --format=%H
sbcl-bin	Run actions/checkout@v4	2026-09-29T04:36:49.9665704Z a6352421df46cdfcce74ff127f1e35c5e9e452f8
sbcl-bin	Install dependencies from APT	﻿2026-09-29T04:36:49.9933865Z ##[group]Run sudo apt-get install -y libev-dev gcc libc6-dev
sbcl-bin	Install dependencies from APT	2026-09-29T04:36:49.9935836Z ^[[36;1msudo apt-get install -y libev-dev gcc libc6-dev^[[0m
sbcl-bin	Install dependencies from APT	2026-09-29T04:36:50.0206051Z shell: /usr/bin/bash -e {0}
sbcl-bin	Install dependencies from APT	2026-09-29T04:36:50.0207314Z ##[endgroup]
sbcl-bin	Install dependencies from APT	2026-09-29T04:36:50.9439986Z Reading package lists...
sbcl-bin	Install dependencies from APT	2026-09-29T04:36:51.1505861Z Building dependency tree...
sbcl-bin	Install dependencies from APT	2026-09-29T04:36:51.1518565Z Reading state information...
sbcl-bin	Install dependencies from APT	2026-09-29T04:36:51.3167309Z gcc is already the newest version (4:13.2.0-7ubuntu1).
sbcl-bin	Install dependencies from APT	2026-09-29T04:36:51.3168679Z libc6-dev is already the newest version (2.39-0ubuntu8.9).
sbcl-bin	Install dependencies from APT	2026-09-29T04:36:51.3169686Z libc6-dev set to manually installed.
sbcl-bin	Install dependencies from APT	2026-09-29T04:36:51.3170603Z The following additional packages will be installed:
sbcl-bin	Install dependencies from APT	2026-09-29T04:36:51.3171239Z   libev4t64
sbcl-bin	Install dependencies from APT	2026-09-29T04:36:51.3361189Z The following NEW packages will be installed:
sbcl-bin	Install dependencies from APT	2026-09-29T04:36:51.3366267Z   libev-dev libev4t64
sbcl-bin	Install dependencies from APT	2026-09-29T04:36:51.3620809Z 0 upgraded, 2 newly installed, 0 to remove and 1 not upgraded.
sbcl-bin	Install dependencies from APT	2026-09-29T04:36:51.3621478Z Need to get 154 kB of archives.
sbcl-bin	Install dependencies from APT	2026-09-29T04:36:51.3621866Z After this operation, 332 kB of additional disk space will be used.
sbcl-bin	Install dependencies from APT	2026-09-29T04:36:51.3622325Z Get:1 file:/etc/apt/apt-mirrors.txt Mirrorlist [144 B]
sbcl-bin	Install dependencies from APT	2026-09-29T04:36:51.4059791Z Get:2 http://azure.archive.ubuntu.com/ubuntu noble/universe amd64 libev4t64 amd64 1:4.33-2.1build1 [31.0 kB]
sbcl-bin	Install dependencies from APT	2026-09-29T04:36:51.4297710Z Get:3 http://azure.archive.ubuntu.com/ubuntu noble/universe amd64 libev-dev amd64 1:4.33-2.1build1 [123 kB]
sbcl-bin	Install dependencies from APT	2026-09-29T04:36:51.6881426Z Fetched 154 kB in 0s (1759 kB/s)
sbcl-bin	Install dependencies from APT	2026-09-29T04:36:51.7111598Z Selecting previously unselected package libev4t64:amd64.
sbcl-bin	Install dependencies from APT	2026-09-29T04:36:51.7379260Z (Reading database ... 
sbcl-bin	Install dependencies from APT	2026-09-29T04:36:51.7379685Z (Reading database ... 5%
sbcl-bin	Install dependencies from APT	2026-09-29T04:36:51.7379970Z (Reading database ... 10%
sbcl-bin	Install dependencies from APT	2026-09-29T04:36:51.7380232Z (Reading database ... 15%
sbcl-bin	Install dependencies from APT	2026-09-29T04:36:51.7380504Z (Reading database ... 20%
sbcl-bin	Install dependencies from APT	2026-09-29T04:36:51.7380744Z (Reading database ... 25%
sbcl-bin	Install dependencies from APT	2026-09-29T04:36:51.7380984Z (Reading database ... 30%
sbcl-bin	Install dependencies from APT	2026-09-29T04:36:51.7381246Z (Reading database ... 35%
sbcl-bin	Install dependencies from APT	2026-09-29T04:36:51.7381635Z (Reading database ... 40%
sbcl-bin	Install dependencies from APT	2026-09-29T04:36:51.7381993Z (Reading database ... 45%
sbcl-bin	Install dependencies from APT	2026-09-29T04:36:51.7382337Z (Reading database ... 50%
sbcl-bin	Install dependencies from APT	2026-09-29T04:36:51.7427168Z (Reading database ... 55%
sbcl-bin	Install dependencies from APT	2026-09-29T04:36:51.7981169Z (Reading database ... 60%
sbcl-bin	Install dependencies from APT	2026-09-29T04:36:51.9876522Z (Reading database ... 65%
sbcl-bin	Install dependencies from APT	2026-09-29T04:36:52.1940585Z (Reading database ... 70%
sbcl-bin	Install dependencies from APT	2026-09-29T04:36:52.3968263Z (Reading database ... 75%
sbcl-bin	Install dependencies from APT	2026-09-29T04:36:52.5315477Z (Reading database ... 80%
sbcl-bin	Install dependencies from APT	2026-09-29T04:36:52.6535875Z (Reading database ... 85%
sbcl-bin	Install dependencies from APT	2026-09-29T04:36:52.7523245Z (Reading database ... 90%
sbcl-bin	Install dependencies from APT	2026-09-29T04:36:52.8644435Z (Reading database ... 95%
sbcl-bin	Install dependencies from APT	2026-09-29T04:36:52.8644927Z (Reading database ... 100%
sbcl-bin	Install dependencies from APT	2026-09-29T04:36:52.8645347Z (Reading database ... 202190 files and directories currently installed.)
sbcl-bin	Install dependencies from APT	2026-09-29T04:36:52.8708183Z Preparing to unpack .../libev4t64_1%3a4.33-2.1build1_amd64.deb ...
sbcl-bin	Install dependencies from APT	2026-09-29T04:36:52.8739702Z Unpacking libev4t64:amd64 (1:4.33-2.1build1) ...
sbcl-bin	Install dependencies from APT	2026-09-29T04:36:52.8949174Z Selecting previously unselected package libev-dev:amd64.
sbcl-bin	Install dependencies from APT	2026-09-29T04:36:52.9071887Z Preparing to unpack .../libev-dev_1%3a4.33-2.1build1_amd64.deb ...
sbcl-bin	Install dependencies from APT	2026-09-29T04:36:52.9080662Z Unpacking libev-dev:amd64 (1:4.33-2.1build1) ...
sbcl-bin	Install dependencies from APT	2026-09-29T04:36:52.9490677Z Setting up libev4t64:amd64 (1:4.33-2.1build1) ...
sbcl-bin	Install dependencies from APT	2026-09-29T04:36:52.9508271Z Setting up libev-dev:amd64 (1:4.33-2.1build1) ...
sbcl-bin	Install dependencies from APT	2026-09-29T04:36:52.9533426Z Processing triggers for man-db (2.12.0-4build2) ...
sbcl-bin	Install dependencies from APT	2026-09-29T04:36:52.9548413Z Not building database; man-db/auto-update is not 'true'.
sbcl-bin	Install dependencies from APT	2026-09-29T04:36:52.9561589Z Processing triggers for libc-bin (2.39-0ubuntu8.9) ...
sbcl-bin	Install dependencies from APT	2026-09-29T04:36:53.6444764Z 
sbcl-bin	Install dependencies from APT	2026-09-29T04:36:53.6445592Z Running kernel seems to be up-to-date.
sbcl-bin	Install dependencies from APT	2026-09-29T04:36:53.6445973Z 
sbcl-bin	Install dependencies from APT	2026-09-29T04:36:53.6446141Z No services need to be restarted.
sbcl-bin	Install dependencies from APT	2026-09-29T04:36:53.6446360Z 
sbcl-bin	Install dependencies from APT	2026-09-29T04:36:53.6446475Z No containers need to be restarted.
sbcl-bin	Install dependencies from APT	2026-09-29T04:36:53.6446665Z 
sbcl-bin	Install dependencies from APT	2026-09-29T04:36:53.6447181Z No user sessions are running outdated binaries.
sbcl-bin	Install dependencies from APT	2026-09-29T04:36:53.6447395Z 
sbcl-bin	Install dependencies from APT	2026-09-29T04:36:53.6447590Z No VM guests are running outdated hypervisor (qemu) binaries on this host.
sbcl-bin	Generate server certificates	﻿2026-09-29T04:36:54.5708470Z ##[group]Run sh ./t/generate-certificates.sh
sbcl-bin	Generate server certificates	2026-09-29T04:36:54.5708872Z ^[[36;1msh ./t/generate-certificates.sh^[[0m
sbcl-bin	Generate server certificates	2026-09-29T04:36:54.5780237Z shell: /usr/bin/bash -e {0}
sbcl-bin	Generate server certificates	2026-09-29T04:36:54.5780529Z ##[endgroup]
sbcl-bin	Generate server certificates	2026-09-29T04:36:54.9252097Z Certificate request self-signature ok
sbcl-bin	Generate server certificates	2026-09-29T04:36:54.9253027Z subject=C = JP, ST = Tokyo, L = Chuo-ku, O = \"Woo\", OU = Development, CN = localhost
sbcl-bin	Generate server certificates	2026-09-29T04:36:54.9477984Z Certificate:
sbcl-bin	Generate server certificates	2026-09-29T04:36:54.9478417Z     Data:
sbcl-bin	Generate server certificates	2026-09-29T04:36:54.9478720Z         Version: 3 (0x2)
sbcl-bin	Generate server certificates	2026-09-29T04:36:54.9479074Z         Serial Number:
sbcl-bin	Generate server certificates	2026-09-29T04:36:54.9479500Z             1b:25:07:48:d4:c3:9b:08:fc:e0:77:53:45:13:16:98:61:c9:eb:00
sbcl-bin	Generate server certificates	2026-09-29T04:36:54.9480080Z         Signature Algorithm: sha256WithRSAEncryption
sbcl-bin	Generate server certificates	2026-09-29T04:36:54.9480761Z         Issuer: C = JP, ST = Tokyo, L = Chuo-ku, O = \"Woo\", OU = Development, CN = localhost
sbcl-bin	Generate server certificates	2026-09-29T04:36:54.9481185Z         Validity
sbcl-bin	Generate server certificates	2026-09-29T04:36:54.9481569Z             Not Before: Sep 29 04:36:54 2026 GMT
sbcl-bin	Generate server certificates	2026-09-29T04:36:54.9482104Z             Not After : Sep 26 04:36:54 2036 GMT
sbcl-bin	Generate server certificates	2026-09-29T04:36:54.9482845Z         Subject: C = JP, ST = Tokyo, L = Chuo-ku, O = \"Woo\", OU = Development, CN = localhost
sbcl-bin	Generate server certificates	2026-09-29T04:36:54.9483476Z         Subject Public Key Info:
sbcl-bin	Generate server certificates	2026-09-29T04:36:54.9483909Z             Public Key Algorithm: rsaEncryption
sbcl-bin	Generate server certificates	2026-09-29T04:36:54.9484501Z                 Public-Key: (2048 bit)
sbcl-bin	Generate server certificates	2026-09-29T04:36:54.9484884Z                 Modulus:
sbcl-bin	Generate server certificates	2026-09-29T04:36:54.9485301Z                     00:c9:be:f3:ac:85:ae:a4:40:49:3c:72:67:d9:f6:
sbcl-bin	Generate server certificates	2026-09-29T04:36:54.9485809Z                     c0:28:2b:96:7f:3e:e2:87:59:fa:a3:5d:05:3d:06:
sbcl-bin	Generate server certificates	2026-09-29T04:36:54.9573976Z                     6a:02:b0:bd:1c:e4:ca:e1:3c:e5:d2:73:11:2d:cd:
sbcl-bin	Generate server certificates	2026-09-29T04:36:54.9574599Z                     00:fc:3a:bd:1d:64:10:f7:67:28:e0:48:09:90:1a:
sbcl-bin	Generate server certificates	2026-09-29T04:36:54.9575207Z                     7b:0e:b7:f5:36:28:39:fa:a7:2f:a2:f2:a4:a8:be:
sbcl-bin	Generate server certificates	2026-09-29T04:36:54.9575833Z                     44:b6:7f:fc:9d:7b:13:6d:88:2c:51:33:63:37:5e:
sbcl-bin	Generate server certificates	2026-09-29T04:36:54.9576449Z                     55:dc:ea:fc:bc:21:63:48:8e:c2:86:ff:70:5b:31:
sbcl-bin	Generate server certificates	2026-09-29T04:36:54.9576971Z                     71:67:39:e1:a8:2f:74:cf:e3:3e:bc:37:ef:91:9b:
sbcl-bin	Generate server certificates	2026-09-29T04:36:54.9577485Z                     92:a6:cd:c6:4a:7f:78:94:72:93:a6:89:97:bb:eb:
sbcl-bin	Generate server certificates	2026-09-29T04:36:54.9578021Z                     47:67:eb:5f:9e:40:3d:7b:42:42:5b:29:94:6d:4d:
sbcl-bin	Generate server certificates	2026-09-29T04:36:54.9578528Z                     57:36:9e:72:2b:8e:c5:f7:31:63:1a:72:11:88:6d:
sbcl-bin	Generate server certificates	2026-09-29T04:36:54.9579045Z                     7a:4b:ef:d3:61:0a:c3:d0:e7:25:dd:53:22:b9:69:
sbcl-bin	Generate server certificates	2026-09-29T04:36:54.9579589Z                     1e:c2:a6:0f:0e:32:ce:61:f9:8e:af:62:0a:a4:91:
sbcl-bin	Generate server certificates	2026-09-29T04:36:54.9580108Z                     06:aa:a5:1f:f4:05:74:32:a7:51:01:cf:36:67:23:
sbcl-bin	Generate server certificates	2026-09-29T04:36:54.9580611Z                     62:47:d1:3d:34:c8:e6:2e:e6:80:2f:93:24:37:bc:
sbcl-bin	Generate server certificates	2026-09-29T04:36:54.9581122Z                     81:dd:f2:c0:26:b0:1f:72:e6:9c:51:fe:cd:ee:05:
sbcl-bin	Generate server certificates	2026-09-29T04:36:54.9581640Z                     c2:40:26:bb:7f:a3:1e:68:9c:76:01:5b:d6:18:e4:
sbcl-bin	Generate server certificates	2026-09-29T04:36:54.9582053Z                     c5:3b
sbcl-bin	Generate server certificates	2026-09-29T04:36:54.9582426Z                 Exponent: 65537 (0x10001)
sbcl-bin	Generate server certificates	2026-09-29T04:36:54.9583008Z         X509v3 extensions:
sbcl-bin	Generate server certificates	2026-09-29T04:36:54.9583421Z             X509v3 Basic Constraints: critical
sbcl-bin	Generate server certificates	2026-09-29T04:36:54.9583893Z                 CA:TRUE, pathlen:0
sbcl-bin	Generate server certificates	2026-09-29T04:36:54.9584312Z             X509v3 Key Usage: critical
sbcl-bin	Generate server certificates	2026-09-29T04:36:54.9584748Z                 Certificate Sign, CRL Sign
sbcl-bin	Generate server certificates	2026-09-29T04:36:54.9585522Z             X509v3 Subject Key Identifier: 
sbcl-bin	Generate server certificates	2026-09-29T04:36:54.9586046Z                 51:B2:0F:8D:CD:3D:50:B7:F3:22:0F:7A:22:12:D2:65:60:52:AC:75
sbcl-bin	Generate server certificates	2026-09-29T04:36:54.9586635Z     Signature Algorithm: sha256WithRSAEncryption
sbcl-bin	Generate server certificates	2026-09-29T04:36:54.9587148Z     Signature Value:
sbcl-bin	Generate server certificates	2026-09-29T04:36:54.9587609Z         44:fd:be:86:fe:24:95:5c:3b:21:57:7e:1a:67:e7:f4:a0:e3:
sbcl-bin	Generate server certificates	2026-09-29T04:36:54.9588172Z         38:6a:b9:ee:31:84:39:a5:a8:c4:a9:85:9c:57:6a:7a:f7:dd:
sbcl-bin	Generate server certificates	2026-09-29T04:36:54.9588698Z         7c:69:01:d3:b8:20:79:5e:a4:0c:42:ba:93:7b:4c:b0:0c:80:
sbcl-bin	Generate server certificates	2026-09-29T04:36:54.9589457Z         37:c6:65:84:b9:d8:6c:1e:33:75:bc:0f:00:b6:6f:bc:05:63:
sbcl-bin	Generate server certificates	2026-09-29T04:36:54.9589977Z         43:81:bd:26:17:b4:e8:fa:72:9a:61:b0:b1:86:23:e2:44:51:
sbcl-bin	Generate server certificates	2026-09-29T04:36:54.9590497Z         7c:9d:00:4a:c2:90:e0:08:40:63:9d:1d:b3:55:10:fb:4d:a5:
sbcl-bin	Generate server certificates	2026-09-29T04:36:54.9591015Z         01:bd:a6:20:71:97:42:b6:94:76:45:f9:a9:65:03:73:ff:bf:
sbcl-bin	Generate server certificates	2026-09-29T04:36:54.9591534Z         1c:d3:91:c3:db:e2:5f:18:3c:a1:16:3d:e8:98:ab:cb:37:ee:
sbcl-bin	Generate server certificates	2026-09-29T04:36:54.9592060Z         72:e9:51:cd:2d:f5:b6:06:8e:02:d6:a8:35:b4:43:3f:cb:f6:
sbcl-bin	Generate server certificates	2026-09-29T04:36:54.9592721Z         2b:1d:46:80:52:cc:be:9a:ba:75:14:06:ee:dd:96:1d:7c:00:
sbcl-bin	Generate server certificates	2026-09-29T04:36:54.9593255Z         f9:c7:2f:b8:b4:6e:7c:7d:e9:22:be:b4:10:0e:ec:6d:d5:d7:
sbcl-bin	Generate server certificates	2026-09-29T04:36:54.9593783Z         26:38:5f:18:1d:72:ee:bb:53:c0:4a:2f:fb:f7:43:a0:5b:2a:
sbcl-bin	Generate server certificates	2026-09-29T04:36:54.9594304Z         0f:67:78:91:06:bd:dd:06:7a:c2:75:92:40:b4:3b:e0:27:53:
sbcl-bin	Generate server certificates	2026-09-29T04:36:54.9594817Z         57:76:cb:01:34:38:b7:9d:ee:f3:54:e2:e4:03:95:91:61:79:
sbcl-bin	Generate server certificates	2026-09-29T04:36:54.9595280Z         57:a7:88:f6
sbcl-bin	Generate server certificates	2026-09-29T04:36:55.3707719Z Certificate request self-signature ok
sbcl-bin	Generate server certificates	2026-09-29T04:36:55.3708512Z subject=C = JP, ST = Tokyo, L = Chuo-ku, O = \"Woo\", OU = Development, CN = localhost
sbcl-bin	Generate server certificates	2026-09-29T04:36:55.3784622Z localhost.crt: OK
sbcl-bin	Generate server certificates	2026-09-29T04:36:55.9232475Z Certificate request self-signature ok
sbcl-bin	Generate server certificates	2026-09-29T04:36:55.9233309Z subject=C = US, O = Woo Test, CN = Woo Chain Intermediate
sbcl-bin	Generate server certificates	2026-09-29T04:36:56.1943343Z Certificate request self-signature ok
sbcl-bin	Generate server certificates	2026-09-29T04:36:56.1943948Z subject=C = US, O = Woo Test, CN = localhost
sbcl-bin	Generate server certificates	2026-09-29T04:36:56.2020146Z chain-leaf.crt: OK
sbcl-bin	Install Roswell	﻿2026-09-29T04:36:56.2072106Z ##[group]Run curl -L https://raw.githubusercontent.com/roswell/roswell/master/scripts/install-for-ci.sh | sh
sbcl-bin	Install Roswell	2026-09-29T04:36:56.2073268Z ^[[36;1mcurl -L https://raw.githubusercontent.com/roswell/roswell/master/scripts/install-for-ci.sh | sh^[[0m
sbcl-bin	Install Roswell	2026-09-29T04:36:56.2139966Z shell: /usr/bin/bash -e {0}
sbcl-bin	Install Roswell	2026-09-29T04:36:56.2140245Z env:
sbcl-bin	Install Roswell	2026-09-29T04:36:56.2140450Z   LISP: sbcl-bin
sbcl-bin	Install Roswell	2026-09-29T04:36:56.2140680Z   ROSWELL_INSTALL_DIR: /usr
sbcl-bin	Install Roswell	2026-09-29T04:36:56.2140931Z ##[endgroup]
sbcl-bin	Install Roswell	2026-09-29T04:36:56.2296047Z   % Total    % Received % Xferd  Average Speed   Time    Time     Time  Current
sbcl-bin	Install Roswell	2026-09-29T04:36:56.2296854Z                                  Dload  Upload   Total   Spent    Left  Speed
sbcl-bin	Install Roswell	2026-09-29T04:36:56.2297282Z 
sbcl-bin	Install Roswell	2026-09-29T04:36:56.3184507Z   0     0    0     0    0     0      0      0 --:--:-- --:--:-- --:--:--     0
sbcl-bin	Install Roswell	2026-09-29T04:36:56.3185440Z 100  9933  100  9933    0     0   109k      0 --:--:-- --:--:-- --:--:--  110k
sbcl-bin	Install Roswell	2026-09-29T04:36:56.3207833Z Installing Roswell...
sbcl-bin	Install Roswell	2026-09-29T04:36:56.3266367Z Downloading https://github.com/roswell/roswell/archive/release.tar.gz...
sbcl-bin	Install Roswell	2026-09-29T04:36:56.3318867Z   % Total    % Received % Xferd  Average Speed   Time    Time     Time  Current
sbcl-bin	Install Roswell	2026-09-29T04:36:56.3319665Z                                  Dload  Upload   Total   Spent    Left  Speed
sbcl-bin	Install Roswell	2026-09-29T04:36:56.3320116Z 
sbcl-bin	Install Roswell	2026-09-29T04:36:56.5437071Z   0     0    0     0    0     0      0      0 --:--:-- --:--:-- --:--:--     0
sbcl-bin	Install Roswell	2026-09-29T04:36:56.5437759Z   0     0    0     0    0     0      0      0 --:--:-- --:--:-- --:--:--     0
sbcl-bin	Install Roswell	2026-09-29T04:36:56.8147706Z 
sbcl-bin	Install Roswell	2026-09-29T04:36:56.8666392Z 100 32768    0 32768    0     0  67846      0 --:--:-- --:--:-- --:--:-- 67846
sbcl-bin	Install Roswell	2026-09-29T04:36:56.8667163Z 100  168k    0  168k    0     0   315k      0 --:--:-- --:--:-- --:--:-- 2683k
sbcl-bin	Install Roswell	2026-09-29T04:36:56.8701482Z ✓ Successfully downloaded https://github.com/roswell/roswell/archive/release.tar.gz
sbcl-bin	Install Roswell	2026-09-29T04:36:56.8702114Z Extracting a tarball /home/runner/roswell.tar.gz into /home/runner/.roswell...
sbcl-bin	Install Roswell	2026-09-29T04:36:56.9606171Z Get:1 file:/etc/apt/apt-mirrors.txt Mirrorlist [144 B]
sbcl-bin	Install Roswell	2026-09-29T04:36:57.0853101Z Hit:2 http://azure.archive.ubuntu.com/ubuntu noble InRelease
sbcl-bin	Install Roswell	2026-09-29T04:36:57.0864075Z Get:3 http://azure.archive.ubuntu.com/ubuntu noble-updates InRelease [126 kB]
sbcl-bin	Install Roswell	2026-09-29T04:36:57.0900681Z Get:4 http://azure.archive.ubuntu.com/ubuntu noble-backports InRelease [126 kB]
sbcl-bin	Install Roswell	2026-09-29T04:36:57.0916626Z Get:5 http://azure.archive.ubuntu.com/ubuntu noble-security InRelease [126 kB]
sbcl-bin	Install Roswell	2026-09-29T04:36:57.1964983Z Get:6 https://packages.microsoft.com/ubuntu/24.04/prod noble InRelease [3600 B]
sbcl-bin	Install Roswell	2026-09-29T04:36:57.2018491Z Get:7 http://azure.archive.ubuntu.com/ubuntu noble-updates/main amd64 Packages [1319 kB]
sbcl-bin	Install Roswell	2026-09-29T04:36:57.2176510Z Get:8 http://azure.archive.ubuntu.com/ubuntu noble-updates/main Translation-en [299 kB]
sbcl-bin	Install Roswell	2026-09-29T04:36:57.2201199Z Get:9 http://azure.archive.ubuntu.com/ubuntu noble-updates/main amd64 Components [181 kB]
sbcl-bin	Install Roswell	2026-09-29T04:36:57.2221710Z Get:10 http://azure.archive.ubuntu.com/ubuntu noble-updates/universe amd64 Packages [1697 kB]
sbcl-bin	Install Roswell	2026-09-29T04:36:57.2323368Z Get:11 http://azure.archive.ubuntu.com/ubuntu noble-updates/universe Translation-en [340 kB]
sbcl-bin	Install Roswell	2026-09-29T04:36:57.2350469Z Get:12 http://azure.archive.ubuntu.com/ubuntu noble-updates/universe amd64 Components [388 kB]
sbcl-bin	Install Roswell	2026-09-29T04:36:57.2379484Z Get:13 http://azure.archive.ubuntu.com/ubuntu noble-updates/restricted amd64 Packages [1654 kB]
sbcl-bin	Install Roswell	2026-09-29T04:36:57.2484225Z Get:14 http://azure.archive.ubuntu.com/ubuntu noble-updates/restricted Translation-en [377 kB]
sbcl-bin	Install Roswell	2026-09-29T04:36:57.2508876Z Get:15 http://azure.archive.ubuntu.com/ubuntu noble-updates/multiverse amd64 Components [940 B]
sbcl-bin	Install Roswell	2026-09-29T04:36:57.2644868Z Get:16 http://azure.archive.ubuntu.com/ubuntu noble-backports/main amd64 Packages [40.6 kB]
sbcl-bin	Install Roswell	2026-09-29T04:36:57.3104446Z Get:17 http://azure.archive.ubuntu.com/ubuntu noble-backports/main amd64 Components [5788 B]
sbcl-bin	Install Roswell	2026-09-29T04:36:57.3114198Z Get:18 http://azure.archive.ubuntu.com/ubuntu noble-backports/universe amd64 Packages [31.0 kB]
sbcl-bin	Install Roswell	2026-09-29T04:36:57.3128774Z Get:19 http://azure.archive.ubuntu.com/ubuntu noble-backports/universe Translation-en [18.6 kB]
sbcl-bin	Install Roswell	2026-09-29T04:36:57.3173005Z Get:20 http://azure.archive.ubuntu.com/ubuntu noble-backports/universe amd64 Components [12.6 kB]
sbcl-bin	Install Roswell	2026-09-29T04:36:57.3192414Z Get:21 http://azure.archive.ubuntu.com/ubuntu noble-security/main amd64 Packages [1063 kB]
sbcl-bin	Install Roswell	2026-09-29T04:36:57.3263167Z Get:22 http://azure.archive.ubuntu.com/ubuntu noble-security/main Translation-en [220 kB]
sbcl-bin	Install Roswell	2026-09-29T04:36:57.3281513Z Get:23 http://azure.archive.ubuntu.com/ubuntu noble-security/main amd64 Components [46.3 kB]
sbcl-bin	Install Roswell	2026-09-29T04:36:57.3299073Z Get:24 http://azure.archive.ubuntu.com/ubuntu noble-security/universe amd64 Packages [1216 kB]
sbcl-bin	Install Roswell	2026-09-29T04:36:57.3369416Z Get:25 http://azure.archive.ubuntu.com/ubuntu noble-security/universe Translation-en [244 kB]
sbcl-bin	Install Roswell	2026-09-29T04:36:57.3392397Z Get:26 http://azure.archive.ubuntu.com/ubuntu noble-security/universe amd64 Components [76.3 kB]
sbcl-bin	Install Roswell	2026-09-29T04:36:57.3405549Z Get:27 http://azure.archive.ubuntu.com/ubuntu noble-security/restricted amd64 Packages [1559 kB]
sbcl-bin	Install Roswell	2026-09-29T04:36:57.3495655Z Get:28 http://azure.archive.ubuntu.com/ubuntu noble-security/restricted Translation-en [359 kB]
sbcl-bin	Install Roswell	2026-09-29T04:36:57.3792005Z Get:29 https://packages.microsoft.com/ubuntu/24.04/prod noble/main arm64 Packages [449 kB]
sbcl-bin	Install Roswell	2026-09-29T04:36:57.3913579Z Get:30 https://packages.microsoft.com/ubuntu/24.04/prod noble/main amd64 Packages [501 kB]
sbcl-bin	Install Roswell	2026-09-29T04:36:59.8814263Z Fetched 12.5 MB in 1s (8391 kB/s)
sbcl-bin	Install Roswell	2026-09-29T04:37:00.6685815Z Reading package lists...
sbcl-bin	Install Roswell	2026-09-29T04:37:00.7008197Z Reading package lists...
sbcl-bin	Install Roswell	2026-09-29T04:37:00.8796240Z Building dependency tree...
sbcl-bin	Install Roswell	2026-09-29T04:37:00.8803290Z Reading state information...
sbcl-bin	Install Roswell	2026-09-29T04:37:01.0317254Z The following additional packages will be installed:
sbcl-bin	Install Roswell	2026-09-29T04:37:01.0326324Z   curl libcurl3t64-gnutls libcurl4t64
sbcl-bin	Install Roswell	2026-09-29T04:37:01.0332812Z Suggested packages:
sbcl-bin	Install Roswell	2026-09-29T04:37:01.0333186Z   libcurl4-doc libidn-dev libkrb5-dev libldap2-dev librtmp-dev libssh2-1-dev
sbcl-bin	Install Roswell	2026-09-29T04:37:01.0501675Z The following NEW packages will be installed:
sbcl-bin	Install Roswell	2026-09-29T04:37:01.0506723Z   libcurl4-openssl-dev
sbcl-bin	Install Roswell	2026-09-29T04:37:01.0510072Z The following packages will be upgraded:
sbcl-bin	Install Roswell	2026-09-29T04:37:01.0515673Z   curl libcurl3t64-gnutls libcurl4t64
sbcl-bin	Install Roswell	2026-09-29T04:37:01.0683838Z 3 upgraded, 1 newly installed, 0 to remove and 34 not upgraded.
sbcl-bin	Install Roswell	2026-09-29T04:37:01.0684434Z Need to get 1352 kB of archives.
sbcl-bin	Install Roswell	2026-09-29T04:37:01.0684973Z After this operation, 1966 kB of additional disk space will be used.
sbcl-bin	Install Roswell	2026-09-29T04:37:01.0685570Z Get:1 file:/etc/apt/apt-mirrors.txt Mirrorlist [144 B]
sbcl-bin	Install Roswell	2026-09-29T04:37:01.1122307Z Get:2 http://azure.archive.ubuntu.com/ubuntu noble-updates/main amd64 curl amd64 8.5.0-2ubuntu10.15 [227 kB]
sbcl-bin	Install Roswell	2026-09-29T04:37:01.1423356Z Get:3 http://azure.archive.ubuntu.com/ubuntu noble-updates/main amd64 libcurl4t64 amd64 8.5.0-2ubuntu10.15 [343 kB]
sbcl-bin	Install Roswell	2026-09-29T04:37:01.1694257Z Get:4 http://azure.archive.ubuntu.com/ubuntu noble-updates/main amd64 libcurl3t64-gnutls amd64 8.5.0-2ubuntu10.15 [336 kB]
sbcl-bin	Install Roswell	2026-09-29T04:37:01.1937976Z Get:5 http://azure.archive.ubuntu.com/ubuntu noble-updates/main amd64 libcurl4-openssl-dev amd64 8.5.0-2ubuntu10.15 [446 kB]
sbcl-bin	Install Roswell	2026-09-29T04:37:01.4457455Z Fetched 1352 kB in 0s (9688 kB/s)
sbcl-bin	Install Roswell	2026-09-29T04:37:01.4701357Z (Reading database ... 
sbcl-bin	Install Roswell	2026-09-29T04:37:01.4702344Z (Reading database ... 5%
sbcl-bin	Install Roswell	2026-09-29T04:37:01.4702893Z (Reading database ... 10%
sbcl-bin	Install Roswell	2026-09-29T04:37:01.4703145Z (Reading database ... 15%
sbcl-bin	Install Roswell	2026-09-29T04:37:01.4703386Z (Reading database ... 20%
sbcl-bin	Install Roswell	2026-09-29T04:37:01.4703612Z (Reading database ... 25%
sbcl-bin	Install Roswell	2026-09-29T04:37:01.4703831Z (Reading database ... 30%
sbcl-bin	Install Roswell	2026-09-29T04:37:01.4704046Z (Reading database ... 35%
sbcl-bin	Install Roswell	2026-09-29T04:37:01.4704270Z (Reading database ... 40%
sbcl-bin	Install Roswell	2026-09-29T04:37:01.4704481Z (Reading database ... 45%
sbcl-bin	Install Roswell	2026-09-29T04:37:01.4704725Z (Reading database ... 50%
sbcl-bin	Install Roswell	2026-09-29T04:37:01.4727764Z (Reading database ... 55%
sbcl-bin	Install Roswell	2026-09-29T04:37:01.4829324Z (Reading database ... 60%
sbcl-bin	Install Roswell	2026-09-29T04:37:01.4856846Z (Reading database ... 65%
sbcl-bin	Install Roswell	2026-09-29T04:37:01.4880103Z (Reading database ... 70%
sbcl-bin	Install Roswell	2026-09-29T04:37:01.4907965Z (Reading database ... 75%
sbcl-bin	Install Roswell	2026-09-29T04:37:01.4942254Z (Reading database ... 80%
sbcl-bin	Install Roswell	2026-09-29T04:37:01.4968079Z (Reading database ... 85%
sbcl-bin	Install Roswell	2026-09-29T04:37:01.5165795Z (Reading database ... 90%
sbcl-bin	Install Roswell	2026-09-29T04:37:01.5387534Z (Reading database ... 95%
sbcl-bin	Install Roswell	2026-09-29T04:37:01.5387927Z (Reading database ... 100%
sbcl-bin	Install Roswell	2026-09-29T04:37:01.5388449Z (Reading database ... 202205 files and directories currently installed.)
sbcl-bin	Install Roswell	2026-09-29T04:37:01.5428183Z Preparing to unpack .../curl_8.5.0-2ubuntu10.15_amd64.deb ...
sbcl-bin	Install Roswell	2026-09-29T04:37:01.5448550Z Unpacking curl (8.5.0-2ubuntu10.15) over (8.5.0-2ubuntu10.13) ...
sbcl-bin	Install Roswell	2026-09-29T04:37:01.5829888Z Preparing to unpack .../libcurl4t64_8.5.0-2ubuntu10.15_amd64.deb ...
sbcl-bin	Install Roswell	2026-09-29T04:37:01.5854623Z Unpacking libcurl4t64:amd64 (8.5.0-2ubuntu10.15) over (8.5.0-2ubuntu10.13) ...
sbcl-bin	Install Roswell	2026-09-29T04:37:01.6225308Z Preparing to unpack .../libcurl3t64-gnutls_8.5.0-2ubuntu10.15_amd64.deb ...
sbcl-bin	Install Roswell	2026-09-29T04:37:01.6336059Z Unpacking libcurl3t64-gnutls:amd64 (8.5.0-2ubuntu10.15) over (8.5.0-2ubuntu10.13) ...
sbcl-bin	Install Roswell	2026-09-29T04:37:01.6661154Z Selecting previously unselected package libcurl4-openssl-dev:amd64.
sbcl-bin	Install Roswell	2026-09-29T04:37:01.6788975Z Preparing to unpack .../libcurl4-openssl-dev_8.5.0-2ubuntu10.15_amd64.deb ...
sbcl-bin	Install Roswell	2026-09-29T04:37:01.6795637Z Unpacking libcurl4-openssl-dev:amd64 (8.5.0-2ubuntu10.15) ...
sbcl-bin	Install Roswell	2026-09-29T04:37:01.7268884Z Setting up libcurl4t64:amd64 (8.5.0-2ubuntu10.15) ...
sbcl-bin	Install Roswell	2026-09-29T04:37:01.7286790Z Setting up libcurl3t64-gnutls:amd64 (8.5.0-2ubuntu10.15) ...
sbcl-bin	Install Roswell	2026-09-29T04:37:01.7303450Z Setting up libcurl4-openssl-dev:amd64 (8.5.0-2ubuntu10.15) ...
sbcl-bin	Install Roswell	2026-09-29T04:37:01.7318468Z Setting up curl (8.5.0-2ubuntu10.15) ...
sbcl-bin	Install Roswell	2026-09-29T04:37:01.7336244Z Processing triggers for man-db (2.12.0-4build2) ...
sbcl-bin	Install Roswell	2026-09-29T04:37:01.7351489Z Not building database; man-db/auto-update is not 'true'.
sbcl-bin	Install Roswell	2026-09-29T04:37:01.7361591Z Processing triggers for libc-bin (2.39-0ubuntu8.9) ...
sbcl-bin	Install Roswell	2026-09-29T04:37:02.2889744Z 
sbcl-bin	Install Roswell	2026-09-29T04:37:02.2890396Z Running kernel seems to be up-to-date.
sbcl-bin	Install Roswell	2026-09-29T04:37:02.2890811Z 
sbcl-bin	Install Roswell	2026-09-29T04:37:02.2890953Z Restarting services...
sbcl-bin	Install Roswell	2026-09-29T04:37:02.3072727Z  systemctl restart packagekit.service php8.3-fpm.service
sbcl-bin	Install Roswell	2026-09-29T04:37:02.4240820Z 
sbcl-bin	Install Roswell	2026-09-29T04:37:02.4241496Z No containers need to be restarted.
sbcl-bin	Install Roswell	2026-09-29T04:37:02.4241845Z 
sbcl-bin	Install Roswell	2026-09-29T04:37:02.4242045Z No user sessions are running outdated binaries.
sbcl-bin	Install Roswell	2026-09-29T04:37:02.4242744Z 
sbcl-bin	Install Roswell	2026-09-29T04:37:02.4243040Z No VM guests are running outdated hypervisor (qemu) binaries on this host.
sbcl-bin	Install Roswell	2026-09-29T04:37:03.3406820Z W: --force-yes is deprecated, use one of the options starting with --allow instead.
sbcl-bin	Install Roswell	2026-09-29T04:37:04.4974677Z configure.ac:16: installing './compile'
sbcl-bin	Install Roswell	2026-09-29T04:37:04.4975270Z configure.ac:12: installing './install-sh'
sbcl-bin	Install Roswell	2026-09-29T04:37:04.4980877Z configure.ac:12: installing './missing'
sbcl-bin	Install Roswell	2026-09-29T04:37:04.5907542Z src/Makefile.am: installing './depcomp'
sbcl-bin	Install Roswell	2026-09-29T04:37:04.8880005Z checking for a BSD-compatible install... /usr/bin/install -c
sbcl-bin	Install Roswell	2026-09-29T04:37:04.8907327Z checking whether build environment is sane... yes
sbcl-bin	Install Roswell	2026-09-29T04:37:04.9047498Z checking for a race-free mkdir -p... /usr/bin/mkdir -p
sbcl-bin	Install Roswell	2026-09-29T04:37:04.9050900Z checking for gawk... gawk
sbcl-bin	Install Roswell	2026-09-29T04:37:04.9125812Z checking whether make sets $(MAKE)... yes
sbcl-bin	Install Roswell	2026-09-29T04:37:04.9180981Z checking whether make supports nested variables... yes
sbcl-bin	Install Roswell	2026-09-29T04:37:04.9225002Z checking whether to enable maintainer-specific portions of Makefiles... yes
sbcl-bin	Install Roswell	2026-09-29T04:37:04.9229714Z checking for gcc... gcc
sbcl-bin	Install Roswell	2026-09-29T04:37:05.0366920Z checking whether the C compiler works... yes
sbcl-bin	Install Roswell	2026-09-29T04:37:05.0367586Z checking for C compiler default output file name... a.out
sbcl-bin	Install Roswell	2026-09-29T04:37:05.0676068Z checking for suffix of executables... 
sbcl-bin	Install Roswell	2026-09-29T04:37:05.1206543Z checking whether we are cross compiling... no
sbcl-bin	Install Roswell	2026-09-29T04:37:05.1382407Z checking for suffix of object files... o
sbcl-bin	Install Roswell	2026-09-29T04:37:05.1533681Z checking whether the compiler supports GNU C... yes
sbcl-bin	Install Roswell	2026-09-29T04:37:05.1688688Z checking whether gcc accepts -g... yes
sbcl-bin	Install Roswell	2026-09-29T04:37:05.2098357Z checking for gcc option to enable C11 features... none needed
sbcl-bin	Install Roswell	2026-09-29T04:37:05.2367484Z checking whether gcc understands -c and -o together... yes
sbcl-bin	Install Roswell	2026-09-29T04:37:05.2442693Z checking whether make supports the include directive... yes (GNU style)
sbcl-bin	Install Roswell	2026-09-29T04:37:05.2787519Z checking dependency style of gcc... gcc3
sbcl-bin	Install Roswell	2026-09-29T04:37:05.3049574Z checking for main in -lwininet... no
sbcl-bin	Install Roswell	2026-09-29T04:37:05.3719456Z checking for curl_global_init in -lcurl... yes
sbcl-bin	Install Roswell	2026-09-29T04:37:05.3870017Z checking for stdio.h... yes
sbcl-bin	Install Roswell	2026-09-29T04:37:05.4101318Z checking for stdlib.h... yes
sbcl-bin	Install Roswell	2026-09-29T04:37:05.4296205Z checking for string.h... yes
sbcl-bin	Install Roswell	2026-09-29T04:37:05.4498274Z checking for inttypes.h... yes
sbcl-bin	Install Roswell	2026-09-29T04:37:05.4689510Z checking for stdint.h... yes
sbcl-bin	Install Roswell	2026-09-29T04:37:05.4878471Z checking for strings.h... yes
sbcl-bin	Install Roswell	2026-09-29T04:37:05.5080250Z checking for sys/stat.h... yes
sbcl-bin	Install Roswell	2026-09-29T04:37:05.5275599Z checking for sys/types.h... yes
sbcl-bin	Install Roswell	2026-09-29T04:37:05.5501254Z checking for unistd.h... yes
sbcl-bin	Install Roswell	2026-09-29T04:37:05.5931687Z checking for curl/curl.h... yes
sbcl-bin	Install Roswell	2026-09-29T04:37:05.6143636Z checking for gnu/libc-version.h... yes
sbcl-bin	Install Roswell	2026-09-29T04:37:05.6382652Z checking for windows.h... no
sbcl-bin	Install Roswell	2026-09-29T04:37:05.6391931Z checking for windres... no
sbcl-bin	Install Roswell	2026-09-29T04:37:05.6577769Z checking for struct dirent.d_type... yes
sbcl-bin	Install Roswell	2026-09-29T04:37:05.6581861Z checking for git... yes
sbcl-bin	Install Roswell	2026-09-29T04:37:05.6628803Z checking for uname... yes
sbcl-bin	Install Roswell	2026-09-29T04:37:05.8941642Z checking that generated files are newer than configure... done
sbcl-bin	Install Roswell	2026-09-29T04:37:05.8942318Z configure: creating ./config.status
sbcl-bin	Install Roswell	2026-09-29T04:37:05.9722712Z config.status: creating Makefile
sbcl-bin	Install Roswell	2026-09-29T04:37:05.9838494Z config.status: creating src/Makefile
sbcl-bin	Install Roswell	2026-09-29T04:37:05.9991002Z config.status: creating documents/Makefile
sbcl-bin	Install Roswell	2026-09-29T04:37:06.0137520Z config.status: creating config.h
sbcl-bin	Install Roswell	2026-09-29T04:37:06.0232142Z config.status: executing depfiles commands
sbcl-bin	Install Roswell	2026-09-29T04:37:06.2868319Z make  all-recursive
sbcl-bin	Install Roswell	2026-09-29T04:37:06.2897634Z make[1]: Entering directory '/home/runner/.roswell'
sbcl-bin	Install Roswell	2026-09-29T04:37:06.3045144Z Making all in src
sbcl-bin	Install Roswell	2026-09-29T04:37:06.3074116Z make[2]: Entering directory '/home/runner/.roswell/src'
sbcl-bin	Install Roswell	2026-09-29T04:37:06.3074918Z gcc -DHAVE_CONFIG_H -I. -I..      -MT main.o -MD -MP -MF .deps/main.Tpo -c -o main.o main.c
sbcl-bin	Install Roswell	2026-09-29T04:37:06.3571959Z mv -f .deps/main.Tpo .deps/main.Po
sbcl-bin	Install Roswell	2026-09-29T04:37:06.3600108Z gcc -DHAVE_CONFIG_H -I. -I..      -MT opt.o -MD -MP -MF .deps/opt.Tpo -c -o opt.o opt.c
sbcl-bin	Install Roswell	2026-09-29T04:37:06.4076532Z mv -f .deps/opt.Tpo .deps/opt.Po
sbcl-bin	Install Roswell	2026-09-29T04:37:06.4104983Z gcc -DHAVE_CONFIG_H -I. -I..      -MT download.o -MD -MP -MF .deps/download.Tpo -c -o download.o download.c
sbcl-bin	Install Roswell	2026-09-29T04:37:06.4816463Z mv -f .deps/download.Tpo .deps/download.Po
sbcl-bin	Install Roswell	2026-09-29T04:37:06.4844992Z gcc -DHAVE_CONFIG_H -I. -I..      -MT download_windows.o -MD -MP -MF .deps/download_windows.Tpo -c -o download_windows.o download_windows.c
sbcl-bin	Install Roswell	2026-09-29T04:37:06.5215919Z mv -f .deps/download_windows.Tpo .deps/download_windows.Po
sbcl-bin	Install Roswell	2026-09-29T04:37:06.5243953Z gcc -DHAVE_CONFIG_H -I. -I..      -MT archive.o -MD -MP -MF .deps/archive.Tpo -c -o archive.o archive.c
sbcl-bin	Install Roswell	2026-09-29T04:37:06.5690054Z mv -f .deps/archive.Tpo .deps/archive.Po
sbcl-bin	Install Roswell	2026-09-29T04:37:06.5718458Z gcc -DHAVE_CONFIG_H -I. -I..      -MT archive_windows.o -MD -MP -MF .deps/archive_windows.Tpo -c -o archive_windows.o archive_windows.c
sbcl-bin	Install Roswell	2026-09-29T04:37:06.6096945Z mv -f .deps/archive_windows.Tpo .deps/archive_windows.Po
sbcl-bin	Install Roswell	2026-09-29T04:37:06.6125894Z gcc -DHAVE_CONFIG_H -I. -I..      -MT register-commands.o -MD -MP -MF .deps/register-commands.Tpo -c -o register-commands.o register-commands.c
sbcl-bin	Install Roswell	2026-09-29T04:37:06.6639167Z mv -f .deps/register-commands.Tpo .deps/register-commands.Po
sbcl-bin	Install Roswell	2026-09-29T04:37:06.6668195Z gcc -DHAVE_CONFIG_H -I. -I..      -MT tsv-sbcl-bin.o -MD -MP -MF .deps/tsv-sbcl-bin.Tpo -c -o tsv-sbcl-bin.o tsv-sbcl-bin.c
sbcl-bin	Install Roswell	2026-09-29T04:37:06.7089511Z mv -f .deps/tsv-sbcl-bin.Tpo .deps/tsv-sbcl-bin.Po
sbcl-bin	Install Roswell	2026-09-29T04:37:06.7117994Z printf '#define ROS_COMPILE_ENVIRONMENT "%s"\n' "`gcc --version|head -n 1`" > gend.h.tmp
sbcl-bin	Install Roswell	2026-09-29T04:37:06.7150803Z printf '#define ROS_REVISION "NO-GIT-REVISION"\n' >> gend.h.tmp
sbcl-bin	Install Roswell	2026-09-29T04:37:06.7164954Z printf '#define UNAME_M "x86_64"\n' >> gend.h.tmp
sbcl-bin	Install Roswell	2026-09-29T04:37:06.7178645Z printf '#define UNAME_S "Linux"\n' >> gend.h.tmp
sbcl-bin	Install Roswell	2026-09-29T04:37:06.7193114Z printf '#define PATCH_PATH "/usr/etc/roswell/patch"\n' >> gend.h.tmp
sbcl-bin	Install Roswell	2026-09-29T04:37:06.7206583Z printf '#define LISP_PATH "/usr/etc/roswell"\n' >> gend.h.tmp
sbcl-bin	Install Roswell	2026-09-29T04:37:06.7220072Z cmp -s gend.h.tmp gend.h||cp gend.h.tmp gend.h
sbcl-bin	Install Roswell	2026-09-29T04:37:06.7258065Z cat gend.h
sbcl-bin	Install Roswell	2026-09-29T04:37:06.7278085Z #define ROS_COMPILE_ENVIRONMENT "gcc (Ubuntu 13.3.0-6ubuntu2~24.04.1) 13.3.0"
sbcl-bin	Install Roswell	2026-09-29T04:37:06.7278767Z #define ROS_REVISION "NO-GIT-REVISION"
sbcl-bin	Install Roswell	2026-09-29T04:37:06.7279167Z #define UNAME_M "x86_64"
sbcl-bin	Install Roswell	2026-09-29T04:37:06.7279541Z #define UNAME_S "Linux"
sbcl-bin	Install Roswell	2026-09-29T04:37:06.7279921Z #define PATCH_PATH "/usr/etc/roswell/patch"
sbcl-bin	Install Roswell	2026-09-29T04:37:06.7280312Z #define LISP_PATH "/usr/etc/roswell"
sbcl-bin	Install Roswell	2026-09-29T04:37:06.7280609Z rm -f gend.h.tmp
sbcl-bin	Install Roswell	2026-09-29T04:37:06.7301584Z gcc -DHAVE_CONFIG_H -I. -I..      -MT util.o -MD -MP -MF .deps/util.Tpo -c -o util.o util.c
sbcl-bin	Install Roswell	2026-09-29T04:37:06.7821696Z mv -f .deps/util.Tpo .deps/util.Po
sbcl-bin	Install Roswell	2026-09-29T04:37:06.7850205Z gcc -DHAVE_CONFIG_H -I. -I..      -MT util_windows.o -MD -MP -MF .deps/util_windows.Tpo -c -o util_windows.o util_windows.c
sbcl-bin	Install Roswell	2026-09-29T04:37:06.8213648Z mv -f .deps/util_windows.Tpo .deps/util_windows.Po
sbcl-bin	Install Roswell	2026-09-29T04:37:06.8241909Z gcc -DHAVE_CONFIG_H -I. -I..      -MT util-list.o -MD -MP -MF .deps/util-list.Tpo -c -o util-list.o util-list.c
sbcl-bin	Install Roswell	2026-09-29T04:37:06.8750730Z mv -f .deps/util-list.Tpo .deps/util-list.Po
sbcl-bin	Install Roswell	2026-09-29T04:37:06.8779103Z gcc -DHAVE_CONFIG_H -I. -I..      -MT util-string.o -MD -MP -MF .deps/util-string.Tpo -c -o util-string.o util-string.c
sbcl-bin	Install Roswell	2026-09-29T04:37:06.9301002Z mv -f .deps/util-string.Tpo .deps/util-string.Po
sbcl-bin	Install Roswell	2026-09-29T04:37:06.9329820Z gcc -DHAVE_CONFIG_H -I. -I..      -MT util-dir.o -MD -MP -MF .deps/util-dir.Tpo -c -o util-dir.o util-dir.c
sbcl-bin	Install Roswell	2026-09-29T04:37:06.9819190Z mv -f .deps/util-dir.Tpo .deps/util-dir.Po
sbcl-bin	Install Roswell	2026-09-29T04:37:06.9847496Z gcc -DHAVE_CONFIG_H -I. -I..      -MT util-dir_windows.o -MD -MP -MF .deps/util-dir_windows.Tpo -c -o util-dir_windows.o util-dir_windows.c
sbcl-bin	Install Roswell	2026-09-29T04:37:07.0216316Z mv -f .deps/util-dir_windows.Tpo .deps/util-dir_windows.Po
sbcl-bin	Install Roswell	2026-09-29T04:37:07.0245178Z gcc -DHAVE_CONFIG_H -I. -I..      -MT util-file.o -MD -MP -MF .deps/util-file.Tpo -c -o util-file.o util-file.c
sbcl-bin	Install Roswell	2026-09-29T04:37:07.0658315Z mv -f .deps/util-file.Tpo .deps/util-file.Po
sbcl-bin	Install Roswell	2026-09-29T04:37:07.0686653Z gcc -DHAVE_CONFIG_H -I. -I..      -MT util-file_windows.o -MD -MP -MF .deps/util-file_windows.Tpo -c -o util-file_windows.o util-file_windows.c
sbcl-bin	Install Roswell	2026-09-29T04:37:07.1055763Z mv -f .deps/util-file_windows.Tpo .deps/util-file_windows.Po
sbcl-bin	Install Roswell	2026-09-29T04:37:07.1084531Z gcc -DHAVE_CONFIG_H -I. -I..      -MT util-system.o -MD -MP -MF .deps/util-system.Tpo -c -o util-system.o util-system.c
sbcl-bin	Install Roswell	2026-09-29T04:37:07.1502922Z mv -f .deps/util-system.Tpo .deps/util-system.Po
sbcl-bin	Install Roswell	2026-09-29T04:37:07.1531395Z gcc -DHAVE_CONFIG_H -I. -I..      -MT util-system_windows.o -MD -MP -MF .deps/util-system_windows.Tpo -c -o util-system_windows.o util-system_windows.c
sbcl-bin	Install Roswell	2026-09-29T04:37:07.1901330Z mv -f .deps/util-system_windows.Tpo .deps/util-system_windows.Po
sbcl-bin	Install Roswell	2026-09-29T04:37:07.1930660Z gcc -DHAVE_CONFIG_H -I. -I..      -MT util-cmdline.o -MD -MP -MF .deps/util-cmdline.Tpo -c -o util-cmdline.o util-cmdline.c
sbcl-bin	Install Roswell	2026-09-29T04:37:07.2358825Z mv -f .deps/util-cmdline.Tpo .deps/util-cmdline.Po
sbcl-bin	Install Roswell	2026-09-29T04:37:07.2386889Z gcc -DHAVE_CONFIG_H -I. -I..      -MT proc-opt.o -MD -MP -MF .deps/proc-opt.Tpo -c -o proc-opt.o proc-opt.c
sbcl-bin	Install Roswell	2026-09-29T04:37:07.2863055Z mv -f .deps/proc-opt.Tpo .deps/proc-opt.Po
sbcl-bin	Install Roswell	2026-09-29T04:37:07.2893617Z gcc -DHAVE_CONFIG_H -I. -I..      -MT manual.o -MD -MP -MF .deps/manual.Tpo -c -o manual.o manual.c
sbcl-bin	Install Roswell	2026-09-29T04:37:07.3277984Z mv -f .deps/manual.Tpo .deps/manual.Po
sbcl-bin	Install Roswell	2026-09-29T04:37:07.3306540Z gcc -DHAVE_CONFIG_H -I. -I..      -MT manual_windows.o -MD -MP -MF .deps/manual_windows.Tpo -c -o manual_windows.o manual_windows.c
sbcl-bin	Install Roswell	2026-09-29T04:37:07.3675326Z mv -f .deps/manual_windows.Tpo .deps/manual_windows.Po
sbcl-bin	Install Roswell	2026-09-29T04:37:07.3703295Z gcc -DHAVE_CONFIG_H -I. -I..      -MT cmd-internal.o -MD -MP -MF .deps/cmd-internal.Tpo -c -o cmd-internal.o cmd-internal.c
sbcl-bin	Install Roswell	2026-09-29T04:37:07.4215815Z mv -f .deps/cmd-internal.Tpo .deps/cmd-internal.Po
sbcl-bin	Install Roswell	2026-09-29T04:37:07.4244410Z gcc -DHAVE_CONFIG_H -I. -I..      -MT cmd-script.o -MD -MP -MF .deps/cmd-script.Tpo -c -o cmd-script.o cmd-script.c
sbcl-bin	Install Roswell	2026-09-29T04:37:07.4683579Z mv -f .deps/cmd-script.Tpo .deps/cmd-script.Po
sbcl-bin	Install Roswell	2026-09-29T04:37:07.4711747Z gcc -DHAVE_CONFIG_H -I. -I..      -MT cmd-run.o -MD -MP -MF .deps/cmd-run.Tpo -c -o cmd-run.o cmd-run.c
sbcl-bin	Install Roswell	2026-09-29T04:37:07.5296247Z mv -f .deps/cmd-run.Tpo .deps/cmd-run.Po
sbcl-bin	Install Roswell	2026-09-29T04:37:07.5329565Z gcc -DHAVE_CONFIG_H -I. -I..      -MT cmd-run-sbcl.o -MD -MP -MF .deps/cmd-run-sbcl.Tpo -c -o cmd-run-sbcl.o cmd-run-sbcl.c
sbcl-bin	Install Roswell	2026-09-29T04:37:07.5800248Z mv -f .deps/cmd-run-sbcl.Tpo .deps/cmd-run-sbcl.Po
sbcl-bin	Install Roswell	2026-09-29T04:37:07.5828175Z gcc -DHAVE_CONFIG_H -I. -I..      -MT cmd-run-ccl.o -MD -MP -MF .deps/cmd-run-ccl.Tpo -c -o cmd-run-ccl.o cmd-run-ccl.c
sbcl-bin	Install Roswell	2026-09-29T04:37:07.6276002Z mv -f .deps/cmd-run-ccl.Tpo .deps/cmd-run-ccl.Po
sbcl-bin	Install Roswell	2026-09-29T04:37:07.6304325Z gcc -DHAVE_CONFIG_H -I. -I..      -MT cmd-run-clasp.o -MD -MP -MF .deps/cmd-run-clasp.Tpo -c -o cmd-run-clasp.o cmd-run-clasp.c
sbcl-bin	Install Roswell	2026-09-29T04:37:07.6719784Z mv -f .deps/cmd-run-clasp.Tpo .deps/cmd-run-clasp.Po
sbcl-bin	Install Roswell	2026-09-29T04:37:07.6748129Z gcc -DHAVE_CONFIG_H -I. -I..      -MT cmd-run-clisp.o -MD -MP -MF .deps/cmd-run-clisp.Tpo -c -o cmd-run-clisp.o cmd-run-clisp.c
sbcl-bin	Install Roswell	2026-09-29T04:37:07.7191364Z mv -f .deps/cmd-run-clisp.Tpo .deps/cmd-run-clisp.Po
sbcl-bin	Install Roswell	2026-09-29T04:37:07.7219726Z gcc -DHAVE_CONFIG_H -I. -I..      -MT cmd-run-ecl.o -MD -MP -MF .deps/cmd-run-ecl.Tpo -c -o cmd-run-ecl.o cmd-run-ecl.c
sbcl-bin	Install Roswell	2026-09-29T04:37:07.7647053Z mv -f .deps/cmd-run-ecl.Tpo .deps/cmd-run-ecl.Po
sbcl-bin	Install Roswell	2026-09-29T04:37:07.7675979Z gcc -DHAVE_CONFIG_H -I. -I..      -MT cmd-run-mkcl.o -MD -MP -MF .deps/cmd-run-mkcl.Tpo -c -o cmd-run-mkcl.o cmd-run-mkcl.c
sbcl-bin	Install Roswell	2026-09-29T04:37:07.8103632Z mv -f .deps/cmd-run-mkcl.Tpo .deps/cmd-run-mkcl.Po
sbcl-bin	Install Roswell	2026-09-29T04:37:07.8131864Z gcc -DHAVE_CONFIG_H -I. -I..      -MT cmd-run-abcl.o -MD -MP -MF .deps/cmd-run-abcl.Tpo -c -o cmd-run-abcl.o cmd-run-abcl.c
sbcl-bin	Install Roswell	2026-09-29T04:37:07.8546768Z mv -f .deps/cmd-run-abcl.Tpo .deps/cmd-run-abcl.Po
sbcl-bin	Install Roswell	2026-09-29T04:37:07.8574284Z gcc -DHAVE_CONFIG_H -I. -I..      -MT cmd-run-cmu.o -MD -MP -MF .deps/cmd-run-cmu.Tpo -c -o cmd-run-cmu.o cmd-run-cmu.c
sbcl-bin	Install Roswell	2026-09-29T04:37:07.9009135Z mv -f .deps/cmd-run-cmu.Tpo .deps/cmd-run-cmu.Po
sbcl-bin	Install Roswell	2026-09-29T04:37:07.9036688Z gcc -DHAVE_CONFIG_H -I. -I..      -MT cmd-run-acl.o -MD -MP -MF .deps/cmd-run-acl.Tpo -c -o cmd-run-acl.o cmd-run-acl.c
sbcl-bin	Install Roswell	2026-09-29T04:37:07.9470271Z mv -f .deps/cmd-run-acl.Tpo .deps/cmd-run-acl.Po
sbcl-bin	Install Roswell	2026-09-29T04:37:07.9499164Z gcc -DHAVE_CONFIG_H -I. -I..      -MT cmd-run-lispworks.o -MD -MP -MF .deps/cmd-run-lispworks.Tpo -c -o cmd-run-lispworks.o cmd-run-lispworks.c
sbcl-bin	Install Roswell	2026-09-29T04:37:07.9898142Z mv -f .deps/cmd-run-lispworks.Tpo .deps/cmd-run-lispworks.Po
sbcl-bin	Install Roswell	2026-09-29T04:37:07.9925838Z gcc -DHAVE_CONFIG_H -I. -I..      -MT cmd-run-npt.o -MD -MP -MF .deps/cmd-run-npt.Tpo -c -o cmd-run-npt.o cmd-run-npt.c
sbcl-bin	Install Roswell	2026-09-29T04:37:08.0330254Z mv -f .deps/cmd-run-npt.Tpo .deps/cmd-run-npt.Po
sbcl-bin	Install Roswell	2026-09-29T04:37:08.0358869Z gcc -DHAVE_CONFIG_H -I. -I..      -MT cmd-install.o -MD -MP -MF .deps/cmd-install.Tpo -c -o cmd-install.o cmd-install.c
sbcl-bin	Install Roswell	2026-09-29T04:37:08.0869084Z mv -f .deps/cmd-install.Tpo .deps/cmd-install.Po
sbcl-bin	Install Roswell	2026-09-29T04:37:08.0897992Z gcc -DHAVE_CONFIG_H -I. -I..      -MT install-sbcl-bin.o -MD -MP -MF .deps/install-sbcl-bin.Tpo -c -o install-sbcl-bin.o install-sbcl-bin.c
sbcl-bin	Install Roswell	2026-09-29T04:37:08.1414719Z mv -f .deps/install-sbcl-bin.Tpo .deps/install-sbcl-bin.Po
sbcl-bin	Install Roswell	2026-09-29T04:37:08.1443112Z gcc -DHAVE_CONFIG_H -I. -I..      -MT install-sbcl-bin_windows.o -MD -MP -MF .deps/install-sbcl-bin_windows.Tpo -c -o install-sbcl-bin_windows.o install-sbcl-bin_windows.c
sbcl-bin	Install Roswell	2026-09-29T04:37:08.1813650Z mv -f .deps/install-sbcl-bin_windows.Tpo .deps/install-sbcl-bin_windows.Po
sbcl-bin	Install Roswell	2026-09-29T04:37:08.1866764Z gcc     -o ros main.o opt.o download.o download_windows.o archive.o archive_windows.o register-commands.o tsv-sbcl-bin.o util.o util_windows.o util-list.o util-string.o util-dir.o util-dir_windows.o util-file.o util-file_windows.o util-system.o util-system_windows.o util-cmdline.o proc-opt.o manual.o manual_windows.o cmd-internal.o cmd-script.o cmd-run.o cmd-run-sbcl.o cmd-run-ccl.o cmd-run-clasp.o cmd-run-clisp.o cmd-run-ecl.o cmd-run-mkcl.o cmd-run-abcl.o cmd-run-cmu.o cmd-run-acl.o cmd-run-lispworks.o cmd-run-npt.o cmd-install.o install-sbcl-bin.o install-sbcl-bin_windows.o  -lcurl 
sbcl-bin	Install Roswell	2026-09-29T04:37:08.2488413Z make[2]: Leaving directory '/home/runner/.roswell/src'
sbcl-bin	Install Roswell	2026-09-29T04:37:08.2511420Z make[2]: Entering directory '/home/runner/.roswell'
sbcl-bin	Install Roswell	2026-09-29T04:37:08.2663521Z make[2]: Leaving directory '/home/runner/.roswell'
sbcl-bin	Install Roswell	2026-09-29T04:37:08.2667355Z make[1]: Leaving directory '/home/runner/.roswell'
sbcl-bin	Install Roswell	2026-09-29T04:37:08.2891793Z Making install in src
sbcl-bin	Install Roswell	2026-09-29T04:37:08.3085945Z make[1]: Entering directory '/home/runner/.roswell/src'
sbcl-bin	Install Roswell	2026-09-29T04:37:08.3086539Z printf '#define ROS_COMPILE_ENVIRONMENT "%s"\n' "`gcc --version|head -n 1`" > gend.h.tmp
sbcl-bin	Install Roswell	2026-09-29T04:37:08.3117105Z printf '#define ROS_REVISION "NO-GIT-REVISION"\n' >> gend.h.tmp
sbcl-bin	Install Roswell	2026-09-29T04:37:08.3129834Z printf '#define UNAME_M "x86_64"\n' >> gend.h.tmp
sbcl-bin	Install Roswell	2026-09-29T04:37:08.3142388Z printf '#define UNAME_S "Linux"\n' >> gend.h.tmp
sbcl-bin	Install Roswell	2026-09-29T04:37:08.3155532Z printf '#define PATCH_PATH "/usr/etc/roswell/patch"\n' >> gend.h.tmp
sbcl-bin	Install Roswell	2026-09-29T04:37:08.3168115Z printf '#define LISP_PATH "/usr/etc/roswell"\n' >> gend.h.tmp
sbcl-bin	Install Roswell	2026-09-29T04:37:08.3180577Z cmp -s gend.h.tmp gend.h||cp gend.h.tmp gend.h
sbcl-bin	Install Roswell	2026-09-29T04:37:08.3204123Z cat gend.h
sbcl-bin	Install Roswell	2026-09-29T04:37:08.3222910Z #define ROS_COMPILE_ENVIRONMENT "gcc (Ubuntu 13.3.0-6ubuntu2~24.04.1) 13.3.0"
sbcl-bin	Install Roswell	2026-09-29T04:37:08.3223569Z #define ROS_REVISION "NO-GIT-REVISION"
sbcl-bin	Install Roswell	2026-09-29T04:37:08.3224038Z #define UNAME_M "x86_64"
sbcl-bin	Install Roswell	2026-09-29T04:37:08.3224423Z #define UNAME_S "Linux"
sbcl-bin	Install Roswell	2026-09-29T04:37:08.3224814Z #define PATCH_PATH "/usr/etc/roswell/patch"
sbcl-bin	Install Roswell	2026-09-29T04:37:08.3225272Z #define LISP_PATH "/usr/etc/roswell"
sbcl-bin	Install Roswell	2026-09-29T04:37:08.3225573Z rm -f gend.h.tmp
sbcl-bin	Install Roswell	2026-09-29T04:37:08.3445263Z make[2]: Entering directory '/home/runner/.roswell/src'
sbcl-bin	Install Roswell	2026-09-29T04:37:08.3446075Z printf '#define ROS_COMPILE_ENVIRONMENT "%s"\n' "`gcc --version|head -n 1`" > gend.h.tmp
sbcl-bin	Install Roswell	2026-09-29T04:37:08.3476769Z printf '#define ROS_REVISION "NO-GIT-REVISION"\n' >> gend.h.tmp
sbcl-bin	Install Roswell	2026-09-29T04:37:08.3489191Z printf '#define UNAME_M "x86_64"\n' >> gend.h.tmp
sbcl-bin	Install Roswell	2026-09-29T04:37:08.3502194Z printf '#define UNAME_S "Linux"\n' >> gend.h.tmp
sbcl-bin	Install Roswell	2026-09-29T04:37:08.3515033Z printf '#define PATCH_PATH "/usr/etc/roswell/patch"\n' >> gend.h.tmp
sbcl-bin	Install Roswell	2026-09-29T04:37:08.3527535Z printf '#define LISP_PATH "/usr/etc/roswell"\n' >> gend.h.tmp
sbcl-bin	Install Roswell	2026-09-29T04:37:08.3539941Z cmp -s gend.h.tmp gend.h||cp gend.h.tmp gend.h
sbcl-bin	Install Roswell	2026-09-29T04:37:08.3563654Z cat gend.h
sbcl-bin	Install Roswell	2026-09-29T04:37:08.3582208Z #define ROS_COMPILE_ENVIRONMENT "gcc (Ubuntu 13.3.0-6ubuntu2~24.04.1) 13.3.0"
sbcl-bin	Install Roswell	2026-09-29T04:37:08.3582915Z #define ROS_REVISION "NO-GIT-REVISION"
sbcl-bin	Install Roswell	2026-09-29T04:37:08.3583263Z #define UNAME_M "x86_64"
sbcl-bin	Install Roswell	2026-09-29T04:37:08.3583619Z #define UNAME_S "Linux"
sbcl-bin	Install Roswell	2026-09-29T04:37:08.3584002Z #define PATCH_PATH "/usr/etc/roswell/patch"
sbcl-bin	Install Roswell	2026-09-29T04:37:08.3584317Z #define LISP_PATH "/usr/etc/roswell"
sbcl-bin	Install Roswell	2026-09-29T04:37:08.3584589Z rm -f gend.h.tmp
sbcl-bin	Install Roswell	2026-09-29T04:37:08.3623731Z  /usr/bin/mkdir -p '/usr/bin'
sbcl-bin	Install Roswell	2026-09-29T04:37:08.3666400Z   /usr/bin/install -c ros '/usr/bin'
sbcl-bin	Install Roswell	2026-09-29T04:37:08.3685285Z make[2]: Nothing to be done for 'install-data-am'.
sbcl-bin	Install Roswell	2026-09-29T04:37:08.3685862Z make[2]: Leaving directory '/home/runner/.roswell/src'
sbcl-bin	Install Roswell	2026-09-29T04:37:08.3687869Z make[1]: Leaving directory '/home/runner/.roswell/src'
sbcl-bin	Install Roswell	2026-09-29T04:37:08.3709512Z make[1]: Entering directory '/home/runner/.roswell'
sbcl-bin	Install Roswell	2026-09-29T04:37:08.3874965Z make[2]: Entering directory '/home/runner/.roswell'
sbcl-bin	Install Roswell	2026-09-29T04:37:08.3978945Z make[2]: Nothing to be done for 'install-exec-am'.
sbcl-bin	Install Roswell	2026-09-29T04:37:08.3998616Z  /usr/bin/mkdir -p '/usr/etc/roswell'
sbcl-bin	Install Roswell	2026-09-29T04:37:08.4038540Z  /usr/bin/install -c -m 644 lisp/helper.el lisp/init.lisp lisp/util.lisp lisp/util-main.lisp lisp/util-swank.lisp lisp/locations.lisp lisp/patch-quicklisp.lisp lisp/extend-quicklisp.lisp lisp/extend-quicklisp-system.lisp lisp/system.lisp lisp/build-ros.lisp lisp/build-asd.lisp lisp/client-swank.lisp lisp/util-config.lisp lisp/dist-list.lisp lisp/dist-clean.lisp lisp/dist-enable.lisp lisp/dist-disable.lisp lisp/dist-add.lisp lisp/dist-delete.lisp lisp/dist-use.lisp lisp/dist-versions.lisp lisp/dist-preference.lisp lisp/dist-default.lisp lisp/delete-default.lisp lisp/delete-dump.lisp lisp/delete-git.lisp lisp/delete-asdf.lisp lisp/delete-env.lisp lisp/util-dump.lisp lisp/dump-ccl.lisp lisp/dump-clisp.lisp lisp/dump-cmucl.lisp lisp/dump-ecl.lisp lisp/dump-sbcl.lisp lisp/help-install.lisp lisp/help-options.lisp lisp/help-run.lisp lisp/init-default.lisp lisp/init-env.lisp '/usr/etc/roswell'
sbcl-bin	Install Roswell	2026-09-29T04:37:08.4080160Z  /usr/bin/install -c -m 644 lisp/init-dist.lisp lisp/util-install.lisp lisp/util-install-quicklisp.lisp lisp/install+7zip.lisp lisp/install-abcl-bin.lisp lisp/install-allegro.lisp lisp/install-ccl-bin.lisp lisp/install-clasp-bin.lisp lisp/install-clasp.lisp lisp/install-clisp.lisp lisp/install-clisp-head.lisp lisp/install-cmu-bin.lisp lisp/install-ecl.lisp lisp/install-quicklisp.lisp lisp/install-sbcl-bin.lisp lisp/install-sbcl.lisp lisp/install-sbcl-source.lisp lisp/install-sbcl-head.lisp lisp/install-slime.lisp lisp/install-sly.lisp lisp/install-lispworks.lisp lisp/install-mkcl.lisp lisp/install-npt.lisp lisp/install+externals-clasp.lisp lisp/install+ffcall.lisp lisp/install+msys2.lisp lisp/install+sigsegv.lisp lisp/install-asdf.lisp lisp/serve-default.lisp lisp/serve-swank.lisp lisp/update-git.lisp lisp/update-hg.lisp lisp/update-quicklisp.lisp lisp/update-default.lisp lisp/list-default.lisp lisp/list-dump.lisp lisp/list-git.lisp lisp/list-installed.lisp lisp/list-versions.lisp lisp/list-asdf.lisp '/usr/etc/roswell'
sbcl-bin	Install Roswell	2026-09-29T04:37:08.4111840Z  /usr/bin/install -c -m 644 lisp/list-env.lisp lisp/util-template.lisp lisp/util-use.lisp lisp/use-asdf.lisp lisp/use-env.lisp '/usr/etc/roswell'
sbcl-bin	Install Roswell	2026-09-29T04:37:08.4146418Z  /usr/bin/mkdir -p '/usr/etc/roswell'
sbcl-bin	Install Roswell	2026-09-29T04:37:08.4192018Z  /usr/bin/install -c lisp/balus.ros lisp/build.ros lisp/checkout.ros lisp/client.ros lisp/config.ros lisp/compile-file.ros lisp/ecl-config.ros lisp/emacs.ros lisp/exec.ros lisp/dist.ros lisp/fmt.ros lisp/get.ros lisp/git.ros lisp/hg.ros lisp/run.ros lisp/setup.ros lisp/shell.ros lisp/version.ros lisp/wait.ros lisp/delete.ros lisp/dump.ros lisp/help.ros lisp/init.ros lisp/install.ros lisp/serve.ros lisp/update.ros lisp/list.ros lisp/make-depends.ros lisp/template.ros lisp/use.ros lisp/which.ros '/usr/etc/roswell'
sbcl-bin	Install Roswell	2026-09-29T04:37:08.4238441Z  /usr/bin/mkdir -p '/usr/etc/roswell/patch'
sbcl-bin	Install Roswell	2026-09-29T04:37:08.4267147Z  /usr/bin/install -c -m 644 patch/sbcl-1.3.11.patch patch/sbcl-posix-tests.patch '/usr/etc/roswell/patch'
sbcl-bin	Install Roswell	2026-09-29T04:37:08.4304323Z  /usr/bin/mkdir -p '/usr/share/man/man1'
sbcl-bin	Install Roswell	2026-09-29T04:37:08.4370694Z  /usr/bin/install -c -m 644 documents/man/ros.1 documents/man/ros-checkout.1 documents/man/ros-dump.1 documents/man/ros-init.1 documents/man/ros-install.1 documents/man/ros-list.1 documents/man/ros-setup.1 documents/man/ros-template.1 documents/man/ros-config.1 documents/man/ros-delete.1 documents/man/ros-emacs.1 documents/man/ros-run.1 documents/man/ros-use.1 documents/man/ros-wait.1 documents/man/ros-asdf.1 documents/man/ros-build.1 documents/man/ros-update.1 documents/man/ros-help.1 documents/man/ros-client.1 documents/man/ros-serve.1 '/usr/share/man/man1'
sbcl-bin	Install Roswell	2026-09-29T04:37:08.4431866Z make[2]: Leaving directory '/home/runner/.roswell'
sbcl-bin	Install Roswell	2026-09-29T04:37:08.4434340Z make[1]: Leaving directory '/home/runner/.roswell'
sbcl-bin	Install Roswell	2026-09-29T04:37:08.4451158Z Roswell has been installed.
sbcl-bin	Install Roswell	2026-09-29T04:37:08.4451561Z Installing sbcl-bin...
sbcl-bin	Install Roswell	2026-09-29T04:37:08.4532095Z Installing sbcl-bin...
sbcl-bin	Install Roswell	2026-09-29T04:37:08.6579274Z 
sbcl-bin	Install Roswell	2026-09-29T04:37:08.6596330Z [##########################################################################]100%
sbcl-bin	Install Roswell	2026-09-29T04:37:08.6658538Z No SBCL version specified. Downloading sbcl-bin_uri.tsv to see the available versions...
sbcl-bin	Install Roswell	2026-09-29T04:37:08.6659280Z Installing sbcl-bin/2.6.9...
sbcl-bin	Install Roswell	2026-09-29T04:37:08.6697728Z No SBCL version specified. Downloading sbcl-bin_uri.tsv to see the available versions...
sbcl-bin	Install Roswell	2026-09-29T04:37:08.6698456Z Installing sbcl-bin/2.6.9...
sbcl-bin	Install Roswell	2026-09-29T04:37:08.6769021Z No SBCL version specified. Downloading sbcl-bin_uri.tsv to see the available versions...
sbcl-bin	Install Roswell	2026-09-29T04:37:08.6769743Z Installing sbcl-bin/2.6.9...
sbcl-bin	Install Roswell	2026-09-29T04:37:08.6770287Z Downloading https://github.com/roswell/sbcl_bin/releases/download/2.6.9/sbcl-2.6.9-x86-64-linux-binary.tar.bz2
sbcl-bin	Install Roswell	2026-09-29T04:37:08.8216183Z 
sbcl-bin	Install Roswell	2026-09-29T04:37:08.8251833Z [                                                                          ]  0%
sbcl-bin	Install Roswell	2026-09-29T04:37:08.8264420Z [                                                                          ]  1%
sbcl-bin	Install Roswell	2026-09-29T04:37:08.8271110Z [#                                                                         ]  1%
sbcl-bin	Install Roswell	2026-09-29T04:37:08.8339129Z [#                                                                         ]  2%
sbcl-bin	Install Roswell	2026-09-29T04:37:08.8341650Z [##                                                                        ]  2%
sbcl-bin	Install Roswell	2026-09-29T04:37:08.8359571Z [##                                                                        ]  3%
sbcl-bin	Install Roswell	2026-09-29T04:37:08.8360367Z [##                                                                        ]  4%
sbcl-bin	Install Roswell	2026-09-29T04:37:08.8375818Z [###                                                                       ]  4%
sbcl-bin	Install Roswell	2026-09-29T04:37:08.8376566Z [###                                                                       ]  5%
sbcl-bin	Install Roswell	2026-09-29T04:37:08.8388958Z [####                                                                      ]  5%
sbcl-bin	Install Roswell	2026-09-29T04:37:08.8391777Z [####                                                                      ]  6%
sbcl-bin	Install Roswell	2026-09-29T04:37:08.8395076Z [#####                                                                     ]  6%
sbcl-bin	Install Roswell	2026-09-29T04:37:08.8397679Z [#####                                                                     ]  7%
sbcl-bin	Install Roswell	2026-09-29T04:37:08.8398157Z [#####                                                                     ]  8%
sbcl-bin	Install Roswell	2026-09-29T04:37:08.8408299Z [######                                                                    ]  8%
sbcl-bin	Install Roswell	2026-09-29T04:37:08.8412202Z [######                                                                    ]  9%
sbcl-bin	Install Roswell	2026-09-29T04:37:08.8413065Z [#######                                                                   ]  9%
sbcl-bin	Install Roswell	2026-09-29T04:37:08.8416415Z [#######                                                                   ] 10%
sbcl-bin	Install Roswell	2026-09-29T04:37:08.8416992Z [########                                                                  ] 10%
sbcl-bin	Install Roswell	2026-09-29T04:37:08.8422939Z [########                                                                  ] 11%
sbcl-bin	Install Roswell	2026-09-29T04:37:08.8423535Z [########                                                                  ] 12%
sbcl-bin	Install Roswell	2026-09-29T04:37:08.8427410Z [#########                                                                 ] 12%
sbcl-bin	Install Roswell	2026-09-29T04:37:08.8430687Z [#########                                                                 ] 13%
sbcl-bin	Install Roswell	2026-09-29T04:37:08.8431665Z [##########                                                                ] 13%
sbcl-bin	Install Roswell	2026-09-29T04:37:08.8438112Z [##########                                                                ] 14%
sbcl-bin	Install Roswell	2026-09-29T04:37:08.8438666Z [###########                                                               ] 14%
sbcl-bin	Install Roswell	2026-09-29T04:37:08.8454673Z [###########                                                               ] 15%
sbcl-bin	Install Roswell	2026-09-29T04:37:08.8455682Z [###########                                                               ] 16%
sbcl-bin	Install Roswell	2026-09-29T04:37:08.8464921Z [############                                                              ] 16%
sbcl-bin	Install Roswell	2026-09-29T04:37:08.8466007Z [############                                                              ] 17%
sbcl-bin	Install Roswell	2026-09-29T04:37:08.8466809Z [#############                                                             ] 17%
sbcl-bin	Install Roswell	2026-09-29T04:37:08.8468858Z [#############                                                             ] 18%
sbcl-bin	Install Roswell	2026-09-29T04:37:08.8469393Z [##############                                                            ] 18%
sbcl-bin	Install Roswell	2026-09-29T04:37:08.8471459Z [##############                                                            ] 19%
sbcl-bin	Install Roswell	2026-09-29T04:37:08.8475487Z [##############                                                            ] 20%
sbcl-bin	Install Roswell	2026-09-29T04:37:08.8475952Z [###############                                                           ] 20%
sbcl-bin	Install Roswell	2026-09-29T04:37:08.8481287Z [###############                                                           ] 21%
sbcl-bin	Install Roswell	2026-09-29T04:37:08.8481923Z [################                                                          ] 21%
sbcl-bin	Install Roswell	2026-09-29T04:37:08.8484333Z [################                                                          ] 22%
sbcl-bin	Install Roswell	2026-09-29T04:37:08.8490372Z [#################                                                         ] 23%
sbcl-bin	Install Roswell	2026-09-29T04:37:08.8491054Z [#################                                                         ] 24%
sbcl-bin	Install Roswell	2026-09-29T04:37:08.8503947Z [##################                                                        ] 24%
sbcl-bin	Install Roswell	2026-09-29T04:37:08.8504983Z [##################                                                        ] 25%
sbcl-bin	Install Roswell	2026-09-29T04:37:08.8505869Z [###################                                                       ] 25%
sbcl-bin	Install Roswell	2026-09-29T04:37:08.8508095Z [###################                                                       ] 26%
sbcl-bin	Install Roswell	2026-09-29T04:37:08.8510274Z [####################                                                      ] 27%
sbcl-bin	Install Roswell	2026-09-29T04:37:08.8512320Z [####################                                                      ] 28%
sbcl-bin	Install Roswell	2026-09-29T04:37:08.8513824Z [#####################                                                     ] 28%
sbcl-bin	Install Roswell	2026-09-29T04:37:08.8514828Z [#####################                                                     ] 29%
sbcl-bin	Install Roswell	2026-09-29T04:37:08.8529390Z [######################                                                    ] 29%
sbcl-bin	Install Roswell	2026-09-29T04:37:08.8530958Z [######################                                                    ] 30%
sbcl-bin	Install Roswell	2026-09-29T04:37:08.8531480Z [######################                                                    ] 31%
sbcl-bin	Install Roswell	2026-09-29T04:37:08.8543360Z [#######################                                                   ] 31%
sbcl-bin	Install Roswell	2026-09-29T04:37:08.8543917Z [#######################                                                   ] 32%
sbcl-bin	Install Roswell	2026-09-29T04:37:08.8544427Z [########################                                                  ] 32%
sbcl-bin	Install Roswell	2026-09-29T04:37:08.8544778Z [########################                                                  ] 33%
sbcl-bin	Install Roswell	2026-09-29T04:37:08.8545131Z [#########################                                                 ] 33%
sbcl-bin	Install Roswell	2026-09-29T04:37:08.8545456Z [#########################                                                 ] 34%
sbcl-bin	Install Roswell	2026-09-29T04:37:08.8545781Z [#########################                                                 ] 35%
sbcl-bin	Install Roswell	2026-09-29T04:37:08.8546120Z [##########################                                                ] 35%
sbcl-bin	Install Roswell	2026-09-29T04:37:08.8546447Z [##########################                                                ] 36%
sbcl-bin	Install Roswell	2026-09-29T04:37:08.8546882Z [###########################                                               ] 36%
sbcl-bin	Install Roswell	2026-09-29T04:37:08.8554236Z [###########################                                               ] 37%
sbcl-bin	Install Roswell	2026-09-29T04:37:08.8554786Z [############################                                              ] 37%
sbcl-bin	Install Roswell	2026-09-29T04:37:08.8556104Z [############################                                              ] 38%
sbcl-bin	Install Roswell	2026-09-29T04:37:08.8556673Z [############################                                              ] 39%
sbcl-bin	Install Roswell	2026-09-29T04:37:08.8557876Z [#############################                                             ] 39%
sbcl-bin	Install Roswell	2026-09-29T04:37:08.8558804Z [#############################                                             ] 40%
sbcl-bin	Install Roswell	2026-09-29T04:37:08.8559796Z [##############################                                            ] 40%
sbcl-bin	Install Roswell	2026-09-29T04:37:08.8561290Z [##############################                                            ] 41%
sbcl-bin	Install Roswell	2026-09-29T04:37:08.8561812Z [###############################                                           ] 41%
sbcl-bin	Install Roswell	2026-09-29T04:37:08.8564048Z [###############################                                           ] 42%
sbcl-bin	Install Roswell	2026-09-29T04:37:08.8564581Z [###############################                                           ] 43%
sbcl-bin	Install Roswell	2026-09-29T04:37:08.8578562Z [################################                                          ] 43%
sbcl-bin	Install Roswell	2026-09-29T04:37:08.8579260Z [################################                                          ] 44%
sbcl-bin	Install Roswell	2026-09-29T04:37:08.8580099Z [#################################                                         ] 44%
sbcl-bin	Install Roswell	2026-09-29T04:37:08.8582080Z [#################################                                         ] 45%
sbcl-bin	Install Roswell	2026-09-29T04:37:08.8582832Z [##################################                                        ] 45%
sbcl-bin	Install Roswell	2026-09-29T04:37:08.8584492Z [##################################                                        ] 46%
sbcl-bin	Install Roswell	2026-09-29T04:37:08.8585015Z [##################################                                        ] 47%
sbcl-bin	Install Roswell	2026-09-29T04:37:08.8586452Z [###################################                                       ] 47%
sbcl-bin	Install Roswell	2026-09-29T04:37:08.8587195Z [###################################                                       ] 48%
sbcl-bin	Install Roswell	2026-09-29T04:37:08.8587963Z [####################################                                      ] 48%
sbcl-bin	Install Roswell	2026-09-29T04:37:08.8590192Z [####################################                                      ] 49%
sbcl-bin	Install Roswell	2026-09-29T04:37:08.8609738Z [#####################################                                     ] 50%
sbcl-bin	Install Roswell	2026-09-29T04:37:08.8610841Z [#####################################                                     ] 51%
sbcl-bin	Install Roswell	2026-09-29T04:37:08.8611360Z [######################################                                    ] 51%
sbcl-bin	Install Roswell	2026-09-29T04:37:08.8612445Z [######################################                                    ] 52%
sbcl-bin	Install Roswell	2026-09-29T04:37:08.8613721Z [#######################################                                   ] 52%
sbcl-bin	Install Roswell	2026-09-29T04:37:08.8614636Z [#######################################                                   ] 53%
sbcl-bin	Install Roswell	2026-09-29T04:37:08.8615697Z [#######################################                                   ] 54%
sbcl-bin	Install Roswell	2026-09-29T04:37:08.8616371Z [########################################                                  ] 54%
sbcl-bin	Install Roswell	2026-09-29T04:37:08.8617198Z [########################################                                  ] 55%
sbcl-bin	Install Roswell	2026-09-29T04:37:08.8618170Z [#########################################                                 ] 55%
sbcl-bin	Install Roswell	2026-09-29T04:37:08.8619654Z [#########################################                                 ] 56%
sbcl-bin	Install Roswell	2026-09-29T04:37:08.8620147Z [##########################################                                ] 56%
sbcl-bin	Install Roswell	2026-09-29T04:37:08.8621827Z [##########################################                                ] 57%
sbcl-bin	Install Roswell	2026-09-29T04:37:08.8622159Z [##########################################                                ] 58%
sbcl-bin	Install Roswell	2026-09-29T04:37:08.8624225Z [###########################################                               ] 58%
sbcl-bin	Install Roswell	2026-09-29T04:37:08.8625004Z [###########################################                               ] 59%
sbcl-bin	Install Roswell	2026-09-29T04:37:08.8626103Z [############################################                              ] 59%
sbcl-bin	Install Roswell	2026-09-29T04:37:08.8636724Z [############################################                              ] 60%
sbcl-bin	Install Roswell	2026-09-29T04:37:08.8637237Z [#############################################                             ] 60%
sbcl-bin	Install Roswell	2026-09-29T04:37:08.8638740Z [#############################################                             ] 61%
sbcl-bin	Install Roswell	2026-09-29T04:37:08.8639082Z [#############################################                             ] 62%
sbcl-bin	Install Roswell	2026-09-29T04:37:08.8640479Z [##############################################                            ] 62%
sbcl-bin	Install Roswell	2026-09-29T04:37:08.8641463Z [##############################################                            ] 63%
sbcl-bin	Install Roswell	2026-09-29T04:37:08.8642437Z [###############################################                           ] 63%
sbcl-bin	Install Roswell	2026-09-29T04:37:08.8644328Z [###############################################                           ] 64%
sbcl-bin	Install Roswell	2026-09-29T04:37:08.8644839Z [################################################                          ] 64%
sbcl-bin	Install Roswell	2026-09-29T04:37:08.8646325Z [################################################                          ] 65%
sbcl-bin	Install Roswell	2026-09-29T04:37:08.8646863Z [################################################                          ] 66%
sbcl-bin	Install Roswell	2026-09-29T04:37:08.8663635Z [#################################################                         ] 66%
sbcl-bin	Install Roswell	2026-09-29T04:37:08.8664537Z [#################################################                         ] 67%
sbcl-bin	Install Roswell	2026-09-29T04:37:08.8678090Z [##################################################                        ] 67%
sbcl-bin	Install Roswell	2026-09-29T04:37:08.8679615Z [##################################################                        ] 68%
sbcl-bin	Install Roswell	2026-09-29T04:37:08.8681569Z [###################################################                       ] 69%
sbcl-bin	Install Roswell	2026-09-29T04:37:08.8682077Z [###################################################                       ] 70%
sbcl-bin	Install Roswell	2026-09-29T04:37:08.8683655Z [####################################################                      ] 70%
sbcl-bin	Install Roswell	2026-09-29T04:37:08.8685305Z [####################################################                      ] 71%
sbcl-bin	Install Roswell	2026-09-29T04:37:08.8685933Z [#####################################################                     ] 71%
sbcl-bin	Install Roswell	2026-09-29T04:37:08.8687357Z [#####################################################                     ] 72%
sbcl-bin	Install Roswell	2026-09-29T04:37:08.8689037Z [######################################################                    ] 72%
sbcl-bin	Install Roswell	2026-09-29T04:37:08.8689573Z [######################################################                    ] 73%
sbcl-bin	Install Roswell	2026-09-29T04:37:08.8690898Z [######################################################                    ] 74%
sbcl-bin	Install Roswell	2026-09-29T04:37:08.8691422Z [#######################################################                   ] 74%
sbcl-bin	Install Roswell	2026-09-29T04:37:08.8708777Z [#######################################################                   ] 75%
sbcl-bin	Install Roswell	2026-09-29T04:37:08.8709356Z [########################################################                  ] 75%
sbcl-bin	Install Roswell	2026-09-29T04:37:08.8711412Z [########################################################                  ] 76%
sbcl-bin	Install Roswell	2026-09-29T04:37:08.8713190Z [#########################################################                 ] 77%
sbcl-bin	Install Roswell	2026-09-29T04:37:08.8713807Z [#########################################################                 ] 78%
sbcl-bin	Install Roswell	2026-09-29T04:37:08.8715010Z [##########################################################                ] 78%
sbcl-bin	Install Roswell	2026-09-29T04:37:08.8716373Z [##########################################################                ] 79%
sbcl-bin	Install Roswell	2026-09-29T04:37:08.8716930Z [###########################################################               ] 79%
sbcl-bin	Install Roswell	2026-09-29T04:37:08.8718866Z [###########################################################               ] 80%
sbcl-bin	Install Roswell	2026-09-29T04:37:08.8719520Z [###########################################################               ] 81%
sbcl-bin	Install Roswell	2026-09-29T04:37:08.8720528Z [############################################################              ] 81%
sbcl-bin	Install Roswell	2026-09-29T04:37:08.8722112Z [############################################################              ] 82%
sbcl-bin	Install Roswell	2026-09-29T04:37:08.8722768Z [#############################################################             ] 82%
sbcl-bin	Install Roswell	2026-09-29T04:37:08.8723998Z [#############################################################             ] 83%
sbcl-bin	Install Roswell	2026-09-29T04:37:08.8724755Z [##############################################################            ] 83%
sbcl-bin	Install Roswell	2026-09-29T04:37:08.8751811Z [##############################################################            ] 84%
sbcl-bin	Install Roswell	2026-09-29T04:37:08.8752848Z [##############################################################            ] 85%
sbcl-bin	Install Roswell	2026-09-29T04:37:08.8753408Z [###############################################################           ] 85%
sbcl-bin	Install Roswell	2026-09-29T04:37:08.8753924Z [###############################################################           ] 86%
sbcl-bin	Install Roswell	2026-09-29T04:37:08.8754396Z [################################################################          ] 86%
sbcl-bin	Install Roswell	2026-09-29T04:37:08.8754708Z [################################################################          ] 87%
sbcl-bin	Install Roswell	2026-09-29T04:37:08.8755026Z [#################################################################         ] 87%
sbcl-bin	Install Roswell	2026-09-29T04:37:08.8755349Z [#################################################################         ] 88%
sbcl-bin	Install Roswell	2026-09-29T04:37:08.8755689Z [#################################################################         ] 89%
sbcl-bin	Install Roswell	2026-09-29T04:37:08.8756043Z [##################################################################        ] 89%
sbcl-bin	Install Roswell	2026-09-29T04:37:08.8763258Z [##################################################################        ] 90%
sbcl-bin	Install Roswell	2026-09-29T04:37:08.8763645Z [###################################################################       ] 90%
sbcl-bin	Install Roswell	2026-09-29T04:37:08.8763960Z [###################################################################       ] 91%
sbcl-bin	Install Roswell	2026-09-29T04:37:08.8764275Z [####################################################################      ] 91%
sbcl-bin	Install Roswell	2026-09-29T04:37:08.8764591Z [####################################################################      ] 92%
sbcl-bin	Install Roswell	2026-09-29T04:37:08.8764907Z [####################################################################      ] 93%
sbcl-bin	Install Roswell	2026-09-29T04:37:08.8765223Z [#####################################################################     ] 93%
sbcl-bin	Install Roswell	2026-09-29T04:37:08.8765723Z [#####################################################################     ] 94%
sbcl-bin	Install Roswell	2026-09-29T04:37:08.8766048Z [######################################################################    ] 94%
sbcl-bin	Install Roswell	2026-09-29T04:37:08.8766370Z [######################################################################    ] 95%
sbcl-bin	Install Roswell	2026-09-29T04:37:08.8766695Z [#######################################################################   ] 95%
sbcl-bin	Install Roswell	2026-09-29T04:37:08.8771249Z [#######################################################################   ] 96%
sbcl-bin	Install Roswell	2026-09-29T04:37:08.8771688Z [#######################################################################   ] 97%
sbcl-bin	Install Roswell	2026-09-29T04:37:08.8773464Z [########################################################################  ] 97%
sbcl-bin	Install Roswell	2026-09-29T04:37:08.8774721Z [########################################################################  ] 98%
sbcl-bin	Install Roswell	2026-09-29T04:37:08.8775547Z [######################################################################### ] 98%
sbcl-bin	Install Roswell	2026-09-29T04:37:08.8777567Z [######################################################################### ] 99%
sbcl-bin	Install Roswell	2026-09-29T04:37:08.8798223Z [##########################################################################]100%
sbcl-bin	Install Roswell	2026-09-29T04:37:08.8889683Z No SBCL version specified. Downloading sbcl-bin_uri.tsv to see the available versions...
sbcl-bin	Install Roswell	2026-09-29T04:37:08.8890216Z Installing sbcl-bin/2.6.9...
sbcl-bin	Install Roswell	2026-09-29T04:37:08.8890738Z Downloading https://github.com/roswell/sbcl_bin/releases/download/2.6.9/sbcl-2.6.9-x86-64-linux-binary.tar.bz2
sbcl-bin	Install Roswell	2026-09-29T04:37:08.8891440Z Extracting sbcl-bin-2.6.9-x86-64-linux.tar.bz2 to /home/runner/.roswell/src/sbcl-2.6.9-x86-64-linux/
sbcl-bin	Install Roswell	2026-09-29T04:37:10.8159941Z No SBCL version specified. Downloading sbcl-bin_uri.tsv to see the available versions...
sbcl-bin	Install Roswell	2026-09-29T04:37:10.8160773Z Installing sbcl-bin/2.6.9...
sbcl-bin	Install Roswell	2026-09-29T04:37:10.8161586Z Downloading https://github.com/roswell/sbcl_bin/releases/download/2.6.9/sbcl-2.6.9-x86-64-linux-binary.tar.bz2
sbcl-bin	Install Roswell	2026-09-29T04:37:10.8162952Z Extracting sbcl-bin-2.6.9-x86-64-linux.tar.bz2 to /home/runner/.roswell/src/sbcl-2.6.9-x86-64-linux/
sbcl-bin	Install Roswell	2026-09-29T04:37:10.8214694Z No SBCL version specified. Downloading sbcl-bin_uri.tsv to see the available versions...
sbcl-bin	Install Roswell	2026-09-29T04:37:10.8215458Z Installing sbcl-bin/2.6.9...
sbcl-bin	Install Roswell	2026-09-29T04:37:10.8216559Z Downloading https://github.com/roswell/sbcl_bin/releases/download/2.6.9/sbcl-2.6.9-x86-64-linux-binary.tar.bz2
sbcl-bin	Install Roswell	2026-09-29T04:37:10.8217695Z Extracting sbcl-bin-2.6.9-x86-64-linux.tar.bz2 to /home/runner/.roswell/src/sbcl-2.6.9-x86-64-linux/
sbcl-bin	Install Roswell	2026-09-29T04:37:11.2466134Z Building sbcl-bin/2.6.9...patchelf sbcl Done.Install Script for sbcl-bin...
sbcl-bin	Install Roswell	2026-09-29T04:37:34.9368756Z Installing Quicklisp... Done 10783
sbcl-bin	Install Roswell	2026-09-29T04:37:35.0031468Z Making core for Roswell...
sbcl-bin	Install Roswell	2026-09-29T04:37:35.7571690Z $ ros quicklisp.dist=http://beta.quicklisp.org/dist/quicklisp.txt setup
sbcl-bin	Install Roswell	2026-09-29T04:37:36.3583806Z 
sbcl-bin	Install Roswell	2026-09-29T04:37:36.3584695Z $ ros version
sbcl-bin	Install Roswell	2026-09-29T04:37:36.6471315Z roswell 26.02.116(NO-GIT-REVISION)
sbcl-bin	Install Roswell	2026-09-29T04:37:36.6471775Z build with gcc (Ubuntu 13.3.0-6ubuntu2~24.04.1) 13.3.0
sbcl-bin	Install Roswell	2026-09-29T04:37:36.6472134Z libcurl=8.5.0
sbcl-bin	Install Roswell	2026-09-29T04:37:36.6555019Z Quicklisp=2021-02-13
sbcl-bin	Install Roswell	2026-09-29T04:37:36.6555370Z Dist=2026-01-01
sbcl-bin	Install Roswell	2026-09-29T04:37:36.6555602Z lispdir='/usr/etc/roswell/'
sbcl-bin	Install Roswell	2026-09-29T04:37:36.6555869Z homedir='/home/runner/.roswell/'
sbcl-bin	Install Roswell	2026-09-29T04:37:36.6556149Z sbcl-bin-variant=''
sbcl-bin	Install Roswell	2026-09-29T04:37:36.6564170Z 
sbcl-bin	Install Roswell	2026-09-29T04:37:37.1575654Z SBCL 2.6.9.roswell up and running! (ASDF 3.3.1)
sbcl-bin	Install Roswell	2026-09-29T04:37:37.1576091Z 
sbcl-bin	Install Roswell	2026-09-29T04:37:37.1627798Z ASDF source registry configurations at /home/runner/.config/common-lisp/source-registry.conf.d/ci.conf.
sbcl-bin	Install frozen Quicklisp distribution	﻿2026-09-29T04:37:37.1664288Z ##[group]Run ros -e '(ql-dist:install-dist "http://beta.quicklisp.org/dist/quicklisp/2026-01-01/distinfo.txt" :prompt nil :replace t)'
sbcl-bin	Install frozen Quicklisp distribution	2026-09-29T04:37:37.1665242Z ^[[36;1mros -e '(ql-dist:install-dist "http://beta.quicklisp.org/dist/quicklisp/2026-01-01/distinfo.txt" :prompt nil :replace t)'^[[0m
sbcl-bin	Install frozen Quicklisp distribution	2026-09-29T04:37:37.1732772Z shell: /usr/bin/bash -e {0}
sbcl-bin	Install frozen Quicklisp distribution	2026-09-29T04:37:37.1733047Z ##[endgroup]
sbcl-bin	Install frozen Quicklisp distribution	2026-09-29T04:37:37.7549784Z Downloading http://beta.quicklisp.org/dist/quicklisp/2026-01-01/distinfo.txt
sbcl-bin	Install frozen Quicklisp distribution	2026-09-29T04:37:37.7550343Z ##########################################################################
sbcl-bin	Install frozen Quicklisp distribution	2026-09-29T04:37:37.8848637Z Installing dist "quicklisp" version "2026-01-01".
sbcl-bin	Install frozen Quicklisp distribution	2026-09-29T04:37:37.9582307Z Downloading http://beta.quicklisp.org/dist/quicklisp/2026-01-01/releases.txt
sbcl-bin	Install frozen Quicklisp distribution	2026-09-29T04:37:37.9583043Z ##########################################################################
sbcl-bin	Install frozen Quicklisp distribution	2026-09-29T04:37:38.0194823Z Downloading http://beta.quicklisp.org/dist/quicklisp/2026-01-01/systems.txt
sbcl-bin	Install frozen Quicklisp distribution	2026-09-29T04:37:38.0195664Z ##########################################################################
sbcl-bin	Install Rove	﻿2026-09-29T04:37:38.0504277Z ##[group]Run ros install rove
sbcl-bin	Install Rove	2026-09-29T04:37:38.0504590Z ^[[36;1mros install rove^[[0m
sbcl-bin	Install Rove	2026-09-29T04:37:38.0570204Z shell: /usr/bin/bash -e {0}
sbcl-bin	Install Rove	2026-09-29T04:37:38.0570476Z ##[endgroup]
sbcl-bin	Install Rove	2026-09-29T04:37:39.5781955Z To load "rove":
sbcl-bin	Install Rove	2026-09-29T04:37:39.5782291Z   Load 2 ASDF systems:
sbcl-bin	Install Rove	2026-09-29T04:37:39.5782772Z     asdf cl-ppcre
sbcl-bin	Install Rove	2026-09-29T04:37:39.5783019Z   Install 8 Quicklisp releases:
sbcl-bin	Install Rove	2026-09-29T04:37:39.5783343Z     alexandria bordeaux-threads dissect global-vars rove
sbcl-bin	Install Rove	2026-09-29T04:37:39.5783733Z     trivial-features trivial-garbage trivial-gray-streams
sbcl-bin	Install Rove	2026-09-29T04:37:39.6317436Z Downloading http://beta.quicklisp.org/archive/trivial-gray-streams/2024-10-12/trivial-gray-streams-20241012-git.tgz
sbcl-bin	Install Rove	2026-09-29T04:37:39.6318138Z ##########################################################################
sbcl-bin	Install Rove	2026-09-29T04:37:39.7288220Z Downloading http://beta.quicklisp.org/archive/dissect/2026-01-01/dissect-20260101-git.tgz
sbcl-bin	Install Rove	2026-09-29T04:37:39.7289066Z ##########################################################################
sbcl-bin	Install Rove	2026-09-29T04:37:39.8233160Z Downloading http://beta.quicklisp.org/archive/trivial-garbage/2023-10-21/trivial-garbage-20231021-git.tgz
sbcl-bin	Install Rove	2026-09-29T04:37:39.8234116Z ##########################################################################
sbcl-bin	Install Rove	2026-09-29T04:37:39.9172719Z Downloading http://beta.quicklisp.org/archive/trivial-features/2025-06-22/trivial-features-20250622-git.tgz
sbcl-bin	Install Rove	2026-09-29T04:37:39.9173472Z ##########################################################################
sbcl-bin	Install Rove	2026-09-29T04:37:40.0150421Z Downloading http://beta.quicklisp.org/archive/global-vars/2014-11-06/global-vars-20141106-git.tgz
sbcl-bin	Install Rove	2026-09-29T04:37:40.0151111Z ##########################################################################
sbcl-bin	Install Rove	2026-09-29T04:37:40.1108799Z Downloading http://beta.quicklisp.org/archive/alexandria/2024-10-12/alexandria-20241012-git.tgz
sbcl-bin	Install Rove	2026-09-29T04:37:40.1109451Z ##########################################################################
sbcl-bin	Install Rove	2026-09-29T04:37:40.2351281Z Downloading http://beta.quicklisp.org/archive/bordeaux-threads/2024-10-12/bordeaux-threads-v0.9.4.tgz
sbcl-bin	Install Rove	2026-09-29T04:37:40.2352240Z ##########################################################################
sbcl-bin	Install Rove	2026-09-29T04:37:40.3626502Z Downloading http://beta.quicklisp.org/archive/rove/2026-01-01/rove-20260101-git.tgz
sbcl-bin	Install Rove	2026-09-29T04:37:40.3627165Z ##########################################################################
sbcl-bin	Install Rove	2026-09-29T04:37:40.4063835Z ; Loading "rove"
sbcl-bin	Install Rove	2026-09-29T04:37:40.4463945Z ..................................................
sbcl-bin	Install Rove	2026-09-29T04:37:40.4750192Z [package rove/core/result]........................
sbcl-bin	Install Rove	2026-09-29T04:37:40.5225635Z [package rove/stats]..............................
sbcl-bin	Install Rove	2026-09-29T04:37:40.6064822Z [package dissect].................................
sbcl-bin	Install Rove	2026-09-29T04:37:40.6484672Z [package rove/core/assertion].....................
sbcl-bin	Install Rove	2026-09-29T04:37:40.6686308Z [package rove/core/suite/file]....................
sbcl-bin	Install Rove	2026-09-29T04:37:40.6913850Z [package rove/core/suite/package].................
sbcl-bin	Install Rove	2026-09-29T04:37:40.7121873Z [package rove/core/test]..........................
sbcl-bin	Install Rove	2026-09-29T04:37:40.7244910Z [package rove/core/suite].........................
sbcl-bin	Install Rove	2026-09-29T04:37:40.7352305Z [package rove/reporter/registry]..................
sbcl-bin	Install Rove	2026-09-29T04:37:40.7478121Z [package global-vars].............................
sbcl-bin	Install Rove	2026-09-29T04:37:40.7664314Z [package trivial-garbage].........................
sbcl-bin	Install Rove	2026-09-29T04:37:40.8536524Z [package bordeaux-threads]........................
sbcl-bin	Install Rove	2026-09-29T04:37:40.9733238Z [package bt2].....................................
sbcl-bin	Install Rove	2026-09-29T04:37:40.9967128Z [package rove/reporter]...........................
sbcl-bin	Install Rove	2026-09-29T04:37:41.0026343Z [package rove/misc/color].........................
sbcl-bin	Install Rove	2026-09-29T04:37:41.0146761Z [package rove/misc/stream]........................
sbcl-bin	Install Rove	2026-09-29T04:37:41.0403403Z [package rove/utils/reporter].....................
sbcl-bin	Install Rove	2026-09-29T04:37:41.0697209Z [package rove/reporter/spec]......................
sbcl-bin	Install Rove	2026-09-29T04:37:41.1021049Z [1/3] System 'rove' found. Loading the system..
sbcl-bin	Install Rove	2026-09-29T04:37:41.1021808Z [2/3] Processing build-hook..
sbcl-bin	Install Rove	2026-09-29T04:37:41.1022203Z [3/3] Attempting to install the scripts in roswell/ subdirectory of the system...
sbcl-bin	Install Rove	2026-09-29T04:37:41.1023003Z [package rove/reporter/dot]..
sbcl-bin	Install Rove	2026-09-29T04:37:41.1034075Z Found 1 scripts: rove
sbcl-bin	Install Rove	2026-09-29T04:37:41.1036176Z /home/runner/.roswell/bin/rove
sbcl-bin	Run tests	﻿2026-09-29T04:37:41.7157310Z ##[group]Run ulimit -n 256
sbcl-bin	Run tests	2026-09-29T04:37:41.7157654Z ^[[36;1mulimit -n 256^[[0m
sbcl-bin	Run tests	2026-09-29T04:37:41.7157918Z ^[[36;1mPATH="$HOME/.roswell/bin:$PATH"^[[0m
sbcl-bin	Run tests	2026-09-29T04:37:41.7158204Z ^[[36;1mexport PATH^[[0m
sbcl-bin	Run tests	2026-09-29T04:37:41.7158446Z ^[[36;1mros dynamic-space-size=4096 \^[[0m
sbcl-bin	Run tests	2026-09-29T04:37:41.7158790Z ^[[36;1m  -e '(push (truename "./") asdf:*central-registry*)' \^[[0m
sbcl-bin	Run tests	2026-09-29T04:37:41.7159138Z ^[[36;1m  -s woo-test \^[[0m
sbcl-bin	Run tests	2026-09-29T04:37:41.7159429Z ^[[36;1m  -e '(unless (rove:run :woo-test) (uiop:quit 1))'^[[0m
sbcl-bin	Run tests	2026-09-29T04:37:41.7233269Z shell: /usr/bin/bash -e {0}
sbcl-bin	Run tests	2026-09-29T04:37:41.7233557Z env:
sbcl-bin	Run tests	2026-09-29T04:37:41.7233764Z   LISP: sbcl-bin
sbcl-bin	Run tests	2026-09-29T04:37:41.7233992Z ##[endgroup]
sbcl-bin	Run tests	2026-09-29T04:37:42.2049458Z While evaluating the form starting at line 1, column 0
sbcl-bin	Run tests	2026-09-29T04:37:42.2050233Z   of #P"/home/runner/work/woo/woo/woo.asd":
sbcl-bin	Run tests	2026-09-29T04:37:42.2050553Z ; 
sbcl-bin	Run tests	2026-09-29T04:37:42.2050753Z ; compilation unit aborted
sbcl-bin	Run tests	2026-09-29T04:37:42.2051003Z ;   caught 1 fatal ERROR condition
sbcl-bin	Run tests	2026-09-29T04:38:06.5356412Z ; cc -o /home/runner/.cache/common-lisp/sbcl-2.6.9.roswell-linux-x64/home/runner/work/woo/woo/src/syscall/types__grovel-tmp4FJCN3GX.o -c -g -Wall -Wundef -Wsign-compare -Wpointer-arith -O3 -D_LARGEFILE_SOURCE -D_LARGEFILE64_SOURCE -D_FILE_OFFSET_BITS=64 -Wunused-parameter -fno-omit-frame-pointer -momit-leaf-frame-pointer -fPIC -I/home/runner/.roswell/lisp/quicklisp/dists/quicklisp/software/cffi-20260101-git/ /home/runner/.cache/common-lisp/sbcl-2.6.9.roswell-linux-x64/home/runner/work/woo/woo/src/syscall/types__grovel.c
sbcl-bin	Run tests	2026-09-29T04:38:06.5665732Z /home/runner/.cache/common-lisp/sbcl-2.6.9.roswell-linux-x64/home/runner/work/woo/woo/src/syscall/types__grovel.c: In function ‘main’:
sbcl-bin	Run tests	2026-09-29T04:38:06.5667760Z /home/runner/.cache/common-lisp/sbcl-2.6.9.roswell-linux-x64/home/runner/work/woo/woo/src/syscall/types__grovel.c:13:7: warning: unused variable ‘autotype_tmp’ [-Wunused-variable]
sbcl-bin	Run tests	2026-09-29T04:38:06.5668583Z    13 |   int autotype_tmp;
sbcl-bin	Run tests	2026-09-29T04:38:06.5668864Z       |       ^~~~~~~~~~~~
sbcl-bin	Run tests	2026-09-29T04:38:06.6169002Z ; cc -o /home/runner/.cache/common-lisp/sbcl-2.6.9.roswell-linux-x64/home/runner/work/woo/woo/src/syscall/types__grovel-tmpWO4JLIQB -g -Wl,--export-dynamic /home/runner/.cache/common-lisp/sbcl-2.6.9.roswell-linux-x64/home/runner/work/woo/woo/src/syscall/types__grovel.o
sbcl-bin	Run tests	2026-09-29T04:38:06.6406462Z ; /home/runner/.cache/common-lisp/sbcl-2.6.9.roswell-linux-x64/home/runner/work/woo/woo/src/syscall/types__grovel /home/runner/.cache/common-lisp/sbcl-2.6.9.roswell-linux-x64/home/runner/work/woo/woo/src/syscall/types__grovel.grovel-tmp.lisp
sbcl-bin	Run tests	2026-09-29T04:38:06.6914144Z ; cc -o /home/runner/.cache/common-lisp/sbcl-2.6.9.roswell-linux-x64/home/runner/work/woo/woo/src/llsocket/grovel__grovel-tmpAMNCEZSG.o -c -g -Wall -Wundef -Wsign-compare -Wpointer-arith -O3 -D_LARGEFILE_SOURCE -D_LARGEFILE64_SOURCE -D_FILE_OFFSET_BITS=64 -Wunused-parameter -fno-omit-frame-pointer -momit-leaf-frame-pointer -fPIC -I/home/runner/.roswell/lisp/quicklisp/dists/quicklisp/software/cffi-20260101-git/ /home/runner/.cache/common-lisp/sbcl-2.6.9.roswell-linux-x64/home/runner/work/woo/woo/src/llsocket/grovel__grovel.c
sbcl-bin	Run tests	2026-09-29T04:38:06.7253938Z /home/runner/.cache/common-lisp/sbcl-2.6.9.roswell-linux-x64/home/runner/work/woo/woo/src/llsocket/grovel__grovel.c: In function ‘main’:
sbcl-bin	Run tests	2026-09-29T04:38:06.7255290Z /home/runner/.cache/common-lisp/sbcl-2.6.9.roswell-linux-x64/home/runner/work/woo/woo/src/llsocket/grovel__grovel.c:14:7: warning: unused variable ‘autotype_tmp’ [-Wunused-variable]
sbcl-bin	Run tests	2026-09-29T04:38:06.7256057Z    14 |   int autotype_tmp;
sbcl-bin	Run tests	2026-09-29T04:38:06.7256301Z       |       ^~~~~~~~~~~~
sbcl-bin	Run tests	2026-09-29T04:38:06.8626339Z ; cc -o /home/runner/.cache/common-lisp/sbcl-2.6.9.roswell-linux-x64/home/runner/work/woo/woo/src/llsocket/grovel__grovel-tmpVQGQLFW2 -g -Wl,--export-dynamic /home/runner/.cache/common-lisp/sbcl-2.6.9.roswell-linux-x64/home/runner/work/woo/woo/src/llsocket/grovel__grovel.o
sbcl-bin	Run tests	2026-09-29T04:38:06.8866094Z ; /home/runner/.cache/common-lisp/sbcl-2.6.9.roswell-linux-x64/home/runner/work/woo/woo/src/llsocket/grovel__grovel /home/runner/.cache/common-lisp/sbcl-2.6.9.roswell-linux-x64/home/runner/work/woo/woo/src/llsocket/grovel__grovel.grovel-tmp.lisp
sbcl-bin	Run tests	2026-09-29T04:38:41.6826949Z 
sbcl-bin	Run tests	2026-09-29T04:38:41.6827459Z Testing System woo-test
sbcl-bin	Run tests	2026-09-29T04:38:41.6849210Z 
sbcl-bin	Run tests	2026-09-29T04:38:41.6849524Z ;; testing 'woo-test.event-loop'
sbcl-bin	Run tests	2026-09-29T04:38:41.6850132Z ^[[37mevent-loop-backend-descriptors-close^[[0m
sbcl-bin	Run tests	2026-09-29T04:38:41.6888734Z   ^[[32m✓ ^[[0m^[[90mdescriptors before=6 after=6^[[0m
sbcl-bin	Run tests	2026-09-29T04:38:41.6917213Z 
sbcl-bin	Run tests	2026-09-29T04:38:41.6917366Z ;; testing 'woo-test'
sbcl-bin	Run tests	2026-09-29T04:38:41.6917797Z ^[[37mwoo-server-tests^[[0m
sbcl-bin	Run tests	2026-09-29T04:38:41.6980904Z 
sbcl-bin	Run tests	2026-09-29T04:38:41.6981071Z ;; testing 'clack.test.suite'
sbcl-bin	Run tests	2026-09-29T04:38:41.6981581Z ^[[37mresponse-tests^[[0m
sbcl-bin	Run tests	2026-09-29T04:38:41.7099042Z NOTICE: Running in debug mode. Debugger will be invoked on errors.
sbcl-bin	Run tests	2026-09-29T04:38:41.7292471Z   Specify ':debug nil' to turn it off on remote environments.  ^[[37mlist^[[0m
sbcl-bin	Run tests	2026-09-29T04:38:41.7868869Z     ^[[32m✓ ^[[0m^[[90mExpect (EQL STATUS 200) to be true.^[[0m
sbcl-bin	Run tests	2026-09-29T04:38:41.7870909Z     ^[[32m✓ ^[[0m^[[90mExpect (EQUAL BODY "HelloWorld") to be true.^[[0m
sbcl-bin	Run tests	2026-09-29T04:38:42.2907243Z NOTICE: Running in debug mode. Debugger will be invoked on errors.
sbcl-bin	Run tests	2026-09-29T04:38:42.3917055Z   Specify ':debug nil' to turn it off on remote environments.  ^[[37mpathname (plain/text)^[[0m
sbcl-bin	Run tests	2026-09-29T04:38:42.3949525Z     ^[[32m✓ ^[[0m^[[90mExpect (EQL STATUS 200) to be true.^[[0m
sbcl-bin	Run tests	2026-09-29T04:38:42.3950607Z     ^[[32m✓ ^[[0m^[[90mExpect (EQUAL (GET-HEADER HEADERS :CONTENT-TYPE) "text/plain; charset=utf-8") to be true.^[[0m
sbcl-bin	Run tests	2026-09-29T04:38:42.3987836Z     ^[[32m✓ ^[[0m^[[90mExpect (SCAN "This is a text for test." BODY) to be true.^[[0m
sbcl-bin	Run tests	2026-09-29T04:38:42.8994611Z NOTICE: Running in debug mode. Debugger will be invoked on errors.
sbcl-bin	Run tests	2026-09-29T04:38:43.0004531Z   Specify ':debug nil' to turn it off on remote environments.  ^[[37mpathname (binary)^[[0m
sbcl-bin	Run tests	2026-09-29T04:38:43.0011014Z     ^[[32m✓ ^[[0m^[[90mExpect (EQL STATUS 200) to be true.^[[0m
sbcl-bin	Run tests	2026-09-29T04:38:43.0012969Z     ^[[32m✓ ^[[0m^[[90mExpect (EQUAL (GET-HEADER HEADERS :CONTENT-TYPE) "image/png") to be true.^[[0m
sbcl-bin	Run tests	2026-09-29T04:38:43.0013935Z     ^[[32m✓ ^[[0m^[[90mExpect (GET-HEADER HEADERS :CONTENT-LENGTH) to be true.^[[0m
sbcl-bin	Run tests	2026-09-29T04:38:43.0014455Z     ^[[32m✓ ^[[0m^[[90mExpect (EQL (LENGTH BODY) 12155) to be true.^[[0m
sbcl-bin	Run tests	2026-09-29T04:38:43.5017961Z NOTICE: Running in debug mode. Debugger will be invoked on errors.
sbcl-bin	Run tests	2026-09-29T04:38:43.6026512Z   Specify ':debug nil' to turn it off on remote environments.  ^[[37mbigger file^[[0m
sbcl-bin	Run tests	2026-09-29T04:38:43.6032311Z     ^[[32m✓ ^[[0m^[[90mExpect (EQL STATUS 200) to be true.^[[0m
sbcl-bin	Run tests	2026-09-29T04:38:43.6033397Z     ^[[32m✓ ^[[0m^[[90mExpect (EQUAL (GET-HEADER HEADERS :CONTENT-TYPE) "image/jpeg") to be true.^[[0m
sbcl-bin	Run tests	2026-09-29T04:38:43.6034052Z     ^[[32m✓ ^[[0m^[[90mExpect (GET-HEADER HEADERS :CONTENT-LENGTH) to be true.^[[0m
sbcl-bin	Run tests	2026-09-29T04:38:43.6034577Z     ^[[32m✓ ^[[0m^[[90mExpect (EQL (LENGTH BODY) 139616) to be true.^[[0m
sbcl-bin	Run tests	2026-09-29T04:38:44.1038730Z NOTICE: Running in debug mode. Debugger will be invoked on errors.
sbcl-bin	Run tests	2026-09-29T04:38:44.2047989Z   Specify ':debug nil' to turn it off on remote environments.  ^[[37mmulti headers (response)^[[0m
sbcl-bin	Run tests	2026-09-29T04:38:44.2052808Z     ^[[32m✓ ^[[0m^[[90mExpect (SCAN "foo,\\s*bar,\\s*baz" (GET-HEADER HEADERS :X-FOO)) to be true.^[[0m
sbcl-bin	Run tests	2026-09-29T04:38:44.7058550Z NOTICE: Running in debug mode. Debugger will be invoked on errors.
sbcl-bin	Run tests	2026-09-29T04:38:44.8068392Z   Specify ':debug nil' to turn it off on remote environments.  ^[[37mno entity headers on 304^[[0m
sbcl-bin	Run tests	2026-09-29T04:38:44.8071182Z     ^[[32m✓ ^[[0m^[[90mExpect (EQL STATUS 304) to be true.^[[0m
sbcl-bin	Run tests	2026-09-29T04:38:44.8071856Z     ^[[32m✓ ^[[0m^[[90mExpect (EQUALP BODY #()) to be true.^[[0m
sbcl-bin	Run tests	2026-09-29T04:38:44.8072398Z     ^[[32m✓ ^[[0m^[[90mNo Content-Type^[[0m
sbcl-bin	Run tests	2026-09-29T04:38:44.8073126Z     ^[[32m✓ ^[[0m^[[90mNo Content-Length^[[0m
sbcl-bin	Run tests	2026-09-29T04:38:44.8073457Z     ^[[32m✓ ^[[0m^[[90mNo Transfer-Encoding^[[0m
sbcl-bin	Run tests	2026-09-29T04:38:45.3078384Z NOTICE: Running in debug mode. Debugger will be invoked on errors.
sbcl-bin	Run tests	2026-09-29T04:38:45.4087997Z   Specify ':debug nil' to turn it off on remote environments.  ^[[37mCRLF output^[[0m
sbcl-bin	Run tests	2026-09-29T04:38:45.4091151Z     ^[[32m✓ ^[[0m^[[90mExpect (EQL STATUS 200) to be true.^[[0m
sbcl-bin	Run tests	2026-09-29T04:38:45.4091827Z     ^[[32m✓ ^[[0m^[[90mExpect (NULL (GET-HEADER HEADERS :FOO)) to be true.^[[0m
sbcl-bin	Run tests	2026-09-29T04:38:45.4093258Z     ^[[32m✓ ^[[0m^[[90mExpect (EQUAL BODY
sbcl-bin	Run tests	2026-09-29T04:38:45.4093865Z                     (FORMAT NIL "Foo: Bar~A~A~A~AHello World" #\Return #\Newline
sbcl-bin	Run tests	2026-09-29T04:38:45.4094521Z                             #\Return #\Newline)) to be true.^[[0m
sbcl-bin	Run tests	2026-09-29T04:38:45.9100635Z NOTICE: Running in debug mode. Debugger will be invoked on errors.
sbcl-bin	Run tests	2026-09-29T04:38:46.0110378Z   Specify ':debug nil' to turn it off on remote environments.  ^[[37mtest 404^[[0m
sbcl-bin	Run tests	2026-09-29T04:38:46.0113338Z     ^[[32m✓ ^[[0m^[[90mExpect (EQL STATUS 404) to be true.^[[0m
sbcl-bin	Run tests	2026-09-29T04:38:46.0113867Z     ^[[32m✓ ^[[0m^[[90mExpect (EQUAL BODY "Not Found") to be true.^[[0m
sbcl-bin	Run tests	2026-09-29T04:38:46.5119996Z NOTICE: Running in debug mode. Debugger will be invoked on errors.
sbcl-bin	Run tests	2026-09-29T04:38:46.6129429Z   Specify ':debug nil' to turn it off on remote environments.  ^[[37mContent-Length 0 is not set Transfer-Encoding^[[0m
sbcl-bin	Run tests	2026-09-29T04:38:46.6132449Z     ^[[32m✓ ^[[0m^[[90mExpect (EQL STATUS 200) to be true.^[[0m
sbcl-bin	Run tests	2026-09-29T04:38:46.6133328Z     ^[[32m✓ ^[[0m^[[90mExpect (NULL (GET-HEADER HEADERS :CLIENT-TRANSFER-ENCODING)) to be true.^[[0m
sbcl-bin	Run tests	2026-09-29T04:38:46.6133965Z     ^[[32m✓ ^[[0m^[[90mExpect (EQUAL BODY "") to be true.^[[0m
sbcl-bin	Run tests	2026-09-29T04:38:47.1137766Z ^[[37menv-tests^[[0m
sbcl-bin	Run tests	2026-09-29T04:38:47.1138344Z NOTICE: Running in debug mode. Debugger will be invoked on errors.
sbcl-bin	Run tests	2026-09-29T04:38:47.2148562Z   Specify ':debug nil' to turn it off on remote environments.  ^[[37mSCRIPT-NAME^[[0m
sbcl-bin	Run tests	2026-09-29T04:38:47.2152200Z     ^[[32m✓ ^[[0m^[[90mExpect (MEMBER (DEXADOR:GET (LOCALHOST)) '(NIL "") :TEST #'EQUAL) to be true.^[[0m
sbcl-bin	Run tests	2026-09-29T04:38:47.7158362Z NOTICE: Running in debug mode. Debugger will be invoked on errors.
sbcl-bin	Run tests	2026-09-29T04:38:47.8168139Z   Specify ':debug nil' to turn it off on remote environments.  ^[[37murl-scheme^[[0m
sbcl-bin	Run tests	2026-09-29T04:38:47.8171414Z     ^[[32m✓ ^[[0m^[[90mExpect (EQL STATUS 200) to be true.^[[0m
sbcl-bin	Run tests	2026-09-29T04:38:47.8172364Z     ^[[32m✓ ^[[0m^[[90mExpect (EQUAL (GET-HEADER HEADERS :CONTENT-TYPE) "text/plain; charset=utf-8") to be true.^[[0m
sbcl-bin	Run tests	2026-09-29T04:38:47.8173265Z     ^[[32m✓ ^[[0m^[[90mExpect (EQUAL BODY "http") to be true.^[[0m
sbcl-bin	Run tests	2026-09-29T04:38:48.3178630Z NOTICE: Running in debug mode. Debugger will be invoked on errors.
sbcl-bin	Run tests	2026-09-29T04:38:48.4187764Z   Specify ':debug nil' to turn it off on remote environments.  ^[[37mhandle HTTP-Header^[[0m
sbcl-bin	Run tests	2026-09-29T04:38:48.4191491Z     ^[[32m✓ ^[[0m^[[90mExpect (EQL STATUS 200) to be true.^[[0m
sbcl-bin	Run tests	2026-09-29T04:38:48.4192380Z     ^[[32m✓ ^[[0m^[[90mExpect (EQUAL (GET-HEADER HEADERS :CONTENT-TYPE) "text/plain; charset=utf-8") to be true.^[[0m
sbcl-bin	Run tests	2026-09-29T04:38:48.4193211Z     ^[[32m✓ ^[[0m^[[90mExpect (EQUAL BODY "Bar") to be true.^[[0m
sbcl-bin	Run tests	2026-09-29T04:38:48.9198279Z NOTICE: Running in debug mode. Debugger will be invoked on errors.
sbcl-bin	Run tests	2026-09-29T04:38:49.0207610Z   Specify ':debug nil' to turn it off on remote environments.  ^[[37mvalidate env^[[0m
sbcl-bin	Run tests	2026-09-29T04:38:49.0210689Z     ^[[32m✓ ^[[0m^[[90mExpect (EQL STATUS 200) to be true.^[[0m
sbcl-bin	Run tests	2026-09-29T04:38:49.0211677Z     ^[[32m✓ ^[[0m^[[90mExpect (EQUAL (GET-HEADER HEADERS :CONTENT-TYPE) "text/plain; charset=utf-8") to be true.^[[0m
sbcl-bin	Run tests	2026-09-29T04:38:49.0212672Z     ^[[32m✓ ^[[0m^[[90mExpect (EQUAL BODY
sbcl-bin	Run tests	2026-09-29T04:38:49.0213090Z                     (FORMAT NIL "~{~A~%~}"
sbcl-bin	Run tests	2026-09-29T04:38:49.0218881Z                             `("REQUEST-METHOD::GET" "PATH-INFO:\"/foo/\""
sbcl-bin	Run tests	2026-09-29T04:38:49.0219312Z                               "QUERY-STRING:\"ediweitz=weitzedi\""
sbcl-bin	Run tests	2026-09-29T04:38:49.0219653Z                               "SERVER-NAME:\"127.0.0.1\""
sbcl-bin	Run tests	2026-09-29T04:38:49.0219972Z                               ,(FORMAT NIL "SERVER-PORT:~D"
sbcl-bin	Run tests	2026-09-29T04:38:49.0220460Z                                        *CLACK-TEST-ACCESS-PORT*)))) to be true.^[[0m
sbcl-bin	Run tests	2026-09-29T04:38:49.5218544Z NOTICE: Running in debug mode. Debugger will be invoked on errors.
sbcl-bin	Run tests	2026-09-29T04:38:49.6227865Z   Specify ':debug nil' to turn it off on remote environments.  ^[[37mvalidate env (must be integer)^[[0m
sbcl-bin	Run tests	2026-09-29T04:38:49.6231300Z     ^[[32m✓ ^[[0m^[[90mExpect (EQL STATUS 200) to be true.^[[0m
sbcl-bin	Run tests	2026-09-29T04:38:49.6232303Z     ^[[32m✓ ^[[0m^[[90mExpect (EQUAL (GET-HEADER HEADERS :CONTENT-TYPE) "text/plain; charset=utf-8") to be true.^[[0m
sbcl-bin	Run tests	2026-09-29T04:38:49.6233229Z     ^[[32m✓ ^[[0m^[[90mExpect (EQUAL BODY
sbcl-bin	Run tests	2026-09-29T04:38:49.6233514Z                     (FORMAT NIL "~{~{~A:~A~%~}~}"
sbcl-bin	Run tests	2026-09-29T04:38:49.6234019Z                             `((:SERVER-PORT T) (:REMOTE-PORT T) (:CONTENT-LENGTH T)))) to be true.^[[0m
sbcl-bin	Run tests	2026-09-29T04:38:50.1238245Z NOTICE: Running in debug mode. Debugger will be invoked on errors.
sbcl-bin	Run tests	2026-09-29T04:38:50.2247769Z   Specify ':debug nil' to turn it off on remote environments.  ^[[37m% encoding in PATH-INFO^[[0m
sbcl-bin	Run tests	2026-09-29T04:38:50.2251068Z     ^[[32m✓ ^[[0m^[[90mExpect (EQUAL (DEXADOR:GET (LOCALHOST "/foo/bar%2cbaz")) "/foo/bar,baz") to be true.^[[0m
sbcl-bin	Run tests	2026-09-29T04:38:50.7257222Z NOTICE: Running in debug mode. Debugger will be invoked on errors.
sbcl-bin	Run tests	2026-09-29T04:38:50.8265618Z   Specify ':debug nil' to turn it off on remote environments.  ^[[37m% double encoding in PATH-INFO^[[0m
sbcl-bin	Run tests	2026-09-29T04:38:50.8269651Z     ^[[32m✓ ^[[0m^[[90mExpect (EQUAL (DEXADOR:GET (LOCALHOST "/foo/bar%252cbaz")) "/foo/bar%2cbaz") to be true.^[[0m
sbcl-bin	Run tests	2026-09-29T04:38:51.3275397Z NOTICE: Running in debug mode. Debugger will be invoked on errors.
sbcl-bin	Run tests	2026-09-29T04:38:51.4285491Z   Specify ':debug nil' to turn it off on remote environments.  ^[[37m% encoding in PATH-INFO (outside of URI characters)^[[0m
sbcl-bin	Run tests	2026-09-29T04:38:51.4330354Z     ^[[32m✓ ^[[0m^[[90mExpect (EQUAL (DEXADOR:GET (LOCALHOST "/foo%E3%81%82"))
sbcl-bin	Run tests	2026-09-29T04:38:51.4330793Z                     (FORMAT NIL "/foo~A"
sbcl-bin	Run tests	2026-09-29T04:38:51.4331352Z                             (OCTETS-TO-STRING #(227 129 130) :EXTERNAL-FORMAT
sbcl-bin	Run tests	2026-09-29T04:38:51.4331888Z                                               :UTF-8))) to be true.^[[0m
sbcl-bin	Run tests	2026-09-29T04:38:51.9337212Z NOTICE: Running in debug mode. Debugger will be invoked on errors.
sbcl-bin	Run tests	2026-09-29T04:38:52.0346999Z   Specify ':debug nil' to turn it off on remote environments.  ^[[37mInvalid UTF-8 encoded PATH-INFO^[[0m
sbcl-bin	Run tests	2026-09-29T04:38:52.0350502Z     ^[[32m✓ ^[[0m^[[90mExpect (SCAN (FORMAT NIL "/あ~A" #\REPLACEMENT_CHARACTER)
sbcl-bin	Run tests	2026-09-29T04:38:52.0351084Z                    (DEXADOR:GET (LOCALHOST "/%E3%81%82%BF%27%22%28"))) to be true.^[[0m
sbcl-bin	Run tests	2026-09-29T04:38:52.5357137Z NOTICE: Running in debug mode. Debugger will be invoked on errors.
sbcl-bin	Run tests	2026-09-29T04:38:52.6366657Z   Specify ':debug nil' to turn it off on remote environments.  ^[[37mSERVER-PROTOCOL is required^[[0m
sbcl-bin	Run tests	2026-09-29T04:38:52.6369964Z     ^[[32m✓ ^[[0m^[[90mExpect (EQL STATUS 200) to be true.^[[0m
sbcl-bin	Run tests	2026-09-29T04:38:52.6370929Z     ^[[32m✓ ^[[0m^[[90mExpect (EQUAL (GET-HEADER HEADERS :CONTENT-TYPE) "text/plain; charset=utf-8") to be true.^[[0m
sbcl-bin	Run tests	2026-09-29T04:38:52.6371857Z     ^[[32m✓ ^[[0m^[[90mExpect (SCAN "^:HTTP/1\\.[01]$" BODY) to be true.^[[0m
sbcl-bin	Run tests	2026-09-29T04:38:53.1377624Z NOTICE: Running in debug mode. Debugger will be invoked on errors.
sbcl-bin	Run tests	2026-09-29T04:38:53.2387194Z   Specify ':debug nil' to turn it off on remote environments.  ^[[37mSCRIPT-NAME should not be nil^[[0m
sbcl-bin	Run tests	2026-09-29T04:38:53.2390486Z     ^[[32m✓ ^[[0m^[[90mExpect (EQUAL (DEXADOR:GET (LOCALHOST "/foo/?ediweitz=weitzedi")) (STRING T)) to be true.^[[0m
sbcl-bin	Run tests	2026-09-29T04:38:53.7396934Z NOTICE: Running in debug mode. Debugger will be invoked on errors.
sbcl-bin	Run tests	2026-09-29T04:38:53.8405690Z   Specify ':debug nil' to turn it off on remote environments.  ^[[37mDo not set COOKIE^[[0m
sbcl-bin	Run tests	2026-09-29T04:38:53.8409317Z     ^[[32m✓ ^[[0m^[[90mExpect (EQL STATUS 200) to be true.^[[0m
sbcl-bin	Run tests	2026-09-29T04:38:53.8410071Z     ^[[32m✓ ^[[0m^[[90mExpect (NULL (GET-HEADER HEADERS :X-COOKIE)) to be true.^[[0m
sbcl-bin	Run tests	2026-09-29T04:38:53.8410761Z     ^[[32m✓ ^[[0m^[[90mExpect (EQUAL BODY "foo=bar") to be true.^[[0m
sbcl-bin	Run tests	2026-09-29T04:38:54.3415622Z NOTICE: Running in debug mode. Debugger will be invoked on errors.
sbcl-bin	Run tests	2026-09-29T04:38:54.4425639Z   Specify ':debug nil' to turn it off on remote environments.  ^[[37mREQUEST-URI is set^[[0m
sbcl-bin	Run tests	2026-09-29T04:38:54.4428823Z     ^[[32m✓ ^[[0m^[[90mExpect (EQUAL (DEXADOR:GET (LOCALHOST "/foo/bar%20baz%73?x=a"))
sbcl-bin	Run tests	2026-09-29T04:38:54.4429351Z                     "/foo/bar%20baz%73?x=a") to be true.^[[0m
sbcl-bin	Run tests	2026-09-29T04:38:54.9434539Z ^[[37mrequest-tests^[[0m
sbcl-bin	Run tests	2026-09-29T04:38:54.9435221Z NOTICE: Running in debug mode. Debugger will be invoked on errors.
sbcl-bin	Run tests	2026-09-29T04:38:55.0444922Z   Specify ':debug nil' to turn it off on remote environments.  ^[[37mGET^[[0m
sbcl-bin	Run tests	2026-09-29T04:38:55.0448322Z     ^[[32m✓ ^[[0m^[[90mExpect (EQL STATUS 200) to be true.^[[0m
sbcl-bin	Run tests	2026-09-29T04:38:55.0449257Z     ^[[32m✓ ^[[0m^[[90mExpect (EQUAL (GET-HEADER HEADERS :CONTENT-TYPE) "text/plain; charset=utf-8") to be true.^[[0m
sbcl-bin	Run tests	2026-09-29T04:38:55.0450042Z     ^[[32m✓ ^[[0m^[[90mExpect (EQUAL BODY "Hello, name=fukamachi") to be true.^[[0m
sbcl-bin	Run tests	2026-09-29T04:38:55.5455209Z NOTICE: Running in debug mode. Debugger will be invoked on errors.
sbcl-bin	Run tests	2026-09-29T04:38:55.6465020Z   Specify ':debug nil' to turn it off on remote environments.  ^[[37mPOST^[[0m
sbcl-bin	Run tests	2026-09-29T04:38:55.6531364Z     ^[[32m✓ ^[[0m^[[90mExpect (EQL STATUS 200) to be true.^[[0m
sbcl-bin	Run tests	2026-09-29T04:38:55.6532019Z     ^[[32m✓ ^[[0m^[[90mExpect (EQUAL (GET-HEADER HEADERS :CLIENT-CONTENT-LENGTH) "11") to be true.^[[0m
sbcl-bin	Run tests	2026-09-29T04:38:55.6532942Z     ^[[32m✓ ^[[0m^[[90mExpect (EQUAL (GET-HEADER HEADERS :CLIENT-CONTENT-TYPE)
sbcl-bin	Run tests	2026-09-29T04:38:55.6533733Z                     "application/x-www-form-urlencoded") to be true.^[[0m
sbcl-bin	Run tests	2026-09-29T04:38:55.6534222Z     ^[[32m✓ ^[[0m^[[90mExpect (EQUAL BODY "Hello, name=eitaro") to be true.^[[0m
sbcl-bin	Run tests	2026-09-29T04:38:56.1538292Z NOTICE: Running in debug mode. Debugger will be invoked on errors.
sbcl-bin	Run tests	2026-09-29T04:38:56.2548275Z   Specify ':debug nil' to turn it off on remote environments.  ^[[37mbig POST^[[0m
sbcl-bin	Run tests	2026-09-29T04:38:56.2607638Z     ^[[32m✓ ^[[0m^[[90mExpect (EQL STATUS 200) to be true.^[[0m
sbcl-bin	Run tests	2026-09-29T04:38:56.2608397Z     ^[[32m✓ ^[[0m^[[90mExpect (EQUAL (GET-HEADER HEADERS :CLIENT-CONTENT-LENGTH) (PRINC-TO-STRING LEN)) to be true.^[[0m
sbcl-bin	Run tests	2026-09-29T04:38:56.2609039Z     ^[[32m✓ ^[[0m^[[90mExpect (EQUAL (LENGTH BODY) LEN) to be true.^[[0m
sbcl-bin	Run tests	2026-09-29T04:38:56.7613777Z NOTICE: Running in debug mode. Debugger will be invoked on errors.
sbcl-bin	Run tests	2026-09-29T04:38:56.8623457Z   Specify ':debug nil' to turn it off on remote environments.  ^[[37mbig POST (chunked)^[[0m
sbcl-bin	Run tests	2026-09-29T04:38:56.8770950Z     ^[[32m✓ ^[[0m^[[90mExpect (EQL STATUS 200) to be true.^[[0m
sbcl-bin	Run tests	2026-09-29T04:38:56.8771821Z     ^[[32m✓ ^[[0m^[[90mExpect (NULL (GET-HEADER HEADERS :CLIENT-CONTENT-LENGTH)) to be true.^[[0m
sbcl-bin	Run tests	2026-09-29T04:38:56.8772901Z     ^[[32m✓ ^[[0m^[[90mExpect (EQUAL (LENGTH BODY) LEN) to be true.^[[0m
sbcl-bin	Run tests	2026-09-29T04:38:57.3777424Z NOTICE: Running in debug mode. Debugger will be invoked on errors.
sbcl-bin	Run tests	2026-09-29T04:38:57.4786652Z   Specify ':debug nil' to turn it off on remote environments.  ^[[37mmulti headers (request)^[[0m
sbcl-bin	Run tests	2026-09-29T04:38:57.4790409Z     ^[[32m✓ ^[[0m^[[90mExpect (SCAN "^bar,\\s*baz$"
sbcl-bin	Run tests	2026-09-29T04:38:57.4791475Z                    (DEXADOR:GET (LOCALHOST) :HEADERS
sbcl-bin	Run tests	2026-09-29T04:38:57.4792118Z                                 '(("Foo" . "bar") ("Foo" . "baz")))) to be true.^[[0m
sbcl-bin	Run tests	2026-09-29T04:38:57.9797029Z NOTICE: Running in debug mode. Debugger will be invoked on errors.
sbcl-bin	Run tests	2026-09-29T04:38:58.0806406Z   Specify ':debug nil' to turn it off on remote environments.  ^[[37ma big header value > 128 bytes^[[0m
sbcl-bin	Run tests	2026-09-29T04:38:58.0842004Z     ^[[32m✓ ^[[0m^[[90mExpect (EQL STATUS 200) to be true.^[[0m
sbcl-bin	Run tests	2026-09-29T04:38:58.0842628Z     ^[[32m✓ ^[[0m^[[90mExpect (EQUAL BODY CHUNK) to be true.^[[0m
sbcl-bin	Run tests	2026-09-29T04:38:58.5848973Z NOTICE: Running in debug mode. Debugger will be invoked on errors.
sbcl-bin	Run tests	2026-09-29T04:38:58.6858758Z   Specify ':debug nil' to turn it off on remote environments.  ^[[37mrequest -> input seekable^[[0m
sbcl-bin	Run tests	2026-09-29T04:38:58.6862217Z     ^[[32m✓ ^[[0m^[[90mExpect (EQUAL (DEXADOR:POST (LOCALHOST) :CONTENT "body") "body") to be true.^[[0m
sbcl-bin	Run tests	2026-09-29T04:38:59.1868696Z NOTICE: Running in debug mode. Debugger will be invoked on errors.
sbcl-bin	Run tests	2026-09-29T04:38:59.2878015Z   Specify ':debug nil' to turn it off on remote environments.  ^[[37mhandle Authorization header^[[0m
sbcl-bin	Run tests	2026-09-29T04:38:59.2881182Z     ^[[32m✓ ^[[0m^[[90mExpect (EQL STATUS 200) to be true.^[[0m
sbcl-bin	Run tests	2026-09-29T04:38:59.2882131Z     ^[[32m✓ ^[[0m^[[90mExpect (EQUAL (GET-HEADER HEADERS :X-AUTHORIZATION) (STRING T)) to be true.^[[0m
sbcl-bin	Run tests	2026-09-29T04:38:59.2883195Z     ^[[32m✓ ^[[0m^[[90mExpect (EQUAL BODY "Basic XXXX") to be true.^[[0m
sbcl-bin	Run tests	2026-09-29T04:38:59.2884633Z     ^[[32m✓ ^[[0m^[[90mExpect (EQL STATUS 200) to be true.^[[0m
sbcl-bin	Run tests	2026-09-29T04:38:59.2885242Z     ^[[32m✓ ^[[0m^[[90mExpect (NULL (GET-HEADER HEADERS :X-AUTHORIZATION)) to be true.^[[0m
sbcl-bin	Run tests	2026-09-29T04:38:59.2885831Z     ^[[32m✓ ^[[0m^[[90mExpect (MEMBER BODY '(NIL "") :TEST #'EQUAL) to be true.^[[0m
sbcl-bin	Run tests	2026-09-29T04:38:59.7891757Z NOTICE: Running in debug mode. Debugger will be invoked on errors.
sbcl-bin	Run tests	2026-09-29T04:38:59.8900969Z   Specify ':debug nil' to turn it off on remote environments.  ^[[37mrepeated slashes^[[0m
sbcl-bin	Run tests	2026-09-29T04:38:59.8904366Z     ^[[32m✓ ^[[0m^[[90mExpect (EQL STATUS 200) to be true.^[[0m
sbcl-bin	Run tests	2026-09-29T04:38:59.8905279Z     ^[[32m✓ ^[[0m^[[90mExpect (EQUAL (GET-HEADER HEADERS :CONTENT-TYPE) "text/plain; charset=utf-8") to be true.^[[0m
sbcl-bin	Run tests	2026-09-29T04:38:59.8906128Z     ^[[32m✓ ^[[0m^[[90mExpect (EQUAL BODY "/foo///bar/baz") to be true.^[[0m
sbcl-bin	Run tests	2026-09-29T04:39:00.3911147Z NOTICE: Running in debug mode. Debugger will be invoked on errors.
sbcl-bin	Run tests	2026-09-29T04:39:00.4920729Z   Specify ':debug nil' to turn it off on remote environments.  ^[[37mfile upload^[[0m
sbcl-bin	Run tests	2026-09-29T04:39:00.4926090Z     ^[[32m✓ ^[[0m^[[90mExpect (EQL STATUS 200) to be true.^[[0m
sbcl-bin	Run tests	2026-09-29T04:39:00.4926623Z     ^[[32m✓ ^[[0m^[[90mExpect (EQUAL BODY "This is a text for test.
sbcl-bin	Run tests	2026-09-29T04:39:00.4926989Z       ") to be true.^[[0m
sbcl-bin	Run tests	2026-09-29T04:39:00.9932195Z NOTICE: Running in debug mode. Debugger will be invoked on errors.
sbcl-bin	Run tests	2026-09-29T04:39:01.0941161Z   Specify ':debug nil' to turn it off on remote environments.  ^[[37mlarge file upload^[[0m
sbcl-bin	Run tests	2026-09-29T04:39:01.1196898Z     ^[[32m✓ ^[[0m^[[90mExpect (EQL STATUS 200) to be true.^[[0m
sbcl-bin	Run tests	2026-09-29T04:39:01.1197405Z     ^[[32m✓ ^[[0m^[[90mExpect (EQUAL BODY "ok") to be true.^[[0m
sbcl-bin	Run tests	2026-09-29T04:39:01.6203108Z NOTICE: Running in debug mode. Debugger will be invoked on errors.
sbcl-bin	Run tests	2026-09-29T04:39:01.7212137Z   Specify ':debug nil' to turn it off on remote environments.  ^[[37mstreaming^[[0m
sbcl-bin	Run tests	2026-09-29T04:39:04.7223531Z     ^[[32m✓ ^[[0m^[[90mExpect (EQL STATUS 200) to be true.^[[0m
sbcl-bin	Run tests	2026-09-29T04:39:04.7224393Z     ^[[32m✓ ^[[0m^[[90mExpect (EQUAL BODY (FORMAT NIL "0~%1~%2~%")) to be true.^[[0m
sbcl-bin	Run tests	2026-09-29T04:39:05.2228188Z ^[[37mdebug-tests^[[0m
sbcl-bin	Run tests	2026-09-29T04:39:05.3238086Z   ^[[37mDo not crash when the app dies^[[0m
sbcl-bin	Run tests	2026-09-29T04:39:05.3258759Z  <ERROR> [04:39:05] woo - #<FLEXI-STREAMS::VECTOR-INPUT-STREAM {120FA17B93}> cannot be printed readably.
sbcl-bin	Run tests	2026-09-29T04:39:05.3280218Z     ^[[32m✓ ^[[0m^[[90m500 Internal Server Error^[[0m
sbcl-bin	Run tests	2026-09-29T04:39:05.8289760Z 
sbcl-bin	Run tests	2026-09-29T04:39:05.8291152Z ^[[32m✓ 4 tests completed^[[0m
sbcl-bin	Run tests	2026-09-29T04:39:05.8291571Z 
sbcl-bin	Run tests	2026-09-29T04:39:05.8291733Z Summary:
sbcl-bin	Run tests	2026-09-29T04:39:05.8292145Z   All 4 tests passed.
sbcl-bin	Run tests	2026-09-29T04:39:05.8304651Z ^[[37mwoo-ssl-server-tests^[[0m
sbcl-bin	Run tests	2026-09-29T04:39:05.8317271Z 
sbcl-bin	Run tests	2026-09-29T04:39:05.8317578Z ;; testing 'clack.test.suite'
sbcl-bin	Run tests	2026-09-29T04:39:05.8318003Z ^[[37mresponse-tests^[[0m
sbcl-bin	Run tests	2026-09-29T04:39:05.8319149Z NOTICE: Running in debug mode. Debugger will be invoked on errors.
sbcl-bin	Run tests	2026-09-29T04:39:05.9329244Z   Specify ':debug nil' to turn it off on remote environments.  ^[[37mlist^[[0m
sbcl-bin	Run tests	2026-09-29T04:39:05.9978295Z     ^[[32m✓ ^[[0m^[[90mExpect (EQL STATUS 200) to be true.^[[0m
sbcl-bin	Run tests	2026-09-29T04:39:05.9979009Z     ^[[32m✓ ^[[0m^[[90mExpect (EQUAL BODY "HelloWorld") to be true.^[[0m
sbcl-bin	Run tests	2026-09-29T04:39:06.4983836Z NOTICE: Running in debug mode. Debugger will be invoked on errors.
sbcl-bin	Run tests	2026-09-29T04:39:06.5994081Z   Specify ':debug nil' to turn it off on remote environments.  ^[[37mpathname (plain/text)^[[0m
sbcl-bin	Run tests	2026-09-29T04:39:06.6598904Z     ^[[32m✓ ^[[0m^[[90mExpect (EQL STATUS 200) to be true.^[[0m
sbcl-bin	Run tests	2026-09-29T04:39:06.6599872Z     ^[[32m✓ ^[[0m^[[90mExpect (EQUAL (GET-HEADER HEADERS :CONTENT-TYPE) "text/plain; charset=utf-8") to be true.^[[0m
sbcl-bin	Run tests	2026-09-29T04:39:06.6600561Z     ^[[32m✓ ^[[0m^[[90mExpect (SCAN "This is a text for test." BODY) to be true.^[[0m
sbcl-bin	Run tests	2026-09-29T04:39:07.1605563Z NOTICE: Running in debug mode. Debugger will be invoked on errors.
sbcl-bin	Run tests	2026-09-29T04:39:07.2615352Z   Specify ':debug nil' to turn it off on remote environments.  ^[[37mpathname (binary)^[[0m
sbcl-bin	Run tests	2026-09-29T04:39:07.3218048Z     ^[[32m✓ ^[[0m^[[90mExpect (EQL STATUS 200) to be true.^[[0m
sbcl-bin	Run tests	2026-09-29T04:39:07.3219025Z     ^[[32m✓ ^[[0m^[[90mExpect (EQUAL (GET-HEADER HEADERS :CONTENT-TYPE) "image/png") to be true.^[[0m
sbcl-bin	Run tests	2026-09-29T04:39:07.3219976Z     ^[[32m✓ ^[[0m^[[90mExpect (GET-HEADER HEADERS :CONTENT-LENGTH) to be true.^[[0m
sbcl-bin	Run tests	2026-09-29T04:39:07.3220746Z     ^[[32m✓ ^[[0m^[[90mExpect (EQL (LENGTH BODY) 12155) to be true.^[[0m
sbcl-bin	Run tests	2026-09-29T04:39:07.8223744Z NOTICE: Running in debug mode. Debugger will be invoked on errors.
sbcl-bin	Run tests	2026-09-29T04:39:07.9232112Z   Specify ':debug nil' to turn it off on remote environments.  ^[[37mbigger file^[[0m
sbcl-bin	Run tests	2026-09-29T04:39:07.9435355Z     ^[[32m✓ ^[[0m^[[90mExpect (EQL STATUS 200) to be true.^[[0m
sbcl-bin	Run tests	2026-09-29T04:39:07.9436275Z     ^[[32m✓ ^[[0m^[[90mExpect (EQUAL (GET-HEADER HEADERS :CONTENT-TYPE) "image/jpeg") to be true.^[[0m
sbcl-bin	Run tests	2026-09-29T04:39:07.9437223Z     ^[[32m✓ ^[[0m^[[90mExpect (GET-HEADER HEADERS :CONTENT-LENGTH) to be true.^[[0m
sbcl-bin	Run tests	2026-09-29T04:39:07.9437938Z     ^[[32m✓ ^[[0m^[[90mExpect (EQL (LENGTH BODY) 139616) to be true.^[[0m
sbcl-bin	Run tests	2026-09-29T04:39:08.4441925Z NOTICE: Running in debug mode. Debugger will be invoked on errors.
sbcl-bin	Run tests	2026-09-29T04:39:08.5451185Z   Specify ':debug nil' to turn it off on remote environments.  ^[[37mmulti headers (response)^[[0m
sbcl-bin	Run tests	2026-09-29T04:39:08.6058369Z     ^[[32m✓ ^[[0m^[[90mExpect (SCAN "foo,\\s*bar,\\s*baz" (GET-HEADER HEADERS :X-FOO)) to be true.^[[0m
sbcl-bin	Run tests	2026-09-29T04:39:09.1063295Z NOTICE: Running in debug mode. Debugger will be invoked on errors.
sbcl-bin	Run tests	2026-09-29T04:39:09.2073100Z   Specify ':debug nil' to turn it off on remote environments.  ^[[37mno entity headers on 304^[[0m
sbcl-bin	Run tests	2026-09-29T04:39:09.2677953Z     ^[[32m✓ ^[[0m^[[90mExpect (EQL STATUS 304) to be true.^[[0m
sbcl-bin	Run tests	2026-09-29T04:39:09.2678740Z     ^[[32m✓ ^[[0m^[[90mExpect (EQUALP BODY #()) to be true.^[[0m
sbcl-bin	Run tests	2026-09-29T04:39:09.2679362Z     ^[[32m✓ ^[[0m^[[90mNo Content-Type^[[0m
sbcl-bin	Run tests	2026-09-29T04:39:09.2679853Z     ^[[32m✓ ^[[0m^[[90mNo Content-Length^[[0m
sbcl-bin	Run tests	2026-09-29T04:39:09.2680352Z     ^[[32m✓ ^[[0m^[[90mNo Transfer-Encoding^[[0m
sbcl-bin	Run tests	2026-09-29T04:39:09.7683480Z NOTICE: Running in debug mode. Debugger will be invoked on errors.
sbcl-bin	Run tests	2026-09-29T04:39:09.8692773Z   Specify ':debug nil' to turn it off on remote environments.  ^[[37mCRLF output^[[0m
sbcl-bin	Run tests	2026-09-29T04:39:09.9297390Z     ^[[32m✓ ^[[0m^[[90mExpect (EQL STATUS 200) to be true.^[[0m
sbcl-bin	Run tests	2026-09-29T04:39:09.9298202Z     ^[[32m✓ ^[[0m^[[90mExpect (NULL (GET-HEADER HEADERS :FOO)) to be true.^[[0m
sbcl-bin	Run tests	2026-09-29T04:39:09.9298628Z     ^[[32m✓ ^[[0m^[[90mExpect (EQUAL BODY
sbcl-bin	Run tests	2026-09-29T04:39:09.9298977Z                     (FORMAT NIL "Foo: Bar~A~A~A~AHello World" #\Return #\Newline
sbcl-bin	Run tests	2026-09-29T04:39:09.9299438Z                             #\Return #\Newline)) to be true.^[[0m
sbcl-bin	Run tests	2026-09-29T04:39:10.4303421Z NOTICE: Running in debug mode. Debugger will be invoked on errors.
sbcl-bin	Run tests	2026-09-29T04:39:10.5313317Z   Specify ':debug nil' to turn it off on remote environments.  ^[[37mtest 404^[[0m
sbcl-bin	Run tests	2026-09-29T04:39:10.5917924Z     ^[[32m✓ ^[[0m^[[90mExpect (EQL STATUS 404) to be true.^[[0m
sbcl-bin	Run tests	2026-09-29T04:39:10.5918709Z     ^[[32m✓ ^[[0m^[[90mExpect (EQUAL BODY "Not Found") to be true.^[[0m
sbcl-bin	Run tests	2026-09-29T04:39:11.0923407Z NOTICE: Running in debug mode. Debugger will be invoked on errors.
sbcl-bin	Run tests	2026-09-29T04:39:11.1933784Z   Specify ':debug nil' to turn it off on remote environments.  ^[[37mContent-Length 0 is not set Transfer-Encoding^[[0m
sbcl-bin	Run tests	2026-09-29T04:39:11.2537659Z     ^[[32m✓ ^[[0m^[[90mExpect (EQL STATUS 200) to be true.^[[0m
sbcl-bin	Run tests	2026-09-29T04:39:11.2538440Z     ^[[32m✓ ^[[0m^[[90mExpect (NULL (GET-HEADER HEADERS :CLIENT-TRANSFER-ENCODING)) to be true.^[[0m
sbcl-bin	Run tests	2026-09-29T04:39:11.2538977Z     ^[[32m✓ ^[[0m^[[90mExpect (EQUAL BODY "") to be true.^[[0m
sbcl-bin	Run tests	2026-09-29T04:39:11.7541889Z ^[[37menv-tests^[[0m
sbcl-bin	Run tests	2026-09-29T04:39:11.7542376Z NOTICE: Running in debug mode. Debugger will be invoked on errors.
sbcl-bin	Run tests	2026-09-29T04:39:11.8552209Z   Specify ':debug nil' to turn it off on remote environments.  ^[[37mSCRIPT-NAME^[[0m
sbcl-bin	Run tests	2026-09-29T04:39:11.9157926Z     ^[[32m✓ ^[[0m^[[90mExpect (MEMBER (DEXADOR:GET (LOCALHOST)) '(NIL "") :TEST #'EQUAL) to be true.^[[0m^[[33m (60ms)^[[0m
sbcl-bin	Run tests	2026-09-29T04:39:12.4163435Z NOTICE: Running in debug mode. Debugger will be invoked on errors.
sbcl-bin	Run tests	2026-09-29T04:39:12.5172980Z   Specify ':debug nil' to turn it off on remote environments.  ^[[37murl-scheme^[[0m
sbcl-bin	Run tests	2026-09-29T04:39:12.5777501Z     ^[[32m✓ ^[[0m^[[90mExpect (EQL STATUS 200) to be true.^[[0m
sbcl-bin	Run tests	2026-09-29T04:39:12.5778431Z     ^[[32m✓ ^[[0m^[[90mExpect (EQUAL (GET-HEADER HEADERS :CONTENT-TYPE) "text/plain; charset=utf-8") to be true.^[[0m
sbcl-bin	Run tests	2026-09-29T04:39:12.5779021Z     ^[[32m✓ ^[[0m^[[90mExpect (EQUAL BODY "http") to be true.^[[0m
sbcl-bin	Run tests	2026-09-29T04:39:13.0783053Z NOTICE: Running in debug mode. Debugger will be invoked on errors.
sbcl-bin	Run tests	2026-09-29T04:39:13.1793159Z   Specify ':debug nil' to turn it off on remote environments.  ^[[37mhandle HTTP-Header^[[0m
sbcl-bin	Run tests	2026-09-29T04:39:13.2397759Z     ^[[32m✓ ^[[0m^[[90mExpect (EQL STATUS 200) to be true.^[[0m
sbcl-bin	Run tests	2026-09-29T04:39:13.2398726Z     ^[[32m✓ ^[[0m^[[90mExpect (EQUAL (GET-HEADER HEADERS :CONTENT-TYPE) "text/plain; charset=utf-8") to be true.^[[0m
sbcl-bin	Run tests	2026-09-29T04:39:13.2399335Z     ^[[32m✓ ^[[0m^[[90mExpect (EQUAL BODY "Bar") to be true.^[[0m
sbcl-bin	Run tests	2026-09-29T04:39:13.7403329Z NOTICE: Running in debug mode. Debugger will be invoked on errors.
sbcl-bin	Run tests	2026-09-29T04:39:13.8411803Z   Specify ':debug nil' to turn it off on remote environments.  ^[[37mvalidate env^[[0m
sbcl-bin	Run tests	2026-09-29T04:39:13.9018185Z     ^[[32m✓ ^[[0m^[[90mExpect (EQL STATUS 200) to be true.^[[0m
sbcl-bin	Run tests	2026-09-29T04:39:13.9019145Z     ^[[32m✓ ^[[0m^[[90mExpect (EQUAL (GET-HEADER HEADERS :CONTENT-TYPE) "text/plain; charset=utf-8") to be true.^[[0m
sbcl-bin	Run tests	2026-09-29T04:39:13.9019691Z     ^[[32m✓ ^[[0m^[[90mExpect (EQUAL BODY
sbcl-bin	Run tests	2026-09-29T04:39:13.9019966Z                     (FORMAT NIL "~{~A~%~}"
sbcl-bin	Run tests	2026-09-29T04:39:13.9020367Z                             `("REQUEST-METHOD::GET" "PATH-INFO:\"/foo/\""
sbcl-bin	Run tests	2026-09-29T04:39:13.9020728Z                               "QUERY-STRING:\"ediweitz=weitzedi\""
sbcl-bin	Run tests	2026-09-29T04:39:13.9021080Z                               "SERVER-NAME:\"127.0.0.1\""
sbcl-bin	Run tests	2026-09-29T04:39:13.9021408Z                               ,(FORMAT NIL "SERVER-PORT:~D"
sbcl-bin	Run tests	2026-09-29T04:39:13.9021827Z                                        *CLACK-TEST-ACCESS-PORT*)))) to be true.^[[0m
sbcl-bin	Run tests	2026-09-29T04:39:14.4024011Z NOTICE: Running in debug mode. Debugger will be invoked on errors.
sbcl-bin	Run tests	2026-09-29T04:39:14.5034379Z   Specify ':debug nil' to turn it off on remote environments.  ^[[37mvalidate env (must be integer)^[[0m
sbcl-bin	Run tests	2026-09-29T04:39:14.5637445Z     ^[[32m✓ ^[[0m^[[90mExpect (EQL STATUS 200) to be true.^[[0m
sbcl-bin	Run tests	2026-09-29T04:39:14.5638511Z     ^[[32m✓ ^[[0m^[[90mExpect (EQUAL (GET-HEADER HEADERS :CONTENT-TYPE) "text/plain; charset=utf-8") to be true.^[[0m
sbcl-bin	Run tests	2026-09-29T04:39:14.5639345Z     ^[[32m✓ ^[[0m^[[90mExpect (EQUAL BODY
sbcl-bin	Run tests	2026-09-29T04:39:14.5639763Z                     (FORMAT NIL "~{~{~A:~A~%~}~}"
sbcl-bin	Run tests	2026-09-29T04:39:14.5640519Z                             `((:SERVER-PORT T) (:REMOTE-PORT T) (:CONTENT-LENGTH T)))) to be true.^[[0m
sbcl-bin	Run tests	2026-09-29T04:39:15.0643246Z NOTICE: Running in debug mode. Debugger will be invoked on errors.
sbcl-bin	Run tests	2026-09-29T04:39:15.1652717Z   Specify ':debug nil' to turn it off on remote environments.  ^[[37m% encoding in PATH-INFO^[[0m
sbcl-bin	Run tests	2026-09-29T04:39:15.2258188Z     ^[[32m✓ ^[[0m^[[90mExpect (EQUAL (DEXADOR:GET (LOCALHOST "/foo/bar%2cbaz")) "/foo/bar,baz") to be true.^[[0m^[[33m (60ms)^[[0m
sbcl-bin	Run tests	2026-09-29T04:39:15.7263148Z NOTICE: Running in debug mode. Debugger will be invoked on errors.
sbcl-bin	Run tests	2026-09-29T04:39:15.8273302Z   Specify ':debug nil' to turn it off on remote environments.  ^[[37m% double encoding in PATH-INFO^[[0m
sbcl-bin	Run tests	2026-09-29T04:39:15.8878530Z     ^[[32m✓ ^[[0m^[[90mExpect (EQUAL (DEXADOR:GET (LOCALHOST "/foo/bar%252cbaz")) "/foo/bar%2cbaz") to be true.^[[0m^[[33m (60ms)^[[0m
sbcl-bin	Run tests	2026-09-29T04:39:16.3883072Z NOTICE: Running in debug mode. Debugger will be invoked on errors.
sbcl-bin	Run tests	2026-09-29T04:39:16.4893733Z   Specify ':debug nil' to turn it off on remote environments.  ^[[37m% encoding in PATH-INFO (outside of URI characters)^[[0m
sbcl-bin	Run tests	2026-09-29T04:39:16.5499015Z     ^[[32m✓ ^[[0m^[[90mExpect (EQUAL (DEXADOR:GET (LOCALHOST "/foo%E3%81%82"))
sbcl-bin	Run tests	2026-09-29T04:39:16.5500163Z                     (FORMAT NIL "/foo~A"
sbcl-bin	Run tests	2026-09-29T04:39:16.5500672Z                             (OCTETS-TO-STRING #(227 129 130) :EXTERNAL-FORMAT
sbcl-bin	Run tests	2026-09-29T04:39:16.5501388Z                                               :UTF-8))) to be true.^[[0m^[[33m (60ms)^[[0m
sbcl-bin	Run tests	2026-09-29T04:39:17.0503480Z NOTICE: Running in debug mode. Debugger will be invoked on errors.
sbcl-bin	Run tests	2026-09-29T04:39:17.1513389Z   Specify ':debug nil' to turn it off on remote environments.  ^[[37mInvalid UTF-8 encoded PATH-INFO^[[0m
sbcl-bin	Run tests	2026-09-29T04:39:17.2118186Z     ^[[32m✓ ^[[0m^[[90mExpect (SCAN (FORMAT NIL "/あ~A" #\REPLACEMENT_CHARACTER)
sbcl-bin	Run tests	2026-09-29T04:39:17.2119195Z                    (DEXADOR:GET (LOCALHOST "/%E3%81%82%BF%27%22%28"))) to be true.^[[0m^[[33m (60ms)^[[0m
sbcl-bin	Run tests	2026-09-29T04:39:17.7123008Z NOTICE: Running in debug mode. Debugger will be invoked on errors.
sbcl-bin	Run tests	2026-09-29T04:39:17.8132466Z   Specify ':debug nil' to turn it off on remote environments.  ^[[37mSERVER-PROTOCOL is required^[[0m
sbcl-bin	Run tests	2026-09-29T04:39:17.8737077Z     ^[[32m✓ ^[[0m^[[90mExpect (EQL STATUS 200) to be true.^[[0m
sbcl-bin	Run tests	2026-09-29T04:39:17.8737807Z     ^[[32m✓ ^[[0m^[[90mExpect (EQUAL (GET-HEADER HEADERS :CONTENT-TYPE) "text/plain; charset=utf-8") to be true.^[[0m
sbcl-bin	Run tests	2026-09-29T04:39:17.8738449Z     ^[[32m✓ ^[[0m^[[90mExpect (SCAN "^:HTTP/1\\.[01]$" BODY) to be true.^[[0m
sbcl-bin	Run tests	2026-09-29T04:39:18.3743098Z NOTICE: Running in debug mode. Debugger will be invoked on errors.
sbcl-bin	Run tests	2026-09-29T04:39:18.4753288Z   Specify ':debug nil' to turn it off on remote environments.  ^[[37mSCRIPT-NAME should not be nil^[[0m
sbcl-bin	Run tests	2026-09-29T04:39:18.5358106Z     ^[[32m✓ ^[[0m^[[90mExpect (EQUAL (DEXADOR:GET (LOCALHOST "/foo/?ediweitz=weitzedi")) (STRING T)) to be true.^[[0m^[[33m (60ms)^[[0m
sbcl-bin	Run tests	2026-09-29T04:39:19.0363149Z NOTICE: Running in debug mode. Debugger will be invoked on errors.
sbcl-bin	Run tests	2026-09-29T04:39:19.1372314Z   Specify ':debug nil' to turn it off on remote environments.  ^[[37mDo not set COOKIE^[[0m
sbcl-bin	Run tests	2026-09-29T04:39:19.1978022Z     ^[[32m✓ ^[[0m^[[90mExpect (EQL STATUS 200) to be true.^[[0m
sbcl-bin	Run tests	2026-09-29T04:39:19.1978917Z     ^[[32m✓ ^[[0m^[[90mExpect (NULL (GET-HEADER HEADERS :X-COOKIE)) to be true.^[[0m
sbcl-bin	Run tests	2026-09-29T04:39:19.1979668Z     ^[[32m✓ ^[[0m^[[90mExpect (EQUAL BODY "foo=bar") to be true.^[[0m
sbcl-bin	Run tests	2026-09-29T04:39:19.6983505Z NOTICE: Running in debug mode. Debugger will be invoked on errors.
sbcl-bin	Run tests	2026-09-29T04:39:19.7992839Z   Specify ':debug nil' to turn it off on remote environments.  ^[[37mREQUEST-URI is set^[[0m
sbcl-bin	Run tests	2026-09-29T04:39:19.8597501Z     ^[[32m✓ ^[[0m^[[90mExpect (EQUAL (DEXADOR:GET (LOCALHOST "/foo/bar%20baz%73?x=a"))
sbcl-bin	Run tests	2026-09-29T04:39:19.8598238Z                     "/foo/bar%20baz%73?x=a") to be true.^[[0m^[[33m (60ms)^[[0m
sbcl-bin	Run tests	2026-09-29T04:39:20.3601028Z ^[[37mrequest-tests^[[0m
sbcl-bin	Run tests	2026-09-29T04:39:20.3601803Z NOTICE: Running in debug mode. Debugger will be invoked on errors.
sbcl-bin	Run tests	2026-09-29T04:39:20.4613160Z   Specify ':debug nil' to turn it off on remote environments.  ^[[37mGET^[[0m
sbcl-bin	Run tests	2026-09-29T04:39:20.5217819Z     ^[[32m✓ ^[[0m^[[90mExpect (EQL STATUS 200) to be true.^[[0m
sbcl-bin	Run tests	2026-09-29T04:39:20.5219419Z     ^[[32m✓ ^[[0m^[[90mExpect (EQUAL (GET-HEADER HEADERS :CONTENT-TYPE) "text/plain; charset=utf-8") to be true.^[[0m
sbcl-bin	Run tests	2026-09-29T04:39:20.5220455Z     ^[[32m✓ ^[[0m^[[90mExpect (EQUAL BODY "Hello, name=fukamachi") to be true.^[[0m
sbcl-bin	Run tests	2026-09-29T04:39:21.0223899Z NOTICE: Running in debug mode. Debugger will be invoked on errors.
sbcl-bin	Run tests	2026-09-29T04:39:21.1233216Z   Specify ':debug nil' to turn it off on remote environments.  ^[[37mPOST^[[0m
sbcl-bin	Run tests	2026-09-29T04:39:21.1838469Z     ^[[32m✓ ^[[0m^[[90mExpect (EQL STATUS 200) to be true.^[[0m
sbcl-bin	Run tests	2026-09-29T04:39:21.1839462Z     ^[[32m✓ ^[[0m^[[90mExpect (EQUAL (GET-HEADER HEADERS :CLIENT-CONTENT-LENGTH) "11") to be true.^[[0m
sbcl-bin	Run tests	2026-09-29T04:39:21.1840402Z     ^[[32m✓ ^[[0m^[[90mExpect (EQUAL (GET-HEADER HEADERS :CLIENT-CONTENT-TYPE)
sbcl-bin	Run tests	2026-09-29T04:39:21.1841170Z                     "application/x-www-form-urlencoded") to be true.^[[0m
sbcl-bin	Run tests	2026-09-29T04:39:21.1841920Z     ^[[32m✓ ^[[0m^[[90mExpect (EQUAL BODY "Hello, name=eitaro") to be true.^[[0m
sbcl-bin	Run tests	2026-09-29T04:39:21.6844589Z NOTICE: Running in debug mode. Debugger will be invoked on errors.
sbcl-bin	Run tests	2026-09-29T04:39:21.7854182Z   Specify ':debug nil' to turn it off on remote environments.  ^[[37mbig POST^[[0m
sbcl-bin	Run tests	2026-09-29T04:39:21.8532843Z     ^[[32m✓ ^[[0m^[[90mExpect (EQL STATUS 200) to be true.^[[0m
sbcl-bin	Run tests	2026-09-29T04:39:21.8533911Z     ^[[32m✓ ^[[0m^[[90mExpect (EQUAL (GET-HEADER HEADERS :CLIENT-CONTENT-LENGTH) (PRINC-TO-STRING LEN)) to be true.^[[0m
sbcl-bin	Run tests	2026-09-29T04:39:21.8534905Z     ^[[32m✓ ^[[0m^[[90mExpect (EQUAL (LENGTH BODY) LEN) to be true.^[[0m
sbcl-bin	Run tests	2026-09-29T04:39:22.3537976Z NOTICE: Running in debug mode. Debugger will be invoked on errors.
sbcl-bin	Run tests	2026-09-29T04:39:22.4547625Z   Specify ':debug nil' to turn it off on remote environments.  ^[[37mbig POST (chunked)^[[0m
sbcl-bin	Run tests	2026-09-29T04:39:22.5223683Z     ^[[32m✓ ^[[0m^[[90mExpect (EQL STATUS 200) to be true.^[[0m
sbcl-bin	Run tests	2026-09-29T04:39:22.5224640Z     ^[[32m✓ ^[[0m^[[90mExpect (NULL (GET-HEADER HEADERS :CLIENT-CONTENT-LENGTH)) to be true.^[[0m
sbcl-bin	Run tests	2026-09-29T04:39:22.5225502Z     ^[[32m✓ ^[[0m^[[90mExpect (EQUAL (LENGTH BODY) LEN) to be true.^[[0m
sbcl-bin	Run tests	2026-09-29T04:39:23.0229182Z NOTICE: Running in debug mode. Debugger will be invoked on errors.
sbcl-bin	Run tests	2026-09-29T04:39:23.1238219Z   Specify ':debug nil' to turn it off on remote environments.  ^[[37mmulti headers (request)^[[0m
sbcl-bin	Run tests	2026-09-29T04:39:23.1848279Z     ^[[32m✓ ^[[0m^[[90mExpect (SCAN "^bar,\\s*baz$"
sbcl-bin	Run tests	2026-09-29T04:39:23.1848871Z                    (DEXADOR:GET (LOCALHOST) :HEADERS
sbcl-bin	Run tests	2026-09-29T04:39:23.1849597Z                                 '(("Foo" . "bar") ("Foo" . "baz")))) to be true.^[[0m^[[33m (61ms)^[[0m
sbcl-bin	Run tests	2026-09-29T04:39:23.6853817Z NOTICE: Running in debug mode. Debugger will be invoked on errors.
sbcl-bin	Run tests	2026-09-29T04:39:23.7863674Z   Specify ':debug nil' to turn it off on remote environments.  ^[[37ma big header value > 128 bytes^[[0m
sbcl-bin	Run tests	2026-09-29T04:39:23.9404009Z     ^[[32m✓ ^[[0m^[[90mExpect (EQL STATUS 200) to be true.^[[0m
sbcl-bin	Run tests	2026-09-29T04:39:23.9404624Z     ^[[32m✓ ^[[0m^[[90mExpect (EQUAL BODY CHUNK) to be true.^[[0m
sbcl-bin	Run tests	2026-09-29T04:39:24.4409788Z NOTICE: Running in debug mode. Debugger will be invoked on errors.
sbcl-bin	Run tests	2026-09-29T04:39:24.5419586Z   Specify ':debug nil' to turn it off on remote environments.  ^[[37mrequest -> input seekable^[[0m
sbcl-bin	Run tests	2026-09-29T04:39:24.6028207Z     ^[[32m✓ ^[[0m^[[90mExpect (EQUAL (DEXADOR:POST (LOCALHOST) :CONTENT "body") "body") to be true.^[[0m^[[33m (61ms)^[[0m
sbcl-bin	Run tests	2026-09-29T04:39:25.1033349Z NOTICE: Running in debug mode. Debugger will be invoked on errors.
sbcl-bin	Run tests	2026-09-29T04:39:25.2043000Z   Specify ':debug nil' to turn it off on remote environments.  ^[[37mhandle Authorization header^[[0m
sbcl-bin	Run tests	2026-09-29T04:39:25.2647582Z     ^[[32m✓ ^[[0m^[[90mExpect (EQL STATUS 200) to be true.^[[0m
sbcl-bin	Run tests	2026-09-29T04:39:25.2648506Z     ^[[32m✓ ^[[0m^[[90mExpect (EQUAL (GET-HEADER HEADERS :X-AUTHORIZATION) (STRING T)) to be true.^[[0m
sbcl-bin	Run tests	2026-09-29T04:39:25.2649384Z     ^[[32m✓ ^[[0m^[[90mExpect (EQUAL BODY "Basic XXXX") to be true.^[[0m
sbcl-bin	Run tests	2026-09-29T04:39:25.3248013Z     ^[[32m✓ ^[[0m^[[90mExpect (EQL STATUS 200) to be true.^[[0m
sbcl-bin	Run tests	2026-09-29T04:39:25.3248753Z     ^[[32m✓ ^[[0m^[[90mExpect (NULL (GET-HEADER HEADERS :X-AUTHORIZATION)) to be true.^[[0m
sbcl-bin	Run tests	2026-09-29T04:39:25.3249793Z     ^[[32m✓ ^[[0m^[[90mExpect (MEMBER BODY '(NIL "") :TEST #'EQUAL) to be true.^[[0m
sbcl-bin	Run tests	2026-09-29T04:39:25.8253378Z NOTICE: Running in debug mode. Debugger will be invoked on errors.
sbcl-bin	Run tests	2026-09-29T04:39:25.9262087Z   Specify ':debug nil' to turn it off on remote environments.  ^[[37mrepeated slashes^[[0m
sbcl-bin	Run tests	2026-09-29T04:39:25.9887502Z     ^[[32m✓ ^[[0m^[[90mExpect (EQL STATUS 200) to be true.^[[0m
sbcl-bin	Run tests	2026-09-29T04:39:25.9888577Z     ^[[32m✓ ^[[0m^[[90mExpect (EQUAL (GET-HEADER HEADERS :CONTENT-TYPE) "text/plain; charset=utf-8") to be true.^[[0m
sbcl-bin	Run tests	2026-09-29T04:39:25.9889551Z     ^[[32m✓ ^[[0m^[[90mExpect (EQUAL BODY "/foo///bar/baz") to be true.^[[0m
sbcl-bin	Run tests	2026-09-29T04:39:26.4893815Z NOTICE: Running in debug mode. Debugger will be invoked on errors.
sbcl-bin	Run tests	2026-09-29T04:39:26.5903666Z   Specify ':debug nil' to turn it off on remote environments.  ^[[37mfile upload^[[0m
sbcl-bin	Run tests	2026-09-29T04:39:26.6507173Z     ^[[32m✓ ^[[0m^[[90mExpect (EQL STATUS 200) to be true.^[[0m
sbcl-bin	Run tests	2026-09-29T04:39:26.6507835Z     ^[[32m✓ ^[[0m^[[90mExpect (EQUAL BODY "This is a text for test.
sbcl-bin	Run tests	2026-09-29T04:39:26.6508680Z       ") to be true.^[[0m
sbcl-bin	Run tests	2026-09-29T04:39:27.1512991Z NOTICE: Running in debug mode. Debugger will be invoked on errors.
sbcl-bin	Run tests	2026-09-29T04:39:27.2523180Z   Specify ':debug nil' to turn it off on remote environments.  ^[[37mlarge file upload^[[0m
sbcl-bin	Run tests	2026-09-29T04:39:27.2804234Z     ^[[32m✓ ^[[0m^[[90mExpect (EQL STATUS 200) to be true.^[[0m
sbcl-bin	Run tests	2026-09-29T04:39:27.2804949Z     ^[[32m✓ ^[[0m^[[90mExpect (EQUAL BODY "ok") to be true.^[[0m
sbcl-bin	Run tests	2026-09-29T04:39:27.7810336Z NOTICE: Running in debug mode. Debugger will be invoked on errors.
sbcl-bin	Run tests	2026-09-29T04:39:27.8818693Z   Specify ':debug nil' to turn it off on remote environments.  ^[[37mstreaming^[[0m
sbcl-bin	Run tests	2026-09-29T04:39:30.9025114Z     ^[[32m✓ ^[[0m^[[90mExpect (EQL STATUS 200) to be true.^[[0m
sbcl-bin	Run tests	2026-09-29T04:39:30.9025956Z     ^[[32m✓ ^[[0m^[[90mExpect (EQUAL BODY (FORMAT NIL "0~%1~%2~%")) to be true.^[[0m
sbcl-bin	Run tests	2026-09-29T04:39:31.4029668Z ^[[37mdebug-tests^[[0m
sbcl-bin	Run tests	2026-09-29T04:39:31.5041371Z   ^[[37mDo not crash when the app dies^[[0m
sbcl-bin	Run tests	2026-09-29T04:39:31.5249851Z  <ERROR> [04:39:31] woo - #<FLEXI-STREAMS::VECTOR-INPUT-STREAM {1201297DB3}> cannot be printed readably.
sbcl-bin	Run tests	2026-09-29T04:39:31.5646477Z     ^[[32m✓ ^[[0m^[[90m500 Internal Server Error^[[0m
sbcl-bin	Run tests	2026-09-29T04:39:32.0650936Z 
sbcl-bin	Run tests	2026-09-29T04:39:32.0652074Z ^[[32m✓ 4 tests completed^[[0m
sbcl-bin	Run tests	2026-09-29T04:39:32.0652407Z 
sbcl-bin	Run tests	2026-09-29T04:39:32.0652732Z Summary:
sbcl-bin	Run tests	2026-09-29T04:39:32.0652952Z   All 4 tests passed.
sbcl-bin	Run tests	2026-09-29T04:39:32.0653263Z ^[[37mgraceful-stop-by-server-thread^[[0m
sbcl-bin	Run tests	2026-09-29T04:39:32.0755971Z   ^[[32m✓ ^[[0m^[[90mthe running server is addressable by its thread^[[0m
sbcl-bin	Run tests	2026-09-29T04:39:32.1259031Z   ^[[32m✓ ^[[0m^[[90mthe thread stop request is accepted^[[0m
sbcl-bin	Run tests	2026-09-29T04:39:32.1359770Z   ^[[32m✓ ^[[0m^[[90mthe server thread exits within five seconds^[[0m
sbcl-bin	Run tests	2026-09-29T04:39:32.1360442Z   ^[[32m✓ ^[[0m^[[90mthe accepted socket closes on stop^[[0m
sbcl-bin	Run tests	2026-09-29T04:39:32.1360910Z   ^[[32m✓ ^[[0m^[[90mthe thread control is removed after cleanup^[[0m
sbcl-bin	Run tests	2026-09-29T04:39:32.1361338Z ^[[37mgraceful-stop-closes-worker-sockets^[[0m
sbcl-bin	Run tests	2026-09-29T04:39:32.3381715Z   ^[[32m✓ ^[[0m^[[90mclustered server registers a graceful stop control^[[0m
sbcl-bin	Run tests	2026-09-29T04:39:32.4400696Z   ^[[32m✓ ^[[0m^[[90mclustered stop request is accepted^[[0m
sbcl-bin	Run tests	2026-09-29T04:39:32.5410238Z   ^[[32m✓ ^[[0m^[[90mclustered server exits within twelve seconds^[[0m
sbcl-bin	Run tests	2026-09-29T04:39:32.5411058Z   ^[[32m✓ ^[[0m^[[90man accepted worker socket closes on stop^[[0m
sbcl-bin	Run tests	2026-09-29T04:39:32.5411732Z   ^[[32m✓ ^[[0m^[[90man accepted worker socket closes on stop^[[0m
sbcl-bin	Run tests	2026-09-29T04:39:32.5412387Z   ^[[32m✓ ^[[0m^[[90man accepted worker socket closes on stop^[[0m
sbcl-bin	Run tests	2026-09-29T04:39:32.5413181Z   ^[[32m✓ ^[[0m^[[90man accepted worker socket closes on stop^[[0m
sbcl-bin	Run tests	2026-09-29T04:39:32.5413772Z   ^[[32m✓ ^[[0m^[[90man accepted worker socket closes on stop^[[0m
sbcl-bin	Run tests	2026-09-29T04:39:32.5414371Z   ^[[32m✓ ^[[0m^[[90man accepted worker socket closes on stop^[[0m
sbcl-bin	Run tests	2026-09-29T04:39:32.5414924Z   ^[[32m✓ ^[[0m^[[90man accepted worker socket closes on stop^[[0m
sbcl-bin	Run tests	2026-09-29T04:39:32.5415538Z   ^[[32m✓ ^[[0m^[[90man accepted worker socket closes on stop^[[0m
sbcl-bin	Run tests	2026-09-29T04:39:32.5416614Z   ^[[32m✓ ^[[0m^[[90man accepted worker socket closes on stop^[[0m
sbcl-bin	Run tests	2026-09-29T04:39:32.5417264Z   ^[[32m✓ ^[[0m^[[90man accepted worker socket closes on stop^[[0m
sbcl-bin	Run tests	2026-09-29T04:39:32.5417892Z   ^[[32m✓ ^[[0m^[[90man accepted worker socket closes on stop^[[0m
sbcl-bin	Run tests	2026-09-29T04:39:32.5418585Z   ^[[32m✓ ^[[0m^[[90man accepted worker socket closes on stop^[[0m
sbcl-bin	Run tests	2026-09-29T04:39:32.5419196Z ^[[37mevent-loop-backend-descriptors-close^[[0m
sbcl-bin	Run tests	2026-09-29T04:39:32.5542217Z   ^[[32m✓ ^[[0m^[[90mdescriptors before=78 after=78^[[0m
sbcl-bin	Run tests	2026-09-29T04:39:32.5542973Z ^[[37mhttp2-preface-detection^[[0m
sbcl-bin	Run tests	2026-09-29T04:39:32.5543429Z   ^[[37mcomplete PRI preface is HTTP/2^[[0m
sbcl-bin	Run tests	2026-09-29T04:39:32.5543950Z     ^[[32m✓ ^[[0m^[[90m24-byte connection preface^[[0m
sbcl-bin	Run tests	2026-09-29T04:39:32.5544739Z     ^[[32m✓ ^[[0m^[[90mExpect (WOO:HTTP2-CONNECTION-PREFACE-MATCH PREFACE 0 24) to be true.^[[0m
sbcl-bin	Run tests	2026-09-29T04:39:32.5545447Z   ^[[37mpartial matching prefix needs more data^[[0m
sbcl-bin	Run tests	2026-09-29T04:39:32.5546340Z     ^[[32m✓ ^[[0m^[[90mExpect (EQ (WOO:LOOKS-LIKE-HTTP2-PREFACE PARTIAL 0 8) :NEED-MORE) to be true.^[[0m
sbcl-bin	Run tests	2026-09-29T04:39:32.5547458Z   ^[[37mHTTP/1 request is not a preface^[[0m
sbcl-bin	Run tests	2026-09-29T04:39:32.5548276Z     ^[[32m✓ ^[[0m^[[90mExpect (EQ (WOO:LOOKS-LIKE-HTTP2-PREFACE GET 0 (LENGTH GET)) :HTTP1) to be true.^[[0m
sbcl-bin	Run tests	2026-09-29T04:39:32.5549000Z   ^[[37mempty buffer waits^[[0m
sbcl-bin	Run tests	2026-09-29T04:39:32.5549507Z     ^[[32m✓ ^[[0m^[[90mExpect (EQ (WOO:LOOKS-LIKE-HTTP2-PREFACE EMPTY 0 0) :NEED-MORE) to be true.^[[0m
sbcl-bin	Run tests	2026-09-29T04:39:32.5550017Z ^[[37mhttp1-replay-after-protocol-detection^[[0m
sbcl-bin	Run tests	2026-09-29T04:39:32.6554962Z   ^[[37mHTTP/1 requests survive the detection replay^[[0m
sbcl-bin	Run tests	2026-09-29T04:39:32.6558648Z     ^[[32m✓ ^[[0m^[[90mheaders and body in the first packet^[[0m
sbcl-bin	Run tests	2026-09-29T04:39:32.6559268Z     ^[[32m✓ ^[[0m^[[90mExpect (SEARCH "POST /echo [hello]" RES) to be true.^[[0m
sbcl-bin	Run tests	2026-09-29T04:39:32.6561577Z     ^[[32m✓ ^[[0m^[[90mfirst packet is a preface prefix^[[0m
sbcl-bin	Run tests	2026-09-29T04:39:32.6562731Z     ^[[32m✓ ^[[0m^[[90mExpect (SEARCH "POST /echo [world]" RES) to be true.^[[0m
sbcl-bin	Run tests	2026-09-29T04:39:32.6564598Z     ^[[32m✓ ^[[0m^[[90mrequest line split after the method^[[0m
sbcl-bin	Run tests	2026-09-29T04:39:32.6565263Z     ^[[32m✓ ^[[0m^[[90mExpect (SEARCH "GET /split []" RES) to be true.^[[0m
sbcl-bin	Run tests	2026-09-29T04:39:32.6565757Z     ^[[32m✓ ^[[0m^[[90mno server thread errors: ^[[0m
sbcl-bin	Run tests	2026-09-29T04:39:33.1569611Z 
sbcl-bin	Run tests	2026-09-29T04:39:33.1570212Z ;; testing 'woo-test.ipv6'
sbcl-bin	Run tests	2026-09-29T04:39:33.1571155Z ^[[37mipv6-tests^[[0m
sbcl-bin	Run tests	2026-09-29T04:39:33.1571648Z NOTICE: Running in debug mode. Debugger will be invoked on errors.
sbcl-bin	Run tests	2026-09-29T04:39:33.2581497Z   Specify ':debug nil' to turn it off on remote environments.  ^[[37mIPv6^[[0m
sbcl-bin	Run tests	2026-09-29T04:39:33.3034112Z     ^[[32m✓ ^[[0m^[[90mExpect (EQL STATUS 200) to be true.^[[0m
sbcl-bin	Run tests	2026-09-29T04:39:33.3034910Z     ^[[32m✓ ^[[0m^[[90mExpect (EQUAL BODY "HelloWorld") to be true.^[[0m
sbcl-bin	Run tests	2026-09-29T04:39:33.8028136Z 
sbcl-bin	Run tests	2026-09-29T04:39:33.8028635Z ;; testing 'woo-test.file-size'
sbcl-bin	Run tests	2026-09-29T04:39:33.8029291Z ^[[37mfd-file-size-single-threaded-tests^[[0m
sbcl-bin	Run tests	2026-09-29T04:39:33.8030124Z   ^[[37mreports the true size of the file behind the fd^[[0m
sbcl-bin	Run tests	2026-09-29T04:39:33.8031844Z     ^[[32m✓ ^[[0m^[[90mExpect (= (WOO::FD-FILE-SIZE FD) *SMALL-SIZE*) to be true.^[[0m
sbcl-bin	Run tests	2026-09-29T04:39:33.8032742Z ^[[37mfd-file-size-concurrency-tests^[[0m
sbcl-bin	Run tests	2026-09-29T04:39:33.8033456Z   ^[[37mconcurrent callers each get their own file's size^[[0m
sbcl-bin	Run tests	2026-09-29T04:39:33.8323783Z     ^[[32m✓ ^[[0m^[[90m0/80000 concurrent fd-file-size calls returned another file's size^[[0m
sbcl-bin	Run tests	2026-09-29T04:39:33.8324586Z ^[[37mfd-file-size-closed-descriptor-tests^[[0m
sbcl-bin	Run tests	2026-09-29T04:39:33.8325317Z   ^[[37ma closed descriptor fails instead of returning stale metadata^[[0m
sbcl-bin	Run tests	2026-09-29T04:39:33.8326312Z     ^[[32m✓ ^[[0m^[[90mExpect (WOO::FD-FILE-SIZE FD) to signal ERROR.^[[0m
sbcl-bin	Run tests	2026-09-29T04:39:33.8326713Z 
sbcl-bin	Run tests	2026-09-29T04:39:33.8326859Z ;; testing 'woo-test.worker'
sbcl-bin	Run tests	2026-09-29T04:39:33.8327395Z ^[[37mlegacy-worker-random-bindings-are-private^[[0m
sbcl-bin	Run tests	2026-09-29T04:39:33.8328083Z   ^[[37mactual legacy workers receive distinct random states^[[0m
sbcl-bin	Run tests	2026-09-29T04:39:34.0336643Z     ^[[32m✓ ^[[0m^[[90mExpect (BT2:WAIT-ON-SEMAPHORE DONE :TIMEOUT 5) to be true.^[[0m
sbcl-bin	Run tests	2026-09-29T04:39:34.0337970Z     ^[[32m✓ ^[[0m^[[90mExpect (BT2:WAIT-ON-SEMAPHORE DONE :TIMEOUT 5) to be true.^[[0m
sbcl-bin	Run tests	2026-09-29T04:39:34.0338592Z     ^[[32m✓ ^[[0m^[[90mExpect (= 2 (LENGTH (REMOVE-DUPLICATES STATES :TEST #'EQ))) to be true.^[[0m
sbcl-bin	Run tests	2026-09-29T04:39:34.0339199Z     ^[[32m✓ ^[[0m^[[90mExpect (MEMBER *RANDOM-STATE* STATES :TEST #'EQ) to be false.^[[0m
sbcl-bin	Run tests	2026-09-29T04:39:34.1337304Z 
sbcl-bin	Run tests	2026-09-29T04:39:34.1337830Z ;; testing 'woo-test.response'
sbcl-bin	Run tests	2026-09-29T04:39:34.1338626Z ^[[37mstatus-code-to-text-tests^[[0m
sbcl-bin	Run tests	2026-09-29T04:39:34.1339185Z   ^[[37mreturns the reason phrase for known codes^[[0m
sbcl-bin	Run tests	2026-09-29T04:39:34.1339958Z     ^[[32m✓ ^[[0m^[[90mExpect (EQUAL (REASON-PHRASE 200) "OK") to be true.^[[0m
sbcl-bin	Run tests	2026-09-29T04:39:34.1340815Z     ^[[32m✓ ^[[0m^[[90mExpect (EQUAL (REASON-PHRASE 404) "Not Found") to be true.^[[0m
sbcl-bin	Run tests	2026-09-29T04:39:34.1341745Z     ^[[32m✓ ^[[0m^[[90mExpect (EQUAL (REASON-PHRASE 500) "Internal Server Error") to be true.^[[0m
sbcl-bin	Run tests	2026-09-29T04:39:34.1342480Z   ^[[37mreturns NIL for unassigned codes^[[0m
sbcl-bin	Run tests	2026-09-29T04:39:34.1343317Z     ^[[32m✓ ^[[0m^[[90mExpect (NULL (REASON-PHRASE 306)) to be true.^[[0m
sbcl-bin	Run tests	2026-09-29T04:39:34.1344421Z     ^[[32m✓ ^[[0m^[[90mExpect (NULL (REASON-PHRASE 419)) to be true.^[[0m
sbcl-bin	Run tests	2026-09-29T04:39:34.1345098Z     ^[[32m✓ ^[[0m^[[90mExpect (NULL (REASON-PHRASE 499)) to be true.^[[0m
sbcl-bin	Run tests	2026-09-29T04:39:34.1345768Z     ^[[32m✓ ^[[0m^[[90mExpect (NULL (REASON-PHRASE 599)) to be true.^[[0m
sbcl-bin	Run tests	2026-09-29T04:39:34.1346397Z   ^[[37mreturns NIL outside the HTTP status range^[[0m
sbcl-bin	Run tests	2026-09-29T04:39:34.1347063Z     ^[[32m✓ ^[[0m^[[90mExpect (NULL (REASON-PHRASE 99)) to be true.^[[0m
sbcl-bin	Run tests	2026-09-29T04:39:34.1347740Z     ^[[32m✓ ^[[0m^[[90mExpect (NULL (REASON-PHRASE 600)) to be true.^[[0m
sbcl-bin	Run tests	2026-09-29T04:39:34.1348317Z ^[[37mstatus-line-format-tests^[[0m
sbcl-bin	Run tests	2026-09-29T04:39:34.1348871Z   ^[[37ma status line is HTTP/1.1 SP code SP reason CRLF^[[0m
sbcl-bin	Run tests	2026-09-29T04:39:34.1349519Z     ^[[32m✓ ^[[0m^[[90mExpect (EQUAL (STATUS-LINE-STRING 200)
sbcl-bin	Run tests	2026-09-29T04:39:34.1350273Z                     (FORMAT NIL "HTTP/1.1 200 OK~C~C" #\Return #\Newline)) to be true.^[[0m
sbcl-bin	Run tests	2026-09-29T04:39:34.1351014Z     ^[[32m✓ ^[[0m^[[90mExpect (EQUAL (STATUS-LINE-STRING 404)
sbcl-bin	Run tests	2026-09-29T04:39:34.1351792Z                     (FORMAT NIL "HTTP/1.1 404 Not Found~C~C" #\Return #\Newline)) to be true.^[[0m
sbcl-bin	Run tests	2026-09-29T04:39:34.1352704Z   ^[[37mevery registered status line is well formed^[[0m
sbcl-bin	Run tests	2026-09-29T04:39:34.1353293Z     ^[[32m✓ ^[[0m^[[90mmalformed status lines for: NIL^[[0m
sbcl-bin	Run tests	2026-09-29T04:39:34.1353868Z   ^[[37mstatus lines are octet vectors, not strings^[[0m
sbcl-bin	Run tests	2026-09-29T04:39:34.1354338Z     ^[[32m✓ ^[[0m^[[90mnon-octet status lines for: NIL^[[0m
sbcl-bin	Run tests	2026-09-29T04:39:34.1354689Z ^[[37mstatus-line-table-consistency-tests^[[0m
sbcl-bin	Run tests	2026-09-29T04:39:34.1355127Z   ^[[37mevery code with a reason phrase is registered in *status-line*^[[0m
sbcl-bin	Run tests	2026-09-29T04:39:34.1355619Z     ^[[32m✓ ^[[0m^[[90mcodes with a reason phrase but no status line: NIL^[[0m
sbcl-bin	Run tests	2026-09-29T04:39:34.1356052Z   ^[[37mevery registered code has a reason phrase^[[0m
sbcl-bin	Run tests	2026-09-29T04:39:34.1356460Z     ^[[32m✓ ^[[0m^[[90mregistered codes with no reason phrase: NIL^[[0m
sbcl-bin	Run tests	2026-09-29T04:39:34.1356912Z   ^[[37mno reason phrase exists beyond the loop's upper bound^[[0m
sbcl-bin	Run tests	2026-09-29T04:39:34.1357358Z     ^[[32m✓ ^[[0m^[[90mreason phrases outside the built range: NIL^[[0m
sbcl-bin	Run tests	2026-09-29T04:39:34.1357732Z ^[[37mrfc-6585-and-8470-status-tests^[[0m
sbcl-bin	Run tests	2026-09-29T04:39:34.1358041Z   ^[[37mRFC 6585 codes are present^[[0m
sbcl-bin	Run tests	2026-09-29T04:39:34.1358488Z     ^[[32m✓ ^[[0m^[[90mExpect (EQUAL (REASON-PHRASE 429) "Too Many Requests") to be true.^[[0m
sbcl-bin	Run tests	2026-09-29T04:39:34.1359140Z     ^[[32m✓ ^[[0m^[[90mExpect (EQUAL (REASON-PHRASE 428) "Precondition Required") to be true.^[[0m
sbcl-bin	Run tests	2026-09-29T04:39:34.1359797Z     ^[[32m✓ ^[[0m^[[90mExpect (EQUAL (REASON-PHRASE 431) "Request Header Fields Too Large") to be true.^[[0m
sbcl-bin	Run tests	2026-09-29T04:39:34.1360485Z     ^[[32m✓ ^[[0m^[[90mExpect (EQUAL (REASON-PHRASE 511) "Network Authentication Required") to be true.^[[0m
sbcl-bin	Run tests	2026-09-29T04:39:34.1360985Z   ^[[37mRFC 8470 425 Too Early is present^[[0m
sbcl-bin	Run tests	2026-09-29T04:39:34.1361422Z     ^[[32m✓ ^[[0m^[[90mExpect (EQUAL (REASON-PHRASE 425) "Too Early") to be true.^[[0m
sbcl-bin	Run tests	2026-09-29T04:39:34.1362037Z   ^[[37mthey render as complete status lines^[[0m
sbcl-bin	Run tests	2026-09-29T04:39:34.1362386Z     ^[[32m✓ ^[[0m^[[90m425 has a status line^[[0m
sbcl-bin	Run tests	2026-09-29T04:39:34.1362846Z     ^[[32m✓ ^[[0m^[[90m428 has a status line^[[0m
sbcl-bin	Run tests	2026-09-29T04:39:34.1363146Z     ^[[32m✓ ^[[0m^[[90m429 has a status line^[[0m
sbcl-bin	Run tests	2026-09-29T04:39:34.1363440Z     ^[[32m✓ ^[[0m^[[90m431 has a status line^[[0m
sbcl-bin	Run tests	2026-09-29T04:39:34.1363732Z     ^[[32m✓ ^[[0m^[[90m511 has a status line^[[0m
sbcl-bin	Run tests	2026-09-29T04:39:34.1364114Z   ^[[37m511 specifically, as it sits on the loop's upper bound^[[0m
sbcl-bin	Run tests	2026-09-29T04:39:34.1364541Z     ^[[32m✓ ^[[0m^[[90mExpect (EQUAL (STATUS-LINE-STRING 511)
sbcl-bin	Run tests	2026-09-29T04:39:34.1364977Z                     (FORMAT NIL "HTTP/1.1 511 Network Authentication Required~C~C"
sbcl-bin	Run tests	2026-09-29T04:39:34.1365440Z                             #\Return #\Newline)) to be true.^[[0m
sbcl-bin	Run tests	2026-09-29T04:39:34.1365790Z ^[[37mcommon-status-coverage-tests^[[0m
sbcl-bin	Run tests	2026-09-29T04:39:34.1366167Z   ^[[37mthe codes a typical app returns are all registered^[[0m
sbcl-bin	Run tests	2026-09-29T04:39:34.1366536Z     ^[[32m✓ ^[[0m^[[90m200 is registered^[[0m
sbcl-bin	Run tests	2026-09-29T04:39:34.1366987Z     ^[[32m✓ ^[[0m^[[90m201 is registered^[[0m
sbcl-bin	Run tests	2026-09-29T04:39:34.1367274Z     ^[[32m✓ ^[[0m^[[90m204 is registered^[[0m
sbcl-bin	Run tests	2026-09-29T04:39:34.1367558Z     ^[[32m✓ ^[[0m^[[90m206 is registered^[[0m
sbcl-bin	Run tests	2026-09-29T04:39:34.1367837Z     ^[[32m✓ ^[[0m^[[90m301 is registered^[[0m
sbcl-bin	Run tests	2026-09-29T04:39:34.1368115Z     ^[[32m✓ ^[[0m^[[90m302 is registered^[[0m
sbcl-bin	Run tests	2026-09-29T04:39:34.1368407Z     ^[[32m✓ ^[[0m^[[90m303 is registered^[[0m
sbcl-bin	Run tests	2026-09-29T04:39:34.1368685Z     ^[[32m✓ ^[[0m^[[90m304 is registered^[[0m
sbcl-bin	Run tests	2026-09-29T04:39:34.1368967Z     ^[[32m✓ ^[[0m^[[90m307 is registered^[[0m
sbcl-bin	Run tests	2026-09-29T04:39:34.1369250Z     ^[[32m✓ ^[[0m^[[90m308 is registered^[[0m
sbcl-bin	Run tests	2026-09-29T04:39:34.1369531Z     ^[[32m✓ ^[[0m^[[90m400 is registered^[[0m
sbcl-bin	Run tests	2026-09-29T04:39:34.1369809Z     ^[[32m✓ ^[[0m^[[90m401 is registered^[[0m
sbcl-bin	Run tests	2026-09-29T04:39:34.1370088Z     ^[[32m✓ ^[[0m^[[90m403 is registered^[[0m
sbcl-bin	Run tests	2026-09-29T04:39:34.1370368Z     ^[[32m✓ ^[[0m^[[90m404 is registered^[[0m
sbcl-bin	Run tests	2026-09-29T04:39:34.1370658Z     ^[[32m✓ ^[[0m^[[90m405 is registered^[[0m
sbcl-bin	Run tests	2026-09-29T04:39:34.1370950Z     ^[[32m✓ ^[[0m^[[90m409 is registered^[[0m
sbcl-bin	Run tests	2026-09-29T04:39:34.1371245Z     ^[[32m✓ ^[[0m^[[90m410 is registered^[[0m
sbcl-bin	Run tests	2026-09-29T04:39:34.1371524Z     ^[[32m✓ ^[[0m^[[90m413 is registered^[[0m
sbcl-bin	Run tests	2026-09-29T04:39:34.1371804Z     ^[[32m✓ ^[[0m^[[90m415 is registered^[[0m
sbcl-bin	Run tests	2026-09-29T04:39:34.1372088Z     ^[[32m✓ ^[[0m^[[90m422 is registered^[[0m
sbcl-bin	Run tests	2026-09-29T04:39:34.1372369Z     ^[[32m✓ ^[[0m^[[90m500 is registered^[[0m
sbcl-bin	Run tests	2026-09-29T04:39:34.1372763Z     ^[[32m✓ ^[[0m^[[90m501 is registered^[[0m
sbcl-bin	Run tests	2026-09-29T04:39:34.1373040Z     ^[[32m✓ ^[[0m^[[90m502 is registered^[[0m
sbcl-bin	Run tests	2026-09-29T04:39:34.1373317Z     ^[[32m✓ ^[[0m^[[90m503 is registered^[[0m
sbcl-bin	Run tests	2026-09-29T04:39:34.1373599Z     ^[[32m✓ ^[[0m^[[90m504 is registered^[[0m
sbcl-bin	Run tests	2026-09-29T04:39:34.1373899Z ^[[37mfinal-status-wire-range^[[0m
sbcl-bin	Run tests	2026-09-29T04:39:34.2360005Z   ^[[37mAll final HTTP statuses reach the wire^[[0m
sbcl-bin	Run tests	2026-09-29T04:39:34.3008961Z     ^[[32m✓ ^[[0m^[[90mbad final statuses: NIL^[[0m
sbcl-bin	Run tests	2026-09-29T04:39:34.8013234Z ^[[37mmalformed-response-is-contained^[[0m
sbcl-bin	Run tests	2026-09-29T04:39:34.9024869Z   ^[[37mMalformed response receives one 500^[[0m
sbcl-bin	Run tests	2026-09-29T04:39:34.9028583Z     ^[[32m✓ ^[[0m^[[90mExpect (UIOP/UTILITY:STRING-PREFIX-P "HTTP/1.1 500 " RESULT) to be true.^[[0m
sbcl-bin	Run tests	2026-09-29T04:39:34.9029737Z     ^[[32m✓ ^[[0m^[[90mExpect (SEARCH "HTTP/1.1 " RESULT :START2 1) to be false.^[[0m
sbcl-bin	Run tests	2026-09-29T04:39:35.5042452Z   ^[[37mMalformed response receives one 500^[[0m
sbcl-bin	Run tests	2026-09-29T04:39:35.5046992Z     ^[[32m✓ ^[[0m^[[90mExpect (UIOP/UTILITY:STRING-PREFIX-P "HTTP/1.1 500 " RESULT) to be true.^[[0m
sbcl-bin	Run tests	2026-09-29T04:39:35.5047963Z     ^[[32m✓ ^[[0m^[[90mExpect (SEARCH "HTTP/1.1 " RESULT :START2 1) to be false.^[[0m
sbcl-bin	Run tests	2026-09-29T04:39:36.1061457Z   ^[[37mMalformed response receives one 500^[[0m
sbcl-bin	Run tests	2026-09-29T04:39:36.1064664Z     ^[[32m✓ ^[[0m^[[90mExpect (UIOP/UTILITY:STRING-PREFIX-P "HTTP/1.1 500 " RESULT) to be true.^[[0m
sbcl-bin	Run tests	2026-09-29T04:39:36.1065563Z     ^[[32m✓ ^[[0m^[[90mExpect (SEARCH "HTTP/1.1 " RESULT :START2 1) to be false.^[[0m
sbcl-bin	Run tests	2026-09-29T04:39:36.7077317Z   ^[[37mMalformed response receives one 500^[[0m
sbcl-bin	Run tests	2026-09-29T04:39:36.7081188Z     ^[[32m✓ ^[[0m^[[90mExpect (UIOP/UTILITY:STRING-PREFIX-P "HTTP/1.1 500 " RESULT) to be true.^[[0m
sbcl-bin	Run tests	2026-09-29T04:39:36.7082275Z     ^[[32m✓ ^[[0m^[[90mExpect (SEARCH "HTTP/1.1 " RESULT :START2 1) to be false.^[[0m
sbcl-bin	Run tests	2026-09-29T04:39:37.3095259Z   ^[[37mMalformed response receives one 500^[[0m
sbcl-bin	Run tests	2026-09-29T04:39:37.3097951Z     ^[[32m✓ ^[[0m^[[90mExpect (UIOP/UTILITY:STRING-PREFIX-P "HTTP/1.1 500 " RESULT) to be true.^[[0m
sbcl-bin	Run tests	2026-09-29T04:39:37.3098605Z     ^[[32m✓ ^[[0m^[[90mExpect (SEARCH "HTTP/1.1 " RESULT :START2 1) to be false.^[[0m
sbcl-bin	Run tests	2026-09-29T04:39:37.9111556Z   ^[[37mMalformed response receives one 500^[[0m
sbcl-bin	Run tests	2026-09-29T04:39:37.9114791Z     ^[[32m✓ ^[[0m^[[90mExpect (UIOP/UTILITY:STRING-PREFIX-P "HTTP/1.1 500 " RESULT) to be true.^[[0m
sbcl-bin	Run tests	2026-09-29T04:39:37.9115489Z     ^[[32m✓ ^[[0m^[[90mExpect (SEARCH "HTTP/1.1 " RESULT :START2 1) to be false.^[[0m
sbcl-bin	Run tests	2026-09-29T04:39:38.5128671Z   ^[[37mMalformed response receives one 500^[[0m
sbcl-bin	Run tests	2026-09-29T04:39:38.5131232Z     ^[[32m✓ ^[[0m^[[90mExpect (UIOP/UTILITY:STRING-PREFIX-P "HTTP/1.1 500 " RESULT) to be true.^[[0m
sbcl-bin	Run tests	2026-09-29T04:39:38.5132044Z     ^[[32m✓ ^[[0m^[[90mExpect (SEARCH "HTTP/1.1 " RESULT :START2 1) to be false.^[[0m
sbcl-bin	Run tests	2026-09-29T04:39:39.1145499Z   ^[[37mMalformed response receives one 500^[[0m
sbcl-bin	Run tests	2026-09-29T04:39:39.1148892Z     ^[[32m✓ ^[[0m^[[90mExpect (UIOP/UTILITY:STRING-PREFIX-P "HTTP/1.1 500 " RESULT) to be true.^[[0m
sbcl-bin	Run tests	2026-09-29T04:39:39.1149576Z     ^[[32m✓ ^[[0m^[[90mExpect (SEARCH "HTTP/1.1 " RESULT :START2 1) to be false.^[[0m
sbcl-bin	Run tests	2026-09-29T04:39:39.7161147Z   ^[[37mMalformed response receives one 500^[[0m
sbcl-bin	Run tests	2026-09-29T04:39:39.7164269Z     ^[[32m✓ ^[[0m^[[90mExpect (UIOP/UTILITY:STRING-PREFIX-P "HTTP/1.1 500 " RESULT) to be true.^[[0m
sbcl-bin	Run tests	2026-09-29T04:39:39.7164946Z     ^[[32m✓ ^[[0m^[[90mExpect (SEARCH "HTTP/1.1 " RESULT :START2 1) to be false.^[[0m
sbcl-bin	Run tests	2026-09-29T04:39:40.3178746Z   ^[[37mMalformed response receives one 500^[[0m
sbcl-bin	Run tests	2026-09-29T04:39:40.3181425Z     ^[[32m✓ ^[[0m^[[90mExpect (UIOP/UTILITY:STRING-PREFIX-P "HTTP/1.1 500 " RESULT) to be true.^[[0m
sbcl-bin	Run tests	2026-09-29T04:39:40.3182323Z     ^[[32m✓ ^[[0m^[[90mExpect (SEARCH "HTTP/1.1 " RESULT :START2 1) to be false.^[[0m
sbcl-bin	Run tests	2026-09-29T04:39:40.9195747Z   ^[[37mMalformed response receives one 500^[[0m
sbcl-bin	Run tests	2026-09-29T04:39:40.9199930Z     ^[[32m✓ ^[[0m^[[90mExpect (UIOP/UTILITY:STRING-PREFIX-P "HTTP/1.1 500 " RESULT) to be true.^[[0m
sbcl-bin	Run tests	2026-09-29T04:39:40.9200940Z     ^[[32m✓ ^[[0m^[[90mExpect (SEARCH "HTTP/1.1 " RESULT :START2 1) to be false.^[[0m
sbcl-bin	Run tests	2026-09-29T04:39:41.5214019Z   ^[[37mMalformed response receives one 500^[[0m
sbcl-bin	Run tests	2026-09-29T04:39:41.5216664Z     ^[[32m✓ ^[[0m^[[90mExpect (UIOP/UTILITY:STRING-PREFIX-P "HTTP/1.1 500 " RESULT) to be true.^[[0m
sbcl-bin	Run tests	2026-09-29T04:39:41.5217714Z     ^[[32m✓ ^[[0m^[[90mExpect (SEARCH "HTTP/1.1 " RESULT :START2 1) to be false.^[[0m
sbcl-bin	Run tests	2026-09-29T04:39:42.0224310Z   ^[[32m✓ ^[[0m^[[90mExpect (EQUAL (WOO::VALIDATE-RESPONSE '(200 NIL "hello")) '(200 NIL ("hello"))) to be true.^[[0m
sbcl-bin	Run tests	2026-09-29T04:39:42.0225695Z   ^[[32m✓ ^[[0m^[[90mExpect (EQUAL (WOO::VALIDATE-RESPONSE '(200 NIL)) '(200 NIL)) to be true.^[[0m
sbcl-bin	Run tests	2026-09-29T04:39:42.0226688Z ^[[37mworker-random-bindings-are-private^[[0m
sbcl-bin	Run tests	2026-09-29T04:39:42.0227508Z   ^[[32m✓ ^[[0m^[[90mExpect A to be an instance of RANDOM-STATE.^[[0m
sbcl-bin	Run tests	2026-09-29T04:39:42.0228280Z   ^[[32m✓ ^[[0m^[[90mExpect B to be an instance of RANDOM-STATE.^[[0m
sbcl-bin	Run tests	2026-09-29T04:39:42.0228738Z   ^[[32m✓ ^[[0m^[[90mExpect (EQ A B) to be false.^[[0m
sbcl-bin	Run tests	2026-09-29T04:39:42.0229132Z   ^[[32m✓ ^[[0m^[[90mExpect (EQ A *RANDOM-STATE*) to be false.^[[0m
sbcl-bin	Run tests	2026-09-29T04:39:42.0229549Z   ^[[32m✓ ^[[0m^[[90mExpect (= (RANDOM 1000000 CALLER)
sbcl-bin	Run tests	2026-09-29T04:39:42.0230019Z               (RANDOM 1000000 (MAKE-RANDOM-STATE *RANDOM-STATE*))) to be true.^[[0m
sbcl-bin	Run tests	2026-09-29T04:39:42.0230435Z ^[[37mempty-status-framing^[[0m
sbcl-bin	Run tests	2026-09-29T04:39:42.1236417Z   ^[[37mBodyless statuses ignore application payload^[[0m
sbcl-bin	Run tests	2026-09-29T04:39:42.1240000Z     ^[[32m✓ ^[[0m^[[90mExpect (SEARCH "must-not-send" RESPONSE) to be false.^[[0m
sbcl-bin	Run tests	2026-09-29T04:39:42.1240853Z     ^[[32m✓ ^[[0m^[[90mExpect (SEARCH "Content-Length:" RESPONSE) to be false.^[[0m
sbcl-bin	Run tests	2026-09-29T04:39:42.7254160Z   ^[[37mBodyless statuses ignore application payload^[[0m
sbcl-bin	Run tests	2026-09-29T04:39:42.7257543Z     ^[[32m✓ ^[[0m^[[90mExpect (SEARCH "must-not-send" RESPONSE) to be false.^[[0m
sbcl-bin	Run tests	2026-09-29T04:39:42.7258743Z     ^[[32m✓ ^[[0m^[[90mExpect (SEARCH "Content-Length: 0" RESPONSE) to be true.^[[0m
sbcl-bin	Run tests	2026-09-29T04:39:43.3271261Z   ^[[37mBodyless statuses ignore application payload^[[0m
sbcl-bin	Run tests	2026-09-29T04:39:43.3274042Z     ^[[32m✓ ^[[0m^[[90mExpect (SEARCH "must-not-send" RESPONSE) to be false.^[[0m
sbcl-bin	Run tests	2026-09-29T04:39:43.8279450Z ^[[37mresponse-framing-and-header-storage^[[0m
sbcl-bin	Run tests	2026-09-29T04:39:43.8280672Z   ^[[32m✓ ^[[0m^[[90mExpect (EQUAL (WOO::VALIDATE-RESPONSE '(200 (:CONTENT-LENGTH 2) ("λ")))
sbcl-bin	Run tests	2026-09-29T04:39:43.8281501Z                   '(200 (:CONTENT-LENGTH 2) ("λ"))) to be true.^[[0m
sbcl-bin	Run tests	2026-09-29T04:39:43.8282333Z   ^[[32m✓ ^[[0m^[[90mExpect (EQUAL (WOO::VALIDATE-RESPONSE '(200 (:CONTENT-LENGTH 0) NIL))
sbcl-bin	Run tests	2026-09-29T04:39:43.8283326Z                   '(200 (:CONTENT-LENGTH 0) NIL)) to be true.^[[0m
sbcl-bin	Run tests	2026-09-29T04:39:43.8284156Z   ^[[32m✓ ^[[0m^[[90mExpect (EQUAL (WOO::VALIDATE-RESPONSE '(200 (:CONTENT-LENGTH 10) NIL) T)
sbcl-bin	Run tests	2026-09-29T04:39:43.8284927Z                   '(200 (:CONTENT-LENGTH 10) NIL)) to be true.^[[0m
sbcl-bin	Run tests	2026-09-29T04:39:43.8286104Z   ^[[32m✓ ^[[0m^[[90mExpect (STRINGP (FIRST NORMALIZED)) to be true.^[[0m
sbcl-bin	Run tests	2026-09-29T04:39:43.8286728Z   ^[[32m✓ ^[[0m^[[90mExpect (NULL (FIND-SYMBOL (STRING-UPCASE KEY) :KEYWORD)) to be true.^[[0m
sbcl-bin	Run tests	2026-09-29T04:39:43.8287165Z   ^[[32m✓ ^[[0m^[[90mExpect (NULL
sbcl-bin	Run tests	2026-09-29T04:39:43.8287403Z             (GETF
sbcl-bin	Run tests	2026-09-29T04:39:43.8287599Z              (SECOND
sbcl-bin	Run tests	2026-09-29T04:39:43.8287831Z               (WOO::VALIDATE-RESPONSE
sbcl-bin	Run tests	2026-09-29T04:39:43.8288136Z                '(200 (:TRANSFER-ENCODING "chunked") ("ok"))))
sbcl-bin	Run tests	2026-09-29T04:39:43.8288505Z              :TRANSFER-ENCODING)) to be true.^[[0m
sbcl-bin	Run tests	2026-09-29T04:39:43.8288917Z ^[[37mlegacy-head-persistent-pipeline-and-utf8-length^[[0m
sbcl-bin	Run tests	2026-09-29T04:39:43.9292177Z   ^[[37mHEAD preserves metadata and pipeline has no HEAD body^[[0m
sbcl-bin	Run tests	2026-09-29T04:39:43.9294705Z     ^[[32m✓ ^[[0m^[[90mExpect FIRST-END to be true.^[[0m
sbcl-bin	Run tests	2026-09-29T04:39:43.9295550Z     ^[[32m✓ ^[[0m^[[90mExpect (SEARCH "content-length: 100" (SUBSEQ WIRE 0 FIRST-END) :TEST
sbcl-bin	Run tests	2026-09-29T04:39:43.9296159Z                      #'CHAR-EQUAL) to be true.^[[0m
sbcl-bin	Run tests	2026-09-29T04:39:43.9296802Z     ^[[32m✓ ^[[0m^[[90mthe pipelined GET starts immediately after HEAD headers^[[0m
sbcl-bin	Run tests	2026-09-29T04:39:43.9297469Z     ^[[32m✓ ^[[0m^[[90mExpect (= 2
sbcl-bin	Run tests	2026-09-29T04:39:43.9297859Z                 (LOOP WITH START = 0
sbcl-bin	Run tests	2026-09-29T04:39:43.9298173Z                       FOR POS = (SEARCH "HTTP/1.1 200" WIRE :START2 START)
sbcl-bin	Run tests	2026-09-29T04:39:43.9298620Z                       WHILE POS
sbcl-bin	Run tests	2026-09-29T04:39:43.9298943Z                       COUNT 1
sbcl-bin	Run tests	2026-09-29T04:39:43.9299347Z                       DO (SETF START (+ POS 1)))) to be true.^[[0m
sbcl-bin	Run tests	2026-09-29T04:39:43.9300283Z     ^[[32m✓ ^[[0m^[[90mExpect (AND GET-END (STRING= (SUBSEQ UTF8-WIRE (+ GET-END 4)) EXPECTED)) to be true.^[[0m
sbcl-bin	Run tests	2026-09-29T04:39:43.9301474Z     ^[[32m✓ ^[[0m^[[90mExpect (AND HEAD-END (= (LENGTH HEAD-WIRE) (+ HEAD-END 4))) to be true.^[[0m
sbcl-bin	Run tests	2026-09-29T04:39:43.9304610Z     ^[[32m✓ ^[[0m^[[90mExpect (SEARCH
sbcl-bin	Run tests	2026-09-29T04:39:43.9304956Z               (FORMAT NIL "content-length: ~D"
sbcl-bin	Run tests	2026-09-29T04:39:43.9305363Z                       (REDUCE #'+ UTF8 :KEY #'TRIVIAL-UTF-8:UTF-8-BYTE-LENGTH))
sbcl-bin	Run tests	2026-09-29T04:39:43.9307917Z               (WOO-TEST::RAW-EXCHANGE CLACK.TEST:*CLACK-TEST-PORT*
sbcl-bin	Run tests	2026-09-29T04:39:43.9308476Z                                       (WOO-TEST::CRLF-LINES "HEAD /utf8 HTTP/1.1"
sbcl-bin	Run tests	2026-09-29T04:39:43.9308983Z                                                             "Host: localhost"
sbcl-bin	Run tests	2026-09-29T04:39:43.9309476Z                                                             "Connection: close" ""))
sbcl-bin	Run tests	2026-09-29T04:39:43.9310100Z               :TEST #'CHAR-EQUAL) to be true.^[[0m
sbcl-bin	Run tests	2026-09-29T04:39:44.4310451Z ^[[37mlegacy-head-pathname-plain-no-payload^[[0m
sbcl-bin	Run tests	2026-09-29T04:39:44.5322203Z   ^[[37mpathname HEAD has no payload^[[0m
sbcl-bin	Run tests	2026-09-29T04:39:44.5327756Z     ^[[32m✓ ^[[0m^[[90mExpect (SEARCH "content-length: 13" WIRE :TEST #'CHAR-EQUAL) to be true.^[[0m
sbcl-bin	Run tests	2026-09-29T04:39:44.5328579Z     ^[[32m✓ ^[[0m^[[90mExpect (AND SECOND-START
sbcl-bin	Run tests	2026-09-29T04:39:44.5328924Z                   (= SECOND-START
sbcl-bin	Run tests	2026-09-29T04:39:44.5329833Z                      (OR (SEARCH "HTTP/1.1 200" WIRE :START2 SECOND-START) -1))) to be true.^[[0m
sbcl-bin	Run tests	2026-09-29T04:39:44.5330529Z     ^[[32m✓ ^[[0m^[[90mExpect (AND SECOND-END (STRING= (SUBSEQ WIRE (+ SECOND-END 4)) "pathname body")) to be true.^[[0m
sbcl-bin	Run tests	2026-09-29T04:39:45.0336209Z ^[[37mlegacy-head-pathname-tls-no-payload^[[0m
sbcl-bin	Run tests	2026-09-29T04:39:45.1348276Z   ^[[37mTLS pathname HEAD has no payload^[[0m
sbcl-bin	Run tests	2026-09-29T04:39:45.1993754Z     ^[[32m✓ ^[[0m^[[90mExpect (= STATUS 200) to be true.^[[0m
sbcl-bin	Run tests	2026-09-29T04:39:45.1994511Z     ^[[32m✓ ^[[0m^[[90mExpect (ZEROP (LENGTH BODY)) to be true.^[[0m
sbcl-bin	Run tests	2026-09-29T04:39:45.1995357Z     ^[[32m✓ ^[[0m^[[90mExpect (STRING= (GETHASH "content-length" HEADERS) "12") to be true.^[[0m
sbcl-bin	Run tests	2026-09-29T04:39:45.2595093Z     ^[[32m✓ ^[[0m^[[90mExpect (STRING=
sbcl-bin	Run tests	2026-09-29T04:39:45.2595458Z               (DEXADOR:GET
sbcl-bin	Run tests	2026-09-29T04:39:45.2595858Z                (FORMAT NIL "https://127.0.0.1:~D/" CLACK.TEST:*CLACK-TEST-PORT*)
sbcl-bin	Run tests	2026-09-29T04:39:45.2596274Z                :KEEP-ALIVE NIL :FORCE-STRING T)
sbcl-bin	Run tests	2026-09-29T04:39:45.2597060Z               "tls pathname") to be true.^[[0m^[[33m (60ms)^[[0m
sbcl-bin	Run tests	2026-09-29T04:39:45.7600415Z 
sbcl-bin	Run tests	2026-09-29T04:39:45.7600985Z ;; testing 'woo-test.tls-stream'
sbcl-bin	Run tests	2026-09-29T04:39:45.7601651Z ^[[37mtls-completed-error-paths-retry-shutdown^[[0m
sbcl-bin	Run tests	2026-09-29T04:39:45.8610889Z   ^[[37mcompleted TLS error closes gracefully^[[0m
sbcl-bin	Run tests	2026-09-29T04:39:45.9110062Z     ^[[32m✓ ^[[0m^[[90mExpect (SEARCH (FORMAT NIL "HTTP/1.1 ~D " STATUS) RESPONSE) to be true.^[[0m
sbcl-bin	Run tests	2026-09-29T04:39:45.9111049Z     ^[[32m✓ ^[[0m^[[90mExpect (SEARCH "Content-Length: 0" RESPONSE) to be true.^[[0m
sbcl-bin	Run tests	2026-09-29T04:39:45.9111892Z     ^[[32m✓ ^[[0m^[[90mserver retried SSL_shutdown after WANT_WRITE^[[0m
sbcl-bin	Run tests	2026-09-29T04:39:46.5124249Z   ^[[37mcompleted TLS error closes gracefully^[[0m
sbcl-bin	Run tests	2026-09-29T04:39:46.5568214Z     ^[[32m✓ ^[[0m^[[90mExpect (SEARCH (FORMAT NIL "HTTP/1.1 ~D " STATUS) RESPONSE) to be true.^[[0m
sbcl-bin	Run tests	2026-09-29T04:39:46.5569116Z     ^[[32m✓ ^[[0m^[[90mExpect (SEARCH "Content-Length: 0" RESPONSE) to be true.^[[0m
sbcl-bin	Run tests	2026-09-29T04:39:46.5569666Z     ^[[32m✓ ^[[0m^[[90mserver retried SSL_shutdown after WANT_WRITE^[[0m
sbcl-bin	Run tests	2026-09-29T04:39:47.0573643Z ^[[37mtls-static-stream-pumps-bounded-chunks^[[0m
sbcl-bin	Run tests	2026-09-29T04:39:47.0574337Z   ^[[37mTLS pathname sends keep at most one 64 KiB chunk pending^[[0m
sbcl-bin	Run tests	2026-09-29T04:39:47.0586671Z     ^[[32m✓ ^[[0m^[[90mExpect (= (WOO.EV.SOCKET::SOCKET-SEND-STREAM-OFFSET SOCKET) 65536) to be true.^[[0m
sbcl-bin	Run tests	2026-09-29T04:39:47.0587857Z     ^[[32m✓ ^[[0m^[[90mExpect (<= (FAST-IO::OUTPUT-BUFFER-LEN (WOO.EV.SOCKET::SOCKET-BUFFER SOCKET))
sbcl-bin	Run tests	2026-09-29T04:39:47.0588640Z                  65536) to be true.^[[0m
sbcl-bin	Run tests	2026-09-29T04:39:47.0589019Z ^[[37mtls-pending-write-isolated-from-new-output^[[0m
sbcl-bin	Run tests	2026-09-29T04:39:47.0589496Z   ^[[37mapplication writes do not mutate bytes awaiting TLS retry^[[0m
sbcl-bin	Run tests	2026-09-29T04:39:47.0589995Z     ^[[32m✓ ^[[0m^[[90mExpect (EQUALP PENDING #(1 2 3 4)) to be true.^[[0m
sbcl-bin	Run tests	2026-09-29T04:39:47.0590599Z     ^[[32m✓ ^[[0m^[[90mExpect (= (WOO.EV.SOCKET::SOCKET-PENDING-WRITE-OFFSET SOCKET) 1) to be true.^[[0m
sbcl-bin	Run tests	2026-09-29T04:39:47.0591379Z     ^[[32m✓ ^[[0m^[[90mExpect (= (FAST-IO::OUTPUT-BUFFER-LEN (WOO.EV.SOCKET::SOCKET-BUFFER SOCKET)) 2) to be true.^[[0m
sbcl-bin	Run tests	2026-09-29T04:39:47.0591941Z ^[[37mtls-ffi-retry-hooks-are-injectable^[[0m
sbcl-bin	Run tests	2026-09-29T04:39:47.0592374Z   ^[[37mWANT results can be supplied without changing the OpenSSL ABI^[[0m
sbcl-bin	Run tests	2026-09-29T04:39:47.0593211Z     ^[[32m✓ ^[[0m^[[90mExpect (= (FUNCALL WOO.EV.SOCKET:*SSL-WRITE-FUNCTION* NIL NIL 8) -1) to be true.^[[0m
sbcl-bin	Run tests	2026-09-29T04:39:47.0593806Z     ^[[32m✓ ^[[0m^[[90mExpect (= (FUNCALL WOO.EV.SOCKET:*SSL-ERROR-FUNCTION* NIL -1)
sbcl-bin	Run tests	2026-09-29T04:39:47.0594315Z                 CL+SSL::+SSL-ERROR-WANT-READ+) to be true.^[[0m
sbcl-bin	Run tests	2026-09-29T04:39:47.0594701Z     ^[[32m✓ ^[[0m^[[90mExpect (= CALLS 1) to be true.^[[0m
sbcl-bin	Run tests	2026-09-29T04:39:47.0595118Z ^[[37mtls-alpn-setup-failure-releases-listener-context^[[0m
sbcl-bin	Run tests	2026-09-29T04:39:47.0595577Z   ^[[37ma failure after ALPN setup releases the listener context^[[0m
sbcl-bin	Run tests	2026-09-29T04:39:47.0769701Z     ^[[32m✓ ^[[0m^[[90mExpect (WOO:RUN (LAMBDA (ENV) (DECLARE (IGNORE ENV)) '(200 NIL ("ok"))) :DEBUG
sbcl-bin	Run tests	2026-09-29T04:39:47.0770605Z                       NIL :WORKER-NUM NIL :SSL-CERT-FILE #P"t/certs/localhost.crt"
sbcl-bin	Run tests	2026-09-29T04:39:47.0771179Z                       :SSL-KEY-FILE #P"t/certs/localhost.key") to signal ERROR.^[[0m
sbcl-bin	Run tests	2026-09-29T04:39:47.0771625Z     ^[[32m✓ ^[[0m^[[90mExpect CONFIGURED to be true.^[[0m
sbcl-bin	Run tests	2026-09-29T04:39:47.0771983Z     ^[[32m✓ ^[[0m^[[90mExpect (= FREED 1) to be true.^[[0m
sbcl-bin	Run tests	2026-09-29T04:39:47.0772906Z     ^[[32m✓ ^[[0m^[[90mExpect (= BASELINE (HASH-TABLE-COUNT WOO.SSL.ALPN::*ALPN-CTX-ARGS*)) to be true.^[[0m
sbcl-bin	Run tests	2026-09-29T04:39:47.0773481Z ^[[37mtls-pathname-live-exact-body-and-clean-eof^[[0m
sbcl-bin	Run tests	2026-09-29T04:39:47.0773964Z   ^[[37ma live TLS pathname response preserves bytes and closes cleanly^[[0m
sbcl-bin	Run tests	2026-09-29T04:39:47.0786615Z NOTICE: Running in debug mode. Debugger will be invoked on errors.
sbcl-bin	Run tests	2026-09-29T04:39:47.1796195Z   Specify ':debug nil' to turn it off on remote environments.    ^[[37mTLS pathname exact body^[[0m
sbcl-bin	Run tests	2026-09-29T04:39:47.1830817Z       ^[[32m✓ ^[[0m^[[90mExpect (SEARCH "HTTP/1.1 200" STATUS) to be true.^[[0m
sbcl-bin	Run tests	2026-09-29T04:39:47.1831822Z       ^[[32m✓ ^[[0m^[[90mExpect (=
sbcl-bin	Run tests	2026-09-29T04:39:47.1832456Z                 (PARSE-INTEGER (CDR (ASSOC "content-length" HEADERS :TEST #'STRING=)))
sbcl-bin	Run tests	2026-09-29T04:39:47.1833315Z                 SIZE) to be true.^[[0m
sbcl-bin	Run tests	2026-09-29T04:39:47.1833910Z       ^[[32m✓ ^[[0m^[[90mExpect (PLUSP N) to be true.^[[0m
sbcl-bin	Run tests	2026-09-29T04:39:47.1841707Z       ^[[32m✓ ^[[0m^[[90mExpect (PLUSP N) to be true.^[[0m
sbcl-bin	Run tests	2026-09-29T04:39:47.1852444Z       ^[[32m✓ ^[[0m^[[90mExpect (PLUSP N) to be true.^[[0m
sbcl-bin	Run tests	2026-09-29T04:39:47.1863380Z       ^[[32m✓ ^[[0m^[[90mExpect (PLUSP N) to be true.^[[0m
sbcl-bin	Run tests	2026-09-29T04:39:47.1874223Z       ^[[32m✓ ^[[0m^[[90mExpect (PLUSP N) to be true.^[[0m
sbcl-bin	Run tests	2026-09-29T04:39:47.1884914Z       ^[[32m✓ ^[[0m^[[90mExpect (PLUSP N) to be true.^[[0m
sbcl-bin	Run tests	2026-09-29T04:39:47.1895661Z       ^[[32m✓ ^[[0m^[[90mExpect (PLUSP N) to be true.^[[0m
sbcl-bin	Run tests	2026-09-29T04:39:47.1906405Z       ^[[32m✓ ^[[0m^[[90mExpect (PLUSP N) to be true.^[[0m
sbcl-bin	Run tests	2026-09-29T04:39:47.1917290Z       ^[[32m✓ ^[[0m^[[90mExpect (PLUSP N) to be true.^[[0m
sbcl-bin	Run tests	2026-09-29T04:39:47.1928015Z       ^[[32m✓ ^[[0m^[[90mExpect (PLUSP N) to be true.^[[0m
sbcl-bin	Run tests	2026-09-29T04:39:47.1938761Z       ^[[32m✓ ^[[0m^[[90mExpect (PLUSP N) to be true.^[[0m
sbcl-bin	Run tests	2026-09-29T04:39:47.1949484Z       ^[[32m✓ ^[[0m^[[90mExpect (PLUSP N) to be true.^[[0m
sbcl-bin	Run tests	2026-09-29T04:39:47.1960318Z       ^[[32m✓ ^[[0m^[[90mExpect (PLUSP N) to be true.^[[0m
sbcl-bin	Run tests	2026-09-29T04:39:47.1971037Z       ^[[32m✓ ^[[0m^[[90mExpect (PLUSP N) to be true.^[[0m
sbcl-bin	Run tests	2026-09-29T04:39:47.1981798Z       ^[[32m✓ ^[[0m^[[90mExpect (PLUSP N) to be true.^[[0m
sbcl-bin	Run tests	2026-09-29T04:39:47.1992683Z       ^[[32m✓ ^[[0m^[[90mExpect (PLUSP N) to be true.^[[0m
sbcl-bin	Run tests	2026-09-29T04:39:47.2003432Z       ^[[32m✓ ^[[0m^[[90mExpect (PLUSP N) to be true.^[[0m
sbcl-bin	Run tests	2026-09-29T04:39:47.2014143Z       ^[[32m✓ ^[[0m^[[90mExpect (PLUSP N) to be true.^[[0m
sbcl-bin	Run tests	2026-09-29T04:39:47.2024855Z       ^[[32m✓ ^[[0m^[[90mExpect (PLUSP N) to be true.^[[0m
sbcl-bin	Run tests	2026-09-29T04:39:47.2035581Z       ^[[32m✓ ^[[0m^[[90mExpect (PLUSP N) to be true.^[[0m
sbcl-bin	Run tests	2026-09-29T04:39:47.2046851Z       ^[[32m✓ ^[[0m^[[90mExpect (PLUSP N) to be true.^[[0m
sbcl-bin	Run tests	2026-09-29T04:39:47.2057674Z       ^[[32m✓ ^[[0m^[[90mExpect (PLUSP N) to be true.^[[0m
sbcl-bin	Run tests	2026-09-29T04:39:47.2068421Z       ^[[32m✓ ^[[0m^[[90mExpect (PLUSP N) to be true.^[[0m
sbcl-bin	Run tests	2026-09-29T04:39:47.2079132Z       ^[[32m✓ ^[[0m^[[90mExpect (PLUSP N) to be true.^[[0m
sbcl-bin	Run tests	2026-09-29T04:39:47.2090017Z       ^[[32m✓ ^[[0m^[[90mExpect (PLUSP N) to be true.^[[0m
sbcl-bin	Run tests	2026-09-29T04:39:47.2100751Z       ^[[32m✓ ^[[0m^[[90mExpect (PLUSP N) to be true.^[[0m
sbcl-bin	Run tests	2026-09-29T04:39:47.2111651Z       ^[[32m✓ ^[[0m^[[90mExpect (PLUSP N) to be true.^[[0m
sbcl-bin	Run tests	2026-09-29T04:39:47.2122404Z       ^[[32m✓ ^[[0m^[[90mExpect (PLUSP N) to be true.^[[0m
sbcl-bin	Run tests	2026-09-29T04:39:47.2133437Z       ^[[32m✓ ^[[0m^[[90mExpect (PLUSP N) to be true.^[[0m
sbcl-bin	Run tests	2026-09-29T04:39:47.2144155Z       ^[[32m✓ ^[[0m^[[90mExpect (PLUSP N) to be true.^[[0m
sbcl-bin	Run tests	2026-09-29T04:39:47.2154878Z       ^[[32m✓ ^[[0m^[[90mExpect (PLUSP N) to be true.^[[0m
sbcl-bin	Run tests	2026-09-29T04:39:47.2165632Z       ^[[32m✓ ^[[0m^[[90mExpect (PLUSP N) to be true.^[[0m
sbcl-bin	Run tests	2026-09-29T04:39:47.2176509Z       ^[[32m✓ ^[[0m^[[90mExpect (PLUSP N) to be true.^[[0m
sbcl-bin	Run tests	2026-09-29T04:39:47.2187252Z       ^[[32m✓ ^[[0m^[[90mExpect (PLUSP N) to be true.^[[0m
sbcl-bin	Run tests	2026-09-29T04:39:47.2198014Z       ^[[32m✓ ^[[0m^[[90mExpect (PLUSP N) to be true.^[[0m
sbcl-bin	Run tests	2026-09-29T04:39:47.2208712Z       ^[[32m✓ ^[[0m^[[90mExpect (PLUSP N) to be true.^[[0m
sbcl-bin	Run tests	2026-09-29T04:39:47.2219613Z       ^[[32m✓ ^[[0m^[[90mExpect (PLUSP N) to be true.^[[0m
sbcl-bin	Run tests	2026-09-29T04:39:47.2230361Z       ^[[32m✓ ^[[0m^[[90mExpect (PLUSP N) to be true.^[[0m
sbcl-bin	Run tests	2026-09-29T04:39:47.2241095Z       ^[[32m✓ ^[[0m^[[90mExpect (PLUSP N) to be true.^[[0m
sbcl-bin	Run tests	2026-09-29T04:39:47.2251831Z       ^[[32m✓ ^[[0m^[[90mExpect (PLUSP N) to be true.^[[0m
sbcl-bin	Run tests	2026-09-29T04:39:47.2262841Z       ^[[32m✓ ^[[0m^[[90mExpect (PLUSP N) to be true.^[[0m
sbcl-bin	Run tests	2026-09-29T04:39:47.2273424Z       ^[[32m✓ ^[[0m^[[90mExpect (PLUSP N) to be true.^[[0m
sbcl-bin	Run tests	2026-09-29T04:39:47.2284143Z       ^[[32m✓ ^[[0m^[[90mExpect (PLUSP N) to be true.^[[0m
sbcl-bin	Run tests	2026-09-29T04:39:47.2294914Z       ^[[32m✓ ^[[0m^[[90mExpect (PLUSP N) to be true.^[[0m
sbcl-bin	Run tests	2026-09-29T04:39:47.2306178Z       ^[[32m✓ ^[[0m^[[90mExpect (PLUSP N) to be true.^[[0m
sbcl-bin	Run tests	2026-09-29T04:39:47.2316923Z       ^[[32m✓ ^[[0m^[[90mExpect (PLUSP N) to be true.^[[0m
sbcl-bin	Run tests	2026-09-29T04:39:47.2327714Z       ^[[32m✓ ^[[0m^[[90mExpect (PLUSP N) to be true.^[[0m
sbcl-bin	Run tests	2026-09-29T04:39:47.2338374Z       ^[[32m✓ ^[[0m^[[90mExpect (PLUSP N) to be true.^[[0m
sbcl-bin	Run tests	2026-09-29T04:39:47.2349260Z       ^[[32m✓ ^[[0m^[[90mExpect (PLUSP N) to be true.^[[0m
sbcl-bin	Run tests	2026-09-29T04:39:47.2360029Z       ^[[32m✓ ^[[0m^[[90mExpect (PLUSP N) to be true.^[[0m
sbcl-bin	Run tests	2026-09-29T04:39:47.2370770Z       ^[[32m✓ ^[[0m^[[90mExpect (PLUSP N) to be true.^[[0m
sbcl-bin	Run tests	2026-09-29T04:39:47.2381476Z       ^[[32m✓ ^[[0m^[[90mExpect (PLUSP N) to be true.^[[0m
sbcl-bin	Run tests	2026-09-29T04:39:47.2392370Z       ^[[32m✓ ^[[0m^[[90mExpect (PLUSP N) to be true.^[[0m
sbcl-bin	Run tests	2026-09-29T04:39:47.2403225Z       ^[[32m✓ ^[[0m^[[90mExpect (PLUSP N) to be true.^[[0m
sbcl-bin	Run tests	2026-09-29T04:39:47.2413990Z       ^[[32m✓ ^[[0m^[[90mExpect (PLUSP N) to be true.^[[0m
sbcl-bin	Run tests	2026-09-29T04:39:47.2424714Z       ^[[32m✓ ^[[0m^[[90mExpect (PLUSP N) to be true.^[[0m
sbcl-bin	Run tests	2026-09-29T04:39:47.2435620Z       ^[[32m✓ ^[[0m^[[90mExpect (PLUSP N) to be true.^[[0m
sbcl-bin	Run tests	2026-09-29T04:39:47.2446313Z       ^[[32m✓ ^[[0m^[[90mExpect (PLUSP N) to be true.^[[0m
sbcl-bin	Run tests	2026-09-29T04:39:47.2457047Z       ^[[32m✓ ^[[0m^[[90mExpect (PLUSP N) to be true.^[[0m
sbcl-bin	Run tests	2026-09-29T04:39:47.2467739Z       ^[[32m✓ ^[[0m^[[90mExpect (PLUSP N) to be true.^[[0m
sbcl-bin	Run tests	2026-09-29T04:39:47.2478607Z       ^[[32m✓ ^[[0m^[[90mExpect (PLUSP N) to be true.^[[0m
sbcl-bin	Run tests	2026-09-29T04:39:47.2489333Z       ^[[32m✓ ^[[0m^[[90mExpect (PLUSP N) to be true.^[[0m
sbcl-bin	Run tests	2026-09-29T04:39:47.2500069Z       ^[[32m✓ ^[[0m^[[90mExpect (PLUSP N) to be true.^[[0m
sbcl-bin	Run tests	2026-09-29T04:39:47.2510839Z       ^[[32m✓ ^[[0m^[[90mExpect (PLUSP N) to be true.^[[0m
sbcl-bin	Run tests	2026-09-29T04:39:47.2521628Z       ^[[32m✓ ^[[0m^[[90mExpect (= OFFSET SIZE) to be true.^[[0m
sbcl-bin	Run tests	2026-09-29T04:39:47.2528511Z       ^[[32m✓ ^[[0m^[[90mExpect (LOOP FOR I BELOW SIZE
sbcl-bin	Run tests	2026-09-29T04:39:47.2529171Z                      ALWAYS (= (AREF GOT I) (MOD (+ I 17) 251))) to be true.^[[0m
sbcl-bin	Run tests	2026-09-29T04:39:47.2529806Z       ^[[32m✓ ^[[0m^[[90mExpect (NULL (READ-BYTE TLS NIL NIL)) to be true.^[[0m
sbcl-bin	Run tests	2026-09-29T04:39:47.7537713Z ^[[37mtls-static-preparation-failures-are-wire-visible^[[0m
sbcl-bin	Run tests	2026-09-29T04:39:47.7538445Z   ^[[37mTLS pathname preparation reports missing, directory, EACCES, and length errors^[[0m
sbcl-bin	Run tests	2026-09-29T04:39:47.7539623Z NOTICE: Running in debug mode. Debugger will be invoked on errors.
sbcl-bin	Run tests	2026-09-29T04:39:47.8549390Z   Specify ':debug nil' to turn it off on remote environments.    ^[[37mTLS pathname preparation failures^[[0m
sbcl-bin	Run tests	2026-09-29T04:39:47.8987504Z       ^[[32m✓ ^[[0m^[[90mExpect (SEARCH "404 Not Found" (REQUEST "/missing")) to be true.^[[0m^[[33m (44ms)^[[0m
sbcl-bin	Run tests	2026-09-29T04:39:47.9417252Z       ^[[32m✓ ^[[0m^[[90mExpect (SEARCH "403 Forbidden" (REQUEST "/directory")) to be true.^[[0m^[[33m (43ms)^[[0m
sbcl-bin	Run tests	2026-09-29T04:39:47.9847863Z       ^[[32m✓ ^[[0m^[[90mExpect (SEARCH "403 Forbidden" (REQUEST "/private")) to be true.^[[0m^[[33m (43ms)^[[0m
sbcl-bin	Run tests	2026-09-29T04:39:48.0278030Z       ^[[32m✓ ^[[0m^[[90mExpect (SEARCH "500 Internal Server Error" (REQUEST "/mismatch")) to be true.^[[0m^[[33m (43ms)^[[0m
sbcl-bin	Run tests	2026-09-29T04:39:48.5283250Z 
sbcl-bin	Run tests	2026-09-29T04:39:48.5284180Z ;; testing 'woo-test.tlsretry'
sbcl-bin	Run tests	2026-09-29T04:39:48.5285171Z ^[[37mtls-retry-keeps-pending-bytes-before-new-output^[[0m
sbcl-bin	Run tests	2026-09-29T04:39:48.5286399Z   ^[[37ma WANT_READ retry preserves order and queue accounting^[[0m
sbcl-bin	Run tests	2026-09-29T04:39:48.5287273Z     ^[[32m✓ ^[[0m^[[90mExpect (NULL (WOO.EV.SOCKET:FLUSH-BUFFER SOCKET)) to be true.^[[0m
sbcl-bin	Run tests	2026-09-29T04:39:48.5288184Z     ^[[32m✓ ^[[0m^[[90mExpect (WOO.EV.SOCKET:FLUSH-BUFFER SOCKET) to be true.^[[0m
sbcl-bin	Run tests	2026-09-29T04:39:48.5289029Z     ^[[32m✓ ^[[0m^[[90mExpect (WOO.EV.SOCKET:ASYNC-WRITE SOCKET) to be true.^[[0m
sbcl-bin	Run tests	2026-09-29T04:39:48.5289726Z     ^[[32m✓ ^[[0m^[[90mExpect (= CALLS 3) to be true.^[[0m
sbcl-bin	Run tests	2026-09-29T04:39:48.5290525Z     ^[[32m✓ ^[[0m^[[90mExpect (EQUAL (NREVERSE WRITES) '((1 2 3 4) (1 2 3 4) (9 8))) to be true.^[[0m
sbcl-bin	Run tests	2026-09-29T04:39:48.5291386Z     ^[[32m✓ ^[[0m^[[90mExpect (= ADMITTED 6) to be true.^[[0m
sbcl-bin	Run tests	2026-09-29T04:39:48.5292186Z     ^[[32m✓ ^[[0m^[[90mExpect (= RELEASED 6) to be true.^[[0m
sbcl-bin	Run tests	2026-09-29T04:39:48.5293554Z     ^[[32m✓ ^[[0m^[[90mExpect (NULL (WOO.EV.SOCKET::SOCKET-PENDING-WRITE-DATA SOCKET)) to be true.^[[0m
sbcl-bin	Run tests	2026-09-29T04:39:48.5294805Z     ^[[32m✓ ^[[0m^[[90mExpect (ZEROP
sbcl-bin	Run tests	2026-09-29T04:39:48.5348514Z               (FAST-IO::OUTPUT-BUFFER-LEN (WOO.EV.SOCKET::SOCKET-BUFFER SOCKET))) to be true.^[[0m
sbcl-bin	Run tests	2026-09-29T04:39:48.5349551Z ^[[37mtls-retry-partials-want-transitions-and-reentrant-release^[[0m
sbcl-bin	Run tests	2026-09-29T04:39:48.5350334Z   ^[[37mpartial progress and both readiness retries preserve accounting^[[0m
sbcl-bin	Run tests	2026-09-29T04:39:48.5351234Z     ^[[32m✓ ^[[0m^[[90mExpect (NULL (WOO.EV.SOCKET:FLUSH-BUFFER SOCKET)) to be true.^[[0m
sbcl-bin	Run tests	2026-09-29T04:39:48.5352398Z     ^[[32m✓ ^[[0m^[[90mExpect (= (WOO.EV.SOCKET::SOCKET-PENDING-WRITE-OFFSET SOCKET) 2) to be true.^[[0m
sbcl-bin	Run tests	2026-09-29T04:39:48.5353528Z     ^[[32m✓ ^[[0m^[[90mExpect (NULL (WOO.EV.SOCKET:FLUSH-BUFFER SOCKET)) to be true.^[[0m
sbcl-bin	Run tests	2026-09-29T04:39:48.5354389Z     ^[[32m✓ ^[[0m^[[90mExpect (NULL (WOO.EV.SOCKET:FLUSH-BUFFER SOCKET)) to be true.^[[0m
sbcl-bin	Run tests	2026-09-29T04:39:48.5355404Z     ^[[32m✓ ^[[0m^[[90mExpect (= (WOO.EV.SOCKET::SOCKET-PENDING-WRITE-OFFSET SOCKET) 4) to be true.^[[0m
sbcl-bin	Run tests	2026-09-29T04:39:48.5356348Z     ^[[32m✓ ^[[0m^[[90mExpect (NULL (WOO.EV.SOCKET:FLUSH-BUFFER SOCKET)) to be true.^[[0m
sbcl-bin	Run tests	2026-09-29T04:39:48.5357221Z     ^[[32m✓ ^[[0m^[[90mExpect (NULL (WOO.EV.SOCKET:FLUSH-BUFFER SOCKET)) to be true.^[[0m
sbcl-bin	Run tests	2026-09-29T04:39:48.5357952Z     ^[[32m✓ ^[[0m^[[90mExpect (WOO.EV.SOCKET::SOCKET-WRITE-WAIT-READ-P SOCKET) to be false.^[[0m
sbcl-bin	Run tests	2026-09-29T04:39:48.5358650Z     ^[[32m✓ ^[[0m^[[90mExpect (PLUSP (LEV:EV-IS-ACTIVE (WOO.EV.SOCKET:SOCKET-WRITE-WATCHER SOCKET))) to be true.^[[0m
sbcl-bin	Run tests	2026-09-29T04:39:48.5359266Z     ^[[32m✓ ^[[0m^[[90mExpect (WOO.EV.SOCKET:FLUSH-BUFFER SOCKET) to be true.^[[0m
sbcl-bin	Run tests	2026-09-29T04:39:48.5359766Z     ^[[32m✓ ^[[0m^[[90mExpect (WOO.EV.SOCKET:ASYNC-WRITE SOCKET) to be true.^[[0m
sbcl-bin	Run tests	2026-09-29T04:39:48.5360197Z     ^[[32m✓ ^[[0m^[[90mExpect (= CALLS 7) to be true.^[[0m
sbcl-bin	Run tests	2026-09-29T04:39:48.5360553Z     ^[[32m✓ ^[[0m^[[90mExpect (EQUAL (NREVERSE WRITES)
sbcl-bin	Run tests	2026-09-29T04:39:48.5360998Z                     '((1 2 3 4 5 6) (3 4 5 6) (3 4 5 6) (5 6) (5 6) (6) (9 8 7))) to be true.^[[0m
sbcl-bin	Run tests	2026-09-29T04:39:48.5361454Z     ^[[32m✓ ^[[0m^[[90mExpect (= ADMITTED 9) to be true.^[[0m
sbcl-bin	Run tests	2026-09-29T04:39:48.5361834Z     ^[[32m✓ ^[[0m^[[90mExpect (= RELEASED 9) to be true.^[[0m
sbcl-bin	Run tests	2026-09-29T04:39:48.5362390Z     ^[[32m✓ ^[[0m^[[90mExpect (NULL (WOO.EV.SOCKET::SOCKET-PENDING-WRITE-DATA SOCKET)) to be true.^[[0m
sbcl-bin	Run tests	2026-09-29T04:39:48.5363082Z     ^[[32m✓ ^[[0m^[[90mExpect (ZEROP
sbcl-bin	Run tests	2026-09-29T04:39:48.5363550Z               (FAST-IO::OUTPUT-BUFFER-LEN (WOO.EV.SOCKET::SOCKET-BUFFER SOCKET))) to be true.^[[0m
sbcl-bin	Run tests	2026-09-29T04:39:48.5364045Z ^[[37mtls-fatal-write-releases-once-and-closes^[[0m
sbcl-bin	Run tests	2026-09-29T04:39:48.5364494Z   ^[[37ma fatal TLS write closes safely and does not reuse its buffer^[[0m
sbcl-bin	Run tests	2026-09-29T04:39:48.5364951Z  <ERROR> [04:39:48] woo.ev.socket - Unexpected TLS write error (Code: 1)
sbcl-bin	Run tests	2026-09-29T04:39:48.5365459Z     ^[[32m✓ ^[[0m^[[90mExpect (WOO.EV.SOCKET:FLUSH-BUFFER SOCKET) to be true.^[[0m
sbcl-bin	Run tests	2026-09-29T04:39:48.5365978Z     ^[[32m✓ ^[[0m^[[90mExpect (WOO.EV.SOCKET:SOCKET-OPEN-P SOCKET) to be false.^[[0m
sbcl-bin	Run tests	2026-09-29T04:39:48.5366416Z     ^[[32m✓ ^[[0m^[[90mExpect (= RELEASED 4) to be true.^[[0m
sbcl-bin	Run tests	2026-09-29T04:39:48.5366846Z     ^[[32m✓ ^[[0m^[[90mExpect (WOO.EV.SOCKET:ASYNC-WRITE SOCKET) to be true.^[[0m
sbcl-bin	Run tests	2026-09-29T04:39:48.5367542Z     ^[[32m✓ ^[[0m^[[90mExpect (= RELEASED 4) to be true.^[[0m
sbcl-bin	Run tests	2026-09-29T04:39:48.5368136Z     ^[[32m✓ ^[[0m^[[90mExpect (NULL (WOO.EV.SOCKET::SOCKET-PENDING-WRITE-DATA SOCKET)) to be true.^[[0m
sbcl-bin	Run tests	2026-09-29T04:39:48.5368723Z ^[[37mtls-shutdown-want-write-survives-flush-completion^[[0m
sbcl-bin	Run tests	2026-09-29T04:39:48.5369174Z   ^[[32m✓ ^[[0m^[[90mExpect (= SHUTDOWN-CALLS 1) to be true.^[[0m
sbcl-bin	Run tests	2026-09-29T04:39:48.5369660Z   ^[[32m✓ ^[[0m^[[90mExpect (WOO.EV.SOCKET:SOCKET-TLS-SHUTDOWN-P SOCKET) to be true.^[[0m
sbcl-bin	Run tests	2026-09-29T04:39:48.5370310Z   ^[[32m✓ ^[[0m^[[90mExpect (PLUSP (LEV:EV-IS-ACTIVE (WOO.EV.SOCKET:SOCKET-WRITE-WATCHER SOCKET))) to be true.^[[0m
sbcl-bin	Run tests	2026-09-29T04:39:48.5371061Z   ^[[32m✓ ^[[0m^[[90mExpect (ZEROP (LEV:EV-IS-ACTIVE (WOO.EV.SOCKET:SOCKET-READ-WATCHER SOCKET))) to be true.^[[0m
sbcl-bin	Run tests	2026-09-29T04:39:48.5371637Z   ^[[32m✓ ^[[0m^[[90mExpect (= SHUTDOWN-CALLS 2) to be true.^[[0m
sbcl-bin	Run tests	2026-09-29T04:39:48.5372102Z   ^[[32m✓ ^[[0m^[[90mExpect (WOO.EV.SOCKET:SOCKET-OPEN-P SOCKET) to be false.^[[0m
sbcl-bin	Run tests	2026-09-29T04:39:48.5372697Z 
sbcl-bin	Run tests	2026-09-29T04:39:48.5372809Z ;; testing 'woo-test.tlsreadretry'
sbcl-bin	Run tests	2026-09-29T04:39:48.5373184Z ^[[37mtls-read-want-write-keeps-write-readiness^[[0m
sbcl-bin	Run tests	2026-09-29T04:39:48.5373652Z   ^[[37mSSL_read WANT_WRITE stops read polling and preserves write retry^[[0m
sbcl-bin	Run tests	2026-09-29T04:39:48.5374125Z     ^[[32m✓ ^[[0m^[[90mExpect (= READ-CALLS 1) to be true.^[[0m
sbcl-bin	Run tests	2026-09-29T04:39:48.5374655Z     ^[[32m✓ ^[[0m^[[90mExpect (WOO.EV.SOCKET::SOCKET-READ-WAIT-WRITE-P SOCKET) to be true.^[[0m
sbcl-bin	Run tests	2026-09-29T04:39:48.5375320Z     ^[[32m✓ ^[[0m^[[90mExpect (ZEROP (LEV:EV-IS-ACTIVE (WOO.EV.SOCKET:SOCKET-READ-WATCHER SOCKET))) to be true.^[[0m
sbcl-bin	Run tests	2026-09-29T04:39:48.5376030Z     ^[[32m✓ ^[[0m^[[90mExpect (PLUSP (LEV:EV-IS-ACTIVE (WOO.EV.SOCKET:SOCKET-WRITE-WATCHER SOCKET))) to be true.^[[0m
sbcl-bin	Run tests	2026-09-29T04:39:48.5376646Z     ^[[32m✓ ^[[0m^[[90mExpect (NULL (WOO.EV.SOCKET:ASYNC-WRITE SOCKET)) to be true.^[[0m
sbcl-bin	Run tests	2026-09-29T04:39:48.5377223Z     ^[[32m✓ ^[[0m^[[90mExpect (WOO.EV.SOCKET::SOCKET-READ-WAIT-WRITE-P SOCKET) to be true.^[[0m
sbcl-bin	Run tests	2026-09-29T04:39:48.5377887Z     ^[[32m✓ ^[[0m^[[90mExpect (PLUSP (LEV:EV-IS-ACTIVE (WOO.EV.SOCKET:SOCKET-WRITE-WATCHER SOCKET))) to be true.^[[0m
sbcl-bin	Run tests	2026-09-29T04:39:48.5378477Z     ^[[32m✓ ^[[0m^[[90mExpect (WOO.EV.SOCKET:ASYNC-WRITE SOCKET) to be true.^[[0m
sbcl-bin	Run tests	2026-09-29T04:39:48.5378900Z     ^[[32m✓ ^[[0m^[[90mExpect (= READ-CALLS 3) to be true.^[[0m
sbcl-bin	Run tests	2026-09-29T04:39:48.5379424Z     ^[[32m✓ ^[[0m^[[90mExpect (WOO.EV.SOCKET::SOCKET-READ-WAIT-WRITE-P SOCKET) to be false.^[[0m
sbcl-bin	Run tests	2026-09-29T04:39:48.5380066Z     ^[[32m✓ ^[[0m^[[90mExpect (PLUSP (LEV:EV-IS-ACTIVE (WOO.EV.SOCKET:SOCKET-READ-WATCHER SOCKET))) to be true.^[[0m
sbcl-bin	Run tests	2026-09-29T04:39:48.5380749Z     ^[[32m✓ ^[[0m^[[90mExpect (ZEROP (LEV:EV-IS-ACTIVE (WOO.EV.SOCKET:SOCKET-WRITE-WATCHER SOCKET))) to be true.^[[0m
sbcl-bin	Run tests	2026-09-29T04:39:48.5381100Z 
sbcl-bin	Run tests	2026-09-29T04:39:48.5381196Z ;; testing 'woo-test.alpn'
sbcl-bin	Run tests	2026-09-29T04:39:48.5381472Z ^[[37mtest-alpn-constants^[[0m
sbcl-bin	Run tests	2026-09-29T04:39:48.5381798Z   ^[[37mALPN error constants have correct values^[[0m
sbcl-bin	Run tests	2026-09-29T04:39:48.5382230Z     ^[[32m✓ ^[[0m^[[90mExpect (= +SSL-TLSEXT-ERR-OK+ 0) to be true.^[[0m
sbcl-bin	Run tests	2026-09-29T04:39:48.5382898Z     ^[[32m✓ ^[[0m^[[90mExpect (= +SSL-TLSEXT-ERR-ALERT-FATAL+ 2) to be true.^[[0m
sbcl-bin	Run tests	2026-09-29T04:39:48.5383377Z     ^[[32m✓ ^[[0m^[[90mExpect (= +SSL-TLSEXT-ERR-NOACK+ 3) to be true.^[[0m
sbcl-bin	Run tests	2026-09-29T04:39:48.5383773Z ^[[37mtest-parse-alpn-protocols-empty^[[0m
sbcl-bin	Run tests	2026-09-29T04:39:48.5384133Z   ^[[37mparse-alpn-protocols handles empty buffer^[[0m
sbcl-bin	Run tests	2026-09-29T04:39:48.5384518Z     ^[[32m✓ ^[[0m^[[90mExpect (NULL RESULT) to be true.^[[0m
sbcl-bin	Run tests	2026-09-29T04:39:48.5384901Z ^[[37mtest-parse-alpn-protocols-single^[[0m
sbcl-bin	Run tests	2026-09-29T04:39:48.5385285Z   ^[[37mparse-alpn-protocols parses single protocol^[[0m
sbcl-bin	Run tests	2026-09-29T04:39:48.5385704Z     ^[[32m✓ ^[[0m^[[90mExpect (EQUAL RESULT '("h2")) to be true.^[[0m
sbcl-bin	Run tests	2026-09-29T04:39:48.5386097Z ^[[37mtest-parse-alpn-protocols-multiple^[[0m
sbcl-bin	Run tests	2026-09-29T04:39:48.5386488Z   ^[[37mparse-alpn-protocols parses multiple protocols^[[0m
sbcl-bin	Run tests	2026-09-29T04:39:48.5386939Z     ^[[32m✓ ^[[0m^[[90mExpect (EQUAL RESULT '("h2" "http/1.1")) to be true.^[[0m
sbcl-bin	Run tests	2026-09-29T04:39:48.5387586Z ^[[37mtest-parse-alpn-protocols-three-protocols^[[0m
sbcl-bin	Run tests	2026-09-29T04:39:48.5387998Z   ^[[37mparse-alpn-protocols parses three protocols^[[0m
sbcl-bin	Run tests	2026-09-29T04:39:48.5388450Z     ^[[32m✓ ^[[0m^[[90mExpect (EQUAL RESULT '("h2" "http/1.1" "h3")) to be true.^[[0m
sbcl-bin	Run tests	2026-09-29T04:39:48.5388917Z ^[[37mtest-parse-alpn-protocols-zero-length-protocol^[[0m
sbcl-bin	Run tests	2026-09-29T04:39:48.5389339Z   ^[[37mparse-alpn-protocols skips zero-length protocol^[[0m
sbcl-bin	Run tests	2026-09-29T04:39:48.5389748Z     ^[[32m✓ ^[[0m^[[90mExpect (EQUAL RESULT '("h2")) to be true.^[[0m
sbcl-bin	Run tests	2026-09-29T04:39:48.5390127Z ^[[37mtest-parse-alpn-protocols-truncated^[[0m
sbcl-bin	Run tests	2026-09-29T04:39:48.5390547Z   ^[[37mparse-alpn-protocols handles truncated buffer gracefully^[[0m
sbcl-bin	Run tests	2026-09-29T04:39:48.5390965Z     ^[[32m✓ ^[[0m^[[90mExpect (NULL RESULT) to be true.^[[0m
sbcl-bin	Run tests	2026-09-29T04:39:48.5391362Z ^[[37mtest-parse-alpn-protocols-truncated-after-valid^[[0m
sbcl-bin	Run tests	2026-09-29T04:39:48.5391858Z   ^[[37ma truncated entry does not discard an earlier protocol or read past inlen^[[0m
sbcl-bin	Run tests	2026-09-29T04:39:48.5392358Z     ^[[32m✓ ^[[0m^[[90mExpect (EQUAL RESULT '("h2")) to be true.^[[0m
sbcl-bin	Run tests	2026-09-29T04:39:48.5393021Z ^[[37mtest-find-protocol-in-buffer-found^[[0m
sbcl-bin	Run tests	2026-09-29T04:39:48.5393405Z   ^[[37mfind-protocol-in-buffer finds existing protocol^[[0m
sbcl-bin	Run tests	2026-09-29T04:39:48.5393798Z     ^[[32m✓ ^[[0m^[[90mExpect (NULL PTR) to be false.^[[0m
sbcl-bin	Run tests	2026-09-29T04:39:48.5394158Z     ^[[32m✓ ^[[0m^[[90mExpect (= LEN 2) to be true.^[[0m
sbcl-bin	Run tests	2026-09-29T04:39:48.5394595Z     ^[[32m✓ ^[[0m^[[90mExpect (= (MEM-AREF PTR :UNSIGNED-CHAR 0) 104) to be true.^[[0m
sbcl-bin	Run tests	2026-09-29T04:39:48.5395100Z     ^[[32m✓ ^[[0m^[[90mExpect (= (MEM-AREF PTR :UNSIGNED-CHAR 1) 50) to be true.^[[0m
sbcl-bin	Run tests	2026-09-29T04:39:48.5395551Z ^[[37mtest-find-protocol-in-buffer-second-protocol^[[0m
sbcl-bin	Run tests	2026-09-29T04:39:48.5395956Z   ^[[37mfind-protocol-in-buffer finds second protocol^[[0m
sbcl-bin	Run tests	2026-09-29T04:39:48.5396325Z     ^[[32m✓ ^[[0m^[[90mExpect (NULL PTR) to be false.^[[0m
sbcl-bin	Run tests	2026-09-29T04:39:48.5396666Z     ^[[32m✓ ^[[0m^[[90mExpect (= LEN 8) to be true.^[[0m
sbcl-bin	Run tests	2026-09-29T04:39:48.5397083Z     ^[[32m✓ ^[[0m^[[90mExpect (= (MEM-AREF PTR :UNSIGNED-CHAR 0) 104) to be true.^[[0m
sbcl-bin	Run tests	2026-09-29T04:39:48.5397587Z     ^[[32m✓ ^[[0m^[[90mExpect (= (MEM-AREF PTR :UNSIGNED-CHAR 1) 116) to be true.^[[0m
sbcl-bin	Run tests	2026-09-29T04:39:48.5398064Z     ^[[32m✓ ^[[0m^[[90mExpect (= (MEM-AREF PTR :UNSIGNED-CHAR 2) 116) to be true.^[[0m
sbcl-bin	Run tests	2026-09-29T04:39:48.5398487Z ^[[37mtest-find-protocol-in-buffer-not-found^[[0m
sbcl-bin	Run tests	2026-09-29T04:39:48.5398933Z   ^[[37mfind-protocol-in-buffer returns nil when protocol not found^[[0m
sbcl-bin	Run tests	2026-09-29T04:39:48.5399360Z     ^[[32m✓ ^[[0m^[[90mExpect (NULL PTR) to be true.^[[0m
sbcl-bin	Run tests	2026-09-29T04:39:48.5399696Z     ^[[32m✓ ^[[0m^[[90mExpect (NULL LEN) to be true.^[[0m
sbcl-bin	Run tests	2026-09-29T04:39:48.5400030Z ^[[37mtest-find-protocol-in-buffer-empty^[[0m
sbcl-bin	Run tests	2026-09-29T04:39:48.5400396Z   ^[[37mfind-protocol-in-buffer handles empty buffer^[[0m
sbcl-bin	Run tests	2026-09-29T04:39:48.5400756Z     ^[[32m✓ ^[[0m^[[90mExpect (NULL PTR) to be true.^[[0m
sbcl-bin	Run tests	2026-09-29T04:39:48.5401086Z     ^[[32m✓ ^[[0m^[[90mExpect (NULL LEN) to be true.^[[0m
sbcl-bin	Run tests	2026-09-29T04:39:48.5401448Z ^[[37mtest-find-protocol-in-buffer-partial-match^[[0m
sbcl-bin	Run tests	2026-09-29T04:39:48.5401887Z   ^[[37mfind-protocol-in-buffer doesn't match partial strings^[[0m
sbcl-bin	Run tests	2026-09-29T04:39:48.5402296Z     ^[[32m✓ ^[[0m^[[90mExpect (NULL PTR) to be true.^[[0m
sbcl-bin	Run tests	2026-09-29T04:39:48.5402854Z     ^[[32m✓ ^[[0m^[[90mExpect (NULL LEN) to be true.^[[0m
sbcl-bin	Run tests	2026-09-29T04:39:48.5403238Z ^[[37mtest-find-protocol-in-buffer-truncated-entry^[[0m
sbcl-bin	Run tests	2026-09-29T04:39:48.5403650Z   ^[[37mfind-protocol-in-buffer does not read past inlen^[[0m
sbcl-bin	Run tests	2026-09-29T04:39:48.5404030Z     ^[[32m✓ ^[[0m^[[90mtruncated h2 is not a match^[[0m
sbcl-bin	Run tests	2026-09-29T04:39:48.5404368Z     ^[[32m✓ ^[[0m^[[90mExpect (NULL LEN) to be true.^[[0m
sbcl-bin	Run tests	2026-09-29T04:39:48.5404702Z     ^[[32m✓ ^[[0m^[[90min-bounds h3 is still found^[[0m
sbcl-bin	Run tests	2026-09-29T04:39:48.5405038Z     ^[[32m✓ ^[[0m^[[90mExpect (= LEN 2) to be true.^[[0m
sbcl-bin	Run tests	2026-09-29T04:39:48.5405373Z     ^[[32m✓ ^[[0m^[[90mExpect (NULL PTR) to be true.^[[0m
sbcl-bin	Run tests	2026-09-29T04:39:48.5405704Z     ^[[32m✓ ^[[0m^[[90mExpect (NULL LEN) to be true.^[[0m
sbcl-bin	Run tests	2026-09-29T04:39:48.5406032Z ^[[37mtest-make-alpn-selector-basic^[[0m
sbcl-bin	Run tests	2026-09-29T04:39:48.5406382Z   ^[[37mmake-alpn-selector creates working selector^[[0m
sbcl-bin	Run tests	2026-09-29T04:39:48.5406939Z     ^[[32m✓ ^[[0m^[[90mExpect (FUNCTIONP SELECTOR) to be true.^[[0m
sbcl-bin	Run tests	2026-09-29T04:39:48.5407356Z     ^[[32m✓ ^[[0m^[[90mExpect (STRING= RESULT "h2") to be true.^[[0m
sbcl-bin	Run tests	2026-09-29T04:39:48.5407806Z     ^[[32m✓ ^[[0m^[[90mExpect (STRING= RESULT "http/1.1") to be true.^[[0m
sbcl-bin	Run tests	2026-09-29T04:39:48.5408223Z ^[[37mtest-make-alpn-selector-order-preference^[[0m
sbcl-bin	Run tests	2026-09-29T04:39:48.5408654Z   ^[[37mmake-alpn-selector respects server preference order^[[0m
sbcl-bin	Run tests	2026-09-29T04:39:48.5409072Z     ^[[32m✓ ^[[0m^[[90mExpect (STRING= RESULT "h2") to be true.^[[0m
sbcl-bin	Run tests	2026-09-29T04:39:48.5409430Z ^[[37mtest-make-alpn-selector-no-match^[[0m
sbcl-bin	Run tests	2026-09-29T04:39:48.5409792Z   ^[[37mmake-alpn-selector returns nil when no match^[[0m
sbcl-bin	Run tests	2026-09-29T04:39:48.5410198Z     ^[[32m✓ ^[[0m^[[90mExpect (NULL RESULT) to be true.^[[0m
sbcl-bin	Run tests	2026-09-29T04:39:48.5410572Z ^[[37mtest-make-alpn-selector-empty-client-list^[[0m
sbcl-bin	Run tests	2026-09-29T04:39:48.5410963Z   ^[[37mmake-alpn-selector handles empty client list^[[0m
sbcl-bin	Run tests	2026-09-29T04:39:48.5411343Z     ^[[32m✓ ^[[0m^[[90mExpect (NULL RESULT) to be true.^[[0m
sbcl-bin	Run tests	2026-09-29T04:39:48.5411850Z ^[[37mtest-make-alpn-selector-empty-preferred-list^[[0m
sbcl-bin	Run tests	2026-09-29T04:39:48.5412299Z   ^[[37mmake-alpn-selector with empty preference list returns nil^[[0m
sbcl-bin	Run tests	2026-09-29T04:39:48.5412902Z     ^[[32m✓ ^[[0m^[[90mExpect (NULL RESULT) to be true.^[[0m
sbcl-bin	Run tests	2026-09-29T04:39:48.5413270Z ^[[37mtest-make-alpn-selector-single-protocol^[[0m
sbcl-bin	Run tests	2026-09-29T04:39:48.5413655Z   ^[[37mmake-alpn-selector works with single protocol^[[0m
sbcl-bin	Run tests	2026-09-29T04:39:48.5414069Z     ^[[32m✓ ^[[0m^[[90mExpect (STRING= RESULT "http/1.1") to be true.^[[0m
sbcl-bin	Run tests	2026-09-29T04:39:48.5414465Z     ^[[32m✓ ^[[0m^[[90mExpect (NULL RESULT) to be true.^[[0m
sbcl-bin	Run tests	2026-09-29T04:39:48.5414824Z ^[[37mtest-make-alpn-selector-case-sensitive^[[0m
sbcl-bin	Run tests	2026-09-29T04:39:48.5415182Z   ^[[37mmake-alpn-selector is case-sensitive^[[0m
sbcl-bin	Run tests	2026-09-29T04:39:48.5415522Z     ^[[32m✓ ^[[0m^[[90mExpect (NULL RESULT) to be true.^[[0m
sbcl-bin	Run tests	2026-09-29T04:39:48.5415886Z ^[[37mtest-make-alpn-selector-multiple-matches^[[0m
sbcl-bin	Run tests	2026-09-29T04:39:48.5416342Z   ^[[37mmake-alpn-selector returns first match in preference order^[[0m
sbcl-bin	Run tests	2026-09-29T04:39:48.5416811Z     ^[[32m✓ ^[[0m^[[90mExpect (STRING= RESULT "h2") to be true.^[[0m
sbcl-bin	Run tests	2026-09-29T04:39:48.5417217Z     ^[[32m✓ ^[[0m^[[90mExpect (STRING= RESULT "h3") to be true.^[[0m
sbcl-bin	Run tests	2026-09-29T04:39:48.5417572Z ^[[37mtest-alpn-protocols-default^[[0m
sbcl-bin	Run tests	2026-09-29T04:39:48.5417919Z   ^[[37m*alpn-protocols* has correct default value^[[0m
sbcl-bin	Run tests	2026-09-29T04:39:48.5418413Z     ^[[32m✓ ^[[0m^[[90mExpect (EQUAL (SYMBOL-VALUE (FIND-SYMBOL "*ALPN-PROTOCOLS*" :WOO.SSL))
sbcl-bin	Run tests	2026-09-29T04:39:48.5418883Z                     '("http/1.1")) to be true.^[[0m
sbcl-bin	Run tests	2026-09-29T04:39:48.5419219Z ^[[37mtest-alpn-callback-arg-roundtrip^[[0m
sbcl-bin	Run tests	2026-09-29T04:39:48.5419620Z   ^[[37mpreferred protocols encoded in a private callback arg^[[0m
sbcl-bin	Run tests	2026-09-29T04:39:48.5420052Z     ^[[32m✓ ^[[0m^[[90meach encode allocates its own buffer^[[0m
sbcl-bin	Run tests	2026-09-29T04:39:48.5420476Z     ^[[32m✓ ^[[0m^[[90mearlier buffer is not freed by a later encode^[[0m
sbcl-bin	Run tests	2026-09-29T04:39:48.5421114Z     ^[[32m✓ ^[[0m^[[90mExpect (EQUAL (WOO.SSL.ALPN::PROTOCOLS-FROM-ARG SECOND) '("http/1.1")) to be true.^[[0m
sbcl-bin	Run tests	2026-09-29T04:39:48.5421783Z ^[[37mtest-alpn-arg-per-context^[[0m
sbcl-bin	Run tests	2026-09-29T04:39:48.5422214Z   ^[[37meach SSL_CTX has its own callback arg and reconfigure does not free it^[[0m
sbcl-bin	Run tests	2026-09-29T04:39:48.5422817Z     ^[[32m✓ ^[[0m^[[90munchanged protocols keep the same pointer^[[0m
sbcl-bin	Run tests	2026-09-29T04:39:48.5423231Z     ^[[32m✓ ^[[0m^[[90mcontexts do not share one C buffer^[[0m
sbcl-bin	Run tests	2026-09-29T04:39:48.5423822Z     ^[[32m✓ ^[[0m^[[90mExpect (EQUAL (WOO.SSL.ALPN::PROTOCOLS-FROM-ARG A1) '("h2" "http/1.1")) to be true.^[[0m
sbcl-bin	Run tests	2026-09-29T04:39:48.5424526Z     ^[[32m✓ ^[[0m^[[90mExpect (EQUAL (WOO.SSL.ALPN::PROTOCOLS-FROM-ARG B1) '("http/1.1")) to be true.^[[0m
sbcl-bin	Run tests	2026-09-29T04:39:48.5425014Z     ^[[32m✓ ^[[0m^[[90ma new list gets a new buffer^[[0m
sbcl-bin	Run tests	2026-09-29T04:39:48.5425376Z     ^[[32m✓ ^[[0m^[[90mprevious arg is still readable^[[0m
sbcl-bin	Run tests	2026-09-29T04:39:48.5425900Z     ^[[32m✓ ^[[0m^[[90mExpect (EQUAL (WOO.SSL.ALPN::PROTOCOLS-FROM-ARG A3) '("h2")) to be true.^[[0m
sbcl-bin	Run tests	2026-09-29T04:39:48.5426386Z     ^[[32m✓ ^[[0m^[[90mthe other context is untouched^[[0m
sbcl-bin	Run tests	2026-09-29T04:39:48.5426888Z ^[[37mtest-alpn-callback-inbounds-and-truncated^[[0m
sbcl-bin	Run tests	2026-09-29T04:39:48.5427378Z   ^[[37mALPN callback selects an in-bounds protocol and rejects a truncated list^[[0m
sbcl-bin	Run tests	2026-09-29T04:39:48.5427881Z     ^[[32m✓ ^[[0m^[[90mExpect (= RC +SSL-TLSEXT-ERR-OK+) to be true.^[[0m
sbcl-bin	Run tests	2026-09-29T04:39:48.5428284Z     ^[[32m✓ ^[[0m^[[90mExpect (= OUTLEN 2) to be true.^[[0m
sbcl-bin	Run tests	2026-09-29T04:39:48.5428704Z     ^[[32m✓ ^[[0m^[[90mExpect (CFFI-SYS:NULL-POINTER-P OUT) to be false.^[[0m
sbcl-bin	Run tests	2026-09-29T04:39:48.5429196Z     ^[[32m✓ ^[[0m^[[90mExpect (= (MEM-AREF OUT :UNSIGNED-CHAR 0) 104) to be true.^[[0m
sbcl-bin	Run tests	2026-09-29T04:39:48.5429699Z     ^[[32m✓ ^[[0m^[[90mExpect (= (MEM-AREF OUT :UNSIGNED-CHAR 1) 50) to be true.^[[0m
sbcl-bin	Run tests	2026-09-29T04:39:48.5430172Z     ^[[32m✓ ^[[0m^[[90mExpect (= RC +SSL-TLSEXT-ERR-NOACK+) to be true.^[[0m
sbcl-bin	Run tests	2026-09-29T04:39:48.5430611Z     ^[[32m✓ ^[[0m^[[90mtruncated match must not publish a length^[[0m
sbcl-bin	Run tests	2026-09-29T04:39:48.5431078Z     ^[[32m✓ ^[[0m^[[90mtruncated match must not publish a pointer past inlen^[[0m
sbcl-bin	Run tests	2026-09-29T04:39:48.5431529Z ^[[37mtest-alpn-truncated-allocation^[[0m
sbcl-bin	Run tests	2026-09-29T04:39:48.5431970Z   ^[[37mscanner and callback do not read past a truncated ALPN buffer^[[0m
sbcl-bin	Run tests	2026-09-29T04:39:48.5432416Z     ^[[32m✓ ^[[0m^[[90mExpect (NULL PTR) to be true.^[[0m
sbcl-bin	Run tests	2026-09-29T04:39:48.5432877Z     ^[[32m✓ ^[[0m^[[90mExpect (NULL LEN) to be true.^[[0m
sbcl-bin	Run tests	2026-09-29T04:39:48.5433226Z     ^[[32m✓ ^[[0m^[[90mExpect (NULL PTR) to be false.^[[0m
sbcl-bin	Run tests	2026-09-29T04:39:48.5433574Z     ^[[32m✓ ^[[0m^[[90mExpect (= LEN 2) to be true.^[[0m
sbcl-bin	Run tests	2026-09-29T04:39:48.5434007Z     ^[[32m✓ ^[[0m^[[90mExpect (= (MEM-AREF PTR :UNSIGNED-CHAR 0) 104) to be true.^[[0m
sbcl-bin	Run tests	2026-09-29T04:39:48.5434511Z     ^[[32m✓ ^[[0m^[[90mExpect (= (MEM-AREF PTR :UNSIGNED-CHAR 1) 50) to be true.^[[0m
sbcl-bin	Run tests	2026-09-29T04:39:48.5434971Z     ^[[32m✓ ^[[0m^[[90mExpect (= RC +SSL-TLSEXT-ERR-OK+) to be true.^[[0m
sbcl-bin	Run tests	2026-09-29T04:39:48.5435367Z     ^[[32m✓ ^[[0m^[[90mExpect (= OUTLEN 2) to be true.^[[0m
sbcl-bin	Run tests	2026-09-29T04:39:48.5435787Z     ^[[32m✓ ^[[0m^[[90mExpect (CFFI-SYS:NULL-POINTER-P OUT) to be false.^[[0m
sbcl-bin	Run tests	2026-09-29T04:39:48.5436294Z     ^[[32m✓ ^[[0m^[[90mExpect (= (MEM-AREF OUT :UNSIGNED-CHAR 0) 104) to be true.^[[0m
sbcl-bin	Run tests	2026-09-29T04:39:48.5436778Z     ^[[32m✓ ^[[0m^[[90mExpect (= (MEM-AREF OUT :UNSIGNED-CHAR 1) 50) to be true.^[[0m
sbcl-bin	Run tests	2026-09-29T04:39:48.5437233Z     ^[[32m✓ ^[[0m^[[90mExpect (= RC +SSL-TLSEXT-ERR-NOACK+) to be true.^[[0m
sbcl-bin	Run tests	2026-09-29T04:39:48.5437627Z     ^[[32m✓ ^[[0m^[[90mExpect (= OUTLEN 0) to be true.^[[0m
sbcl-bin	Run tests	2026-09-29T04:39:48.5438027Z     ^[[32m✓ ^[[0m^[[90mExpect (CFFI-SYS:NULL-POINTER-P OUT) to be true.^[[0m
sbcl-bin	Run tests	2026-09-29T04:39:48.5438446Z ^[[37mtest-tls-slow-reader-preserves-exact-body^[[0m
sbcl-bin	Run tests	2026-09-29T04:39:48.5438861Z   ^[[37ma slow TLS reader receives every response byte in order^[[0m
sbcl-bin	Run tests	2026-09-29T04:39:48.5439270Z NOTICE: Running in debug mode. Debugger will be invoked on errors.
sbcl-bin	Run tests	2026-09-29T04:39:48.6319293Z   Specify ':debug nil' to turn it off on remote environments.    ^[[37mTLS slow reader^[[0m
sbcl-bin	Run tests	2026-09-29T04:39:48.9137341Z       ^[[32m✓ ^[[0m^[[90mExpect (= RECEIVED-SIZE (LENGTH BODY)) to be true.^[[0m
sbcl-bin	Run tests	2026-09-29T04:39:48.9138565Z       ^[[32m✓ ^[[0m^[[90mExpect EXACT-P to be true.^[[0m
sbcl-bin	Run tests	2026-09-29T04:39:49.4141928Z ^[[37mtest-fullchain-context-loads^[[0m
sbcl-bin	Run tests	2026-09-29T04:39:49.4142472Z   ^[[37ma listener context accepts a leaf followed by an intermediate^[[0m
sbcl-bin	Run tests	2026-09-29T04:39:49.4319590Z     ^[[32m✓ ^[[0m^[[90mExpect CTX to be true.^[[0m
sbcl-bin	Run tests	2026-09-29T04:39:49.4326059Z ^[[37mtest-listener-alpn-setup-failure-releases-context^[[0m
sbcl-bin	Run tests	2026-09-29T04:39:49.4326904Z   ^[[37ma failure after installing ALPN releases the listener context^[[0m
sbcl-bin	Run tests	2026-09-29T04:39:49.4503333Z     ^[[32m✓ ^[[0m^[[90mExpect (WOO:RUN (LAMBDA (ENV) (DECLARE (IGNORE ENV)) '(200 NIL ("ok"))) :DEBUG
sbcl-bin	Run tests	2026-09-29T04:39:49.4503933Z                       NIL :WORKER-NUM NIL :HANDLE-SIGNALS NIL :SSL-CERT-FILE
sbcl-bin	Run tests	2026-09-29T04:39:49.4504336Z                       (CERT-PATH "localhost.crt") :SSL-KEY-FILE
sbcl-bin	Run tests	2026-09-29T04:39:49.4504781Z                       (CERT-PATH "localhost.key")) to signal ERROR.^[[0m
sbcl-bin	Run tests	2026-09-29T04:39:49.4505191Z     ^[[32m✓ ^[[0m^[[90mExpect CONFIGURED to be true.^[[0m
sbcl-bin	Run tests	2026-09-29T04:39:49.4505923Z     ^[[32m✓ ^[[0m^[[90mExpect (= FREED 1) to be true.^[[0m
sbcl-bin	Run tests	2026-09-29T04:39:49.4506992Z     ^[[32m✓ ^[[0m^[[90mExpect (= BASELINE (HASH-TABLE-COUNT WOO.SSL.ALPN::*ALPN-CTX-ARGS*)) to be true.^[[0m
sbcl-bin	Run tests	2026-09-29T04:39:49.4507750Z ^[[37mtest-chain-trust-and-missing-intermediate^[[0m
sbcl-bin	Run tests	2026-09-29T04:39:49.4508504Z   ^[[37mOpenSSL trusts the complete chain and rejects a leaf without its intermediate^[[0m
sbcl-bin	Run tests	2026-09-29T04:48:16.0460831Z ##[error]The operation was canceled.
sbcl-bin	Post Run actions/checkout@v4	﻿2026-09-29T04:48:16.0579573Z Post job cleanup.
sbcl-bin	Post Run actions/checkout@v4	2026-09-29T04:48:16.1437458Z [command]/usr/bin/git version
sbcl-bin	Post Run actions/checkout@v4	2026-09-29T04:48:16.1479834Z git version 2.55.0
sbcl-bin	Post Run actions/checkout@v4	2026-09-29T04:48:16.1516845Z Temporarily overriding HOME='/home/runner/work/_temp/07119478-d989-4475-9756-2e3c00dbe948' before making global git config changes
sbcl-bin	Post Run actions/checkout@v4	2026-09-29T04:48:16.1522284Z Adding repository directory to the temporary git global config as a safe directory
sbcl-bin	Post Run actions/checkout@v4	2026-09-29T04:48:16.1523406Z [command]/usr/bin/git config --global --add safe.directory /home/runner/work/woo/woo
sbcl-bin	Post Run actions/checkout@v4	2026-09-29T04:48:16.1562293Z [command]/usr/bin/git config --local --name-only --get-regexp core\.sshCommand
sbcl-bin	Post Run actions/checkout@v4	2026-09-29T04:48:16.1598817Z [command]/usr/bin/git submodule foreach --recursive sh -c "git config --local --name-only --get-regexp 'core\.sshCommand' && git config --local --unset-all 'core.sshCommand' || :"
sbcl-bin	Post Run actions/checkout@v4	2026-09-29T04:48:16.1867484Z [command]/usr/bin/git config --local --name-only --get-regexp http\.https\:\/\/github\.com\/\.extraheader
sbcl-bin	Post Run actions/checkout@v4	2026-09-29T04:48:16.1896934Z http.https://github.com/.extraheader
sbcl-bin	Post Run actions/checkout@v4	2026-09-29T04:48:16.1910308Z [command]/usr/bin/git config --local --unset-all http.https://github.com/.extraheader
sbcl-bin	Post Run actions/checkout@v4	2026-09-29T04:48:16.1945076Z [command]/usr/bin/git submodule foreach --recursive sh -c "git config --local --name-only --get-regexp 'http\.https\:\/\/github\.com\/\.extraheader' && git config --local --unset-all 'http.https://github.com/.extraheader' || :"
sbcl-bin	Post Run actions/checkout@v4	2026-09-29T04:48:16.2218043Z [command]/usr/bin/git config --local --name-only --get-regexp ^includeIf\.gitdir:
sbcl-bin	Post Run actions/checkout@v4	2026-09-29T04:48:16.2259535Z [command]/usr/bin/git submodule foreach --recursive git config --local --show-origin --name-only --get-regexp remote.origin.url
sbcl-bin	Complete job	﻿2026-09-29T04:48:16.2682037Z Cleaning up orphan processes
sbcl-bin	Complete job	2026-09-29T04:48:16.2936811Z Terminate orphan process: pid (5159) (sbcl)
sbcl-bin	Complete job	2026-09-29T04:48:16.2976590Z ##[warning]Node.js 20 is deprecated. The following actions target Node.js 20 but are being forced to run on Node.js 24: actions/checkout@v4. For more information see: https://github.blog/changelog/2025-09-19-deprecation-of-node-20-on-github-actions-runners/
