sbcl-bin	Set up job	﻿2026-09-29T04:11:45.2797483Z Current runner version: '2.337.0'
sbcl-bin	Set up job	2026-09-29T04:11:45.2823877Z ##[group]Runner Image Provisioner
sbcl-bin	Set up job	2026-09-29T04:11:45.2824961Z Hosted Compute Agent
sbcl-bin	Set up job	2026-09-29T04:11:45.2825552Z Version: 20260828.587
sbcl-bin	Set up job	2026-09-29T04:11:45.2826172Z Commit: abac92662cab4cc7352de4f9f9d2e2419aad9c29
sbcl-bin	Set up job	2026-09-29T04:11:45.2826975Z Build Date: 2026-08-28T16:44:25Z
sbcl-bin	Set up job	2026-09-29T04:11:45.2827709Z Worker ID: {d6eb525c-85fe-4038-863f-35cb89ea1033}
sbcl-bin	Set up job	2026-09-29T04:11:45.2828451Z Azure Region: westus3
sbcl-bin	Set up job	2026-09-29T04:11:45.2829038Z ##[endgroup]
sbcl-bin	Set up job	2026-09-29T04:11:45.2830673Z ##[group]Operating System
sbcl-bin	Set up job	2026-09-29T04:11:45.2831758Z Ubuntu
sbcl-bin	Set up job	2026-09-29T04:11:45.2832322Z 24.04.5
sbcl-bin	Set up job	2026-09-29T04:11:45.2832883Z LTS
sbcl-bin	Set up job	2026-09-29T04:11:45.2833407Z ##[endgroup]
sbcl-bin	Set up job	2026-09-29T04:11:45.2833946Z ##[group]Runner Image
sbcl-bin	Set up job	2026-09-29T04:11:45.2834574Z Image: ubuntu-24.04
sbcl-bin	Set up job	2026-09-29T04:11:45.2835172Z Version: 20260920.314.1
sbcl-bin	Set up job	2026-09-29T04:11:45.2836230Z Included Software: https://github.com/actions/runner-images/blob/ubuntu24/20260920.314/images/ubuntu/Ubuntu2404-Readme.md
sbcl-bin	Set up job	2026-09-29T04:11:45.2838094Z Image Release: https://github.com/actions/runner-images/releases/tag/ubuntu24%2F20260920.314
sbcl-bin	Set up job	2026-09-29T04:11:45.2839120Z ##[endgroup]
sbcl-bin	Set up job	2026-09-29T04:11:45.2842737Z ##[group]GITHUB_TOKEN Permissions
sbcl-bin	Set up job	2026-09-29T04:11:45.2845568Z Actions: write
sbcl-bin	Set up job	2026-09-29T04:11:45.2846202Z ArtifactMetadata: write
sbcl-bin	Set up job	2026-09-29T04:11:45.2846870Z Attestations: write
sbcl-bin	Set up job	2026-09-29T04:11:45.2847514Z Checks: write
sbcl-bin	Set up job	2026-09-29T04:11:45.2848055Z CodeQuality: write
sbcl-bin	Set up job	2026-09-29T04:11:45.2848653Z Contents: write
sbcl-bin	Set up job	2026-09-29T04:11:45.2849193Z CopilotRequests: write
sbcl-bin	Set up job	2026-09-29T04:11:45.2849836Z Deployments: write
sbcl-bin	Set up job	2026-09-29T04:11:45.2850433Z Discussions: write
sbcl-bin	Set up job	2026-09-29T04:11:45.2851351Z Drives: write
sbcl-bin	Set up job	2026-09-29T04:11:45.2851975Z Issues: write
sbcl-bin	Set up job	2026-09-29T04:11:45.2852514Z Metadata: read
sbcl-bin	Set up job	2026-09-29T04:11:45.2853134Z Models: read
sbcl-bin	Set up job	2026-09-29T04:11:45.2853770Z Packages: write
sbcl-bin	Set up job	2026-09-29T04:11:45.2854323Z Pages: write
sbcl-bin	Set up job	2026-09-29T04:11:45.2854946Z PullRequests: write
sbcl-bin	Set up job	2026-09-29T04:11:45.2855521Z RepositoryProjects: write
sbcl-bin	Set up job	2026-09-29T04:11:45.2856140Z SecurityEvents: write
sbcl-bin	Set up job	2026-09-29T04:11:45.2856828Z Statuses: write
sbcl-bin	Set up job	2026-09-29T04:11:45.2857389Z VulnerabilityAlerts: read
sbcl-bin	Set up job	2026-09-29T04:11:45.2858006Z ##[endgroup]
sbcl-bin	Set up job	2026-09-29T04:11:45.2860146Z Secret source: Actions
sbcl-bin	Set up job	2026-09-29T04:11:45.2861431Z Cache mode: write
sbcl-bin	Set up job	2026-09-29T04:11:45.2862217Z Prepare workflow directory
sbcl-bin	Set up job	2026-09-29T04:11:45.3262067Z Prepare all required actions
sbcl-bin	Set up job	2026-09-29T04:11:45.3309413Z Getting action download info
sbcl-bin	Set up job	2026-09-29T04:11:45.6345092Z Download action repository 'actions/checkout@v4' (SHA:11d5960a326750d5838078e36cf38b85af677262)
sbcl-bin	Set up job	2026-09-29T04:11:45.8596511Z Complete job name: sbcl-bin
sbcl-bin	Run actions/checkout@v4	﻿2026-09-29T04:11:45.9471588Z ##[group]Run actions/checkout@v4
sbcl-bin	Run actions/checkout@v4	2026-09-29T04:11:45.9473131Z with:
sbcl-bin	Run actions/checkout@v4	2026-09-29T04:11:45.9473938Z   repository: pyrex41/woo
sbcl-bin	Run actions/checkout@v4	2026-09-29T04:11:45.9481624Z   token: ***
sbcl-bin	Run actions/checkout@v4	2026-09-29T04:11:45.9482440Z   ssh-strict: true
sbcl-bin	Run actions/checkout@v4	2026-09-29T04:11:45.9483158Z   ssh-user: git
sbcl-bin	Run actions/checkout@v4	2026-09-29T04:11:45.9483721Z   persist-credentials: true
sbcl-bin	Run actions/checkout@v4	2026-09-29T04:11:45.9484215Z   clean: true
sbcl-bin	Run actions/checkout@v4	2026-09-29T04:11:45.9484740Z   sparse-checkout-cone-mode: true
sbcl-bin	Run actions/checkout@v4	2026-09-29T04:11:45.9485272Z   fetch-depth: 1
sbcl-bin	Run actions/checkout@v4	2026-09-29T04:11:45.9485725Z   fetch-tags: false
sbcl-bin	Run actions/checkout@v4	2026-09-29T04:11:45.9486177Z   show-progress: true
sbcl-bin	Run actions/checkout@v4	2026-09-29T04:11:45.9486640Z   lfs: false
sbcl-bin	Run actions/checkout@v4	2026-09-29T04:11:45.9487094Z   submodules: false
sbcl-bin	Run actions/checkout@v4	2026-09-29T04:11:45.9487546Z   set-safe-directory: true
sbcl-bin	Run actions/checkout@v4	2026-09-29T04:11:45.9488063Z   allow-unsafe-pr-checkout: false
sbcl-bin	Run actions/checkout@v4	2026-09-29T04:11:45.9488995Z ##[endgroup]
sbcl-bin	Run actions/checkout@v4	2026-09-29T04:11:46.0549892Z Syncing repository: pyrex41/woo
sbcl-bin	Run actions/checkout@v4	2026-09-29T04:11:46.0553041Z ##[group]Getting Git version info
sbcl-bin	Run actions/checkout@v4	2026-09-29T04:11:46.0554300Z Working directory is '/home/runner/work/woo/woo'
sbcl-bin	Run actions/checkout@v4	2026-09-29T04:11:46.0556043Z [command]/usr/bin/git version
sbcl-bin	Run actions/checkout@v4	2026-09-29T04:11:46.0608374Z git version 2.55.0
sbcl-bin	Run actions/checkout@v4	2026-09-29T04:11:46.0642627Z ##[endgroup]
sbcl-bin	Run actions/checkout@v4	2026-09-29T04:11:46.0657010Z Temporarily overriding HOME='/home/runner/work/_temp/d390d471-efef-421e-90fd-98ddc68060bc' before making global git config changes
sbcl-bin	Run actions/checkout@v4	2026-09-29T04:11:46.0659662Z Adding repository directory to the temporary git global config as a safe directory
sbcl-bin	Run actions/checkout@v4	2026-09-29T04:11:46.0664395Z [command]/usr/bin/git config --global --add safe.directory /home/runner/work/woo/woo
sbcl-bin	Run actions/checkout@v4	2026-09-29T04:11:46.0728646Z Deleting the contents of '/home/runner/work/woo/woo'
sbcl-bin	Run actions/checkout@v4	2026-09-29T04:11:46.0737794Z ##[group]Initializing the repository
sbcl-bin	Run actions/checkout@v4	2026-09-29T04:11:46.0745846Z [command]/usr/bin/git init /home/runner/work/woo/woo
sbcl-bin	Run actions/checkout@v4	2026-09-29T04:11:46.0849265Z hint: Using 'master' as the name for the initial branch. This default branch name
sbcl-bin	Run actions/checkout@v4	2026-09-29T04:11:46.0851358Z hint: will change to "main" in Git 3.0. To configure the initial branch name
sbcl-bin	Run actions/checkout@v4	2026-09-29T04:11:46.0854257Z hint: to use in all of your new repositories, which will suppress this warning,
sbcl-bin	Run actions/checkout@v4	2026-09-29T04:11:46.0855571Z hint: call:
sbcl-bin	Run actions/checkout@v4	2026-09-29T04:11:46.0856201Z hint:
sbcl-bin	Run actions/checkout@v4	2026-09-29T04:11:46.0856993Z hint: 	git config --global init.defaultBranch <name>
sbcl-bin	Run actions/checkout@v4	2026-09-29T04:11:46.0857972Z hint:
sbcl-bin	Run actions/checkout@v4	2026-09-29T04:11:46.0858962Z hint: Names commonly chosen instead of 'master' are 'main', 'trunk' and
sbcl-bin	Run actions/checkout@v4	2026-09-29T04:11:46.0860584Z hint: 'development'. The just-created branch can be renamed via this command:
sbcl-bin	Run actions/checkout@v4	2026-09-29T04:11:46.0862097Z hint:
sbcl-bin	Run actions/checkout@v4	2026-09-29T04:11:46.0862749Z hint: 	git branch -m <name>
sbcl-bin	Run actions/checkout@v4	2026-09-29T04:11:46.0863493Z hint:
sbcl-bin	Run actions/checkout@v4	2026-09-29T04:11:46.0864511Z hint: Disable this message with "git config set advice.defaultBranchName false"
sbcl-bin	Run actions/checkout@v4	2026-09-29T04:11:46.0866323Z Initialized empty Git repository in /home/runner/work/woo/woo/.git/
sbcl-bin	Run actions/checkout@v4	2026-09-29T04:11:46.0869199Z [command]/usr/bin/git remote add origin https://github.com/pyrex41/woo
sbcl-bin	Run actions/checkout@v4	2026-09-29T04:11:46.0916544Z ##[endgroup]
sbcl-bin	Run actions/checkout@v4	2026-09-29T04:11:46.0917996Z ##[group]Disabling automatic garbage collection
sbcl-bin	Run actions/checkout@v4	2026-09-29T04:11:46.0920134Z [command]/usr/bin/git config --local gc.auto 0
sbcl-bin	Run actions/checkout@v4	2026-09-29T04:11:46.0953796Z ##[endgroup]
sbcl-bin	Run actions/checkout@v4	2026-09-29T04:11:46.0955067Z ##[group]Setting up auth
sbcl-bin	Run actions/checkout@v4	2026-09-29T04:11:46.0961221Z [command]/usr/bin/git config --local --name-only --get-regexp core\.sshCommand
sbcl-bin	Run actions/checkout@v4	2026-09-29T04:11:46.0996195Z [command]/usr/bin/git submodule foreach --recursive sh -c "git config --local --name-only --get-regexp 'core\.sshCommand' && git config --local --unset-all 'core.sshCommand' || :"
sbcl-bin	Run actions/checkout@v4	2026-09-29T04:11:46.1375782Z [command]/usr/bin/git config --local --name-only --get-regexp http\.https\:\/\/github\.com\/\.extraheader
sbcl-bin	Run actions/checkout@v4	2026-09-29T04:11:46.1417239Z [command]/usr/bin/git submodule foreach --recursive sh -c "git config --local --name-only --get-regexp 'http\.https\:\/\/github\.com\/\.extraheader' && git config --local --unset-all 'http.https://github.com/.extraheader' || :"
sbcl-bin	Run actions/checkout@v4	2026-09-29T04:11:46.1656309Z [command]/usr/bin/git config --local --name-only --get-regexp ^includeIf\.gitdir:
sbcl-bin	Run actions/checkout@v4	2026-09-29T04:11:46.1693164Z [command]/usr/bin/git submodule foreach --recursive git config --local --show-origin --name-only --get-regexp remote.origin.url
sbcl-bin	Run actions/checkout@v4	2026-09-29T04:11:46.1919956Z [command]/usr/bin/git config --local http.https://github.com/.extraheader AUTHORIZATION: basic ***
sbcl-bin	Run actions/checkout@v4	2026-09-29T04:11:46.1962920Z ##[endgroup]
sbcl-bin	Run actions/checkout@v4	2026-09-29T04:11:46.1963765Z ##[group]Fetching the repository
sbcl-bin	Run actions/checkout@v4	2026-09-29T04:11:46.1973555Z [command]/usr/bin/git -c protocol.version=2 fetch --no-tags --prune --no-recurse-submodules --depth=1 origin +a6352421df46cdfcce74ff127f1e35c5e9e452f8:refs/remotes/origin/codex/upstream-11-h2-server
sbcl-bin	Run actions/checkout@v4	2026-09-29T04:11:46.9300528Z From https://github.com/pyrex41/woo
sbcl-bin	Run actions/checkout@v4	2026-09-29T04:11:46.9304271Z  * [new ref]         a6352421df46cdfcce74ff127f1e35c5e9e452f8 -> origin/codex/upstream-11-h2-server
sbcl-bin	Run actions/checkout@v4	2026-09-29T04:11:46.9311607Z ##[endgroup]
sbcl-bin	Run actions/checkout@v4	2026-09-29T04:11:46.9313781Z ##[group]Determining the checkout info
sbcl-bin	Run actions/checkout@v4	2026-09-29T04:11:46.9315550Z ##[endgroup]
sbcl-bin	Run actions/checkout@v4	2026-09-29T04:11:46.9316676Z [command]/usr/bin/git sparse-checkout disable
sbcl-bin	Run actions/checkout@v4	2026-09-29T04:11:46.9369679Z [command]/usr/bin/git config --local --unset-all extensions.worktreeConfig
sbcl-bin	Run actions/checkout@v4	2026-09-29T04:11:46.9407280Z ##[group]Checking out the ref
sbcl-bin	Run actions/checkout@v4	2026-09-29T04:11:46.9414139Z [command]/usr/bin/git checkout --progress --force -B codex/upstream-11-h2-server refs/remotes/origin/codex/upstream-11-h2-server
sbcl-bin	Run actions/checkout@v4	2026-09-29T04:11:46.9554168Z Switched to a new branch 'codex/upstream-11-h2-server'
sbcl-bin	Run actions/checkout@v4	2026-09-29T04:11:46.9559603Z branch 'codex/upstream-11-h2-server' set up to track 'origin/codex/upstream-11-h2-server'.
sbcl-bin	Run actions/checkout@v4	2026-09-29T04:11:46.9572094Z ##[endgroup]
sbcl-bin	Run actions/checkout@v4	2026-09-29T04:11:46.9660672Z [command]/usr/bin/git log -1 --format=%H
sbcl-bin	Run actions/checkout@v4	2026-09-29T04:11:46.9706641Z a6352421df46cdfcce74ff127f1e35c5e9e452f8
sbcl-bin	Install dependencies from APT	﻿2026-09-29T04:11:47.0030111Z ##[group]Run sudo apt-get install -y libev-dev gcc libc6-dev
sbcl-bin	Install dependencies from APT	2026-09-29T04:11:47.0032495Z ^[[36;1msudo apt-get install -y libev-dev gcc libc6-dev^[[0m
sbcl-bin	Install dependencies from APT	2026-09-29T04:11:47.0363716Z shell: /usr/bin/bash -e {0}
sbcl-bin	Install dependencies from APT	2026-09-29T04:11:47.0364989Z ##[endgroup]
sbcl-bin	Install dependencies from APT	2026-09-29T04:11:51.2399762Z Reading package lists...
sbcl-bin	Install dependencies from APT	2026-09-29T04:11:51.4403896Z Building dependency tree...
sbcl-bin	Install dependencies from APT	2026-09-29T04:11:51.4451661Z Reading state information...
sbcl-bin	Install dependencies from APT	2026-09-29T04:11:51.6028236Z gcc is already the newest version (4:13.2.0-7ubuntu1).
sbcl-bin	Install dependencies from APT	2026-09-29T04:11:51.6029677Z libc6-dev is already the newest version (2.39-0ubuntu8.9).
sbcl-bin	Install dependencies from APT	2026-09-29T04:11:51.6031160Z libc6-dev set to manually installed.
sbcl-bin	Install dependencies from APT	2026-09-29T04:11:51.6032419Z The following additional packages will be installed:
sbcl-bin	Install dependencies from APT	2026-09-29T04:11:51.6033449Z   libev4t64
sbcl-bin	Install dependencies from APT	2026-09-29T04:11:51.6336699Z The following NEW packages will be installed:
sbcl-bin	Install dependencies from APT	2026-09-29T04:11:51.6342456Z   libev-dev libev4t64
sbcl-bin	Install dependencies from APT	2026-09-29T04:11:51.6743359Z 0 upgraded, 2 newly installed, 0 to remove and 1 not upgraded.
sbcl-bin	Install dependencies from APT	2026-09-29T04:11:51.6744458Z Need to get 154 kB of archives.
sbcl-bin	Install dependencies from APT	2026-09-29T04:11:51.6747362Z After this operation, 332 kB of additional disk space will be used.
sbcl-bin	Install dependencies from APT	2026-09-29T04:11:51.6748067Z Get:1 file:/etc/apt/apt-mirrors.txt Mirrorlist [144 B]
sbcl-bin	Install dependencies from APT	2026-09-29T04:11:51.7587090Z Get:2 http://azure.archive.ubuntu.com/ubuntu noble/universe amd64 libev4t64 amd64 1:4.33-2.1build1 [31.0 kB]
sbcl-bin	Install dependencies from APT	2026-09-29T04:11:51.8046313Z Get:3 http://azure.archive.ubuntu.com/ubuntu noble/universe amd64 libev-dev amd64 1:4.33-2.1build1 [123 kB]
sbcl-bin	Install dependencies from APT	2026-09-29T04:11:52.0731150Z Fetched 154 kB in 0s (938 kB/s)
sbcl-bin	Install dependencies from APT	2026-09-29T04:11:52.1132489Z Selecting previously unselected package libev4t64:amd64.
sbcl-bin	Install dependencies from APT	2026-09-29T04:11:52.1857239Z (Reading database ... 
sbcl-bin	Install dependencies from APT	2026-09-29T04:11:52.1857815Z (Reading database ... 5%
sbcl-bin	Install dependencies from APT	2026-09-29T04:11:52.1858161Z (Reading database ... 10%
sbcl-bin	Install dependencies from APT	2026-09-29T04:11:52.1858567Z (Reading database ... 15%
sbcl-bin	Install dependencies from APT	2026-09-29T04:11:52.1858885Z (Reading database ... 20%
sbcl-bin	Install dependencies from APT	2026-09-29T04:11:52.1859816Z (Reading database ... 25%
sbcl-bin	Install dependencies from APT	2026-09-29T04:11:52.1860292Z (Reading database ... 30%
sbcl-bin	Install dependencies from APT	2026-09-29T04:11:52.1860617Z (Reading database ... 35%
sbcl-bin	Install dependencies from APT	2026-09-29T04:11:52.1861091Z (Reading database ... 40%
sbcl-bin	Install dependencies from APT	2026-09-29T04:11:52.1861385Z (Reading database ... 45%
sbcl-bin	Install dependencies from APT	2026-09-29T04:11:52.1861792Z (Reading database ... 50%
sbcl-bin	Install dependencies from APT	2026-09-29T04:11:52.1937584Z (Reading database ... 55%
sbcl-bin	Install dependencies from APT	2026-09-29T04:11:52.5197953Z (Reading database ... 60%
sbcl-bin	Install dependencies from APT	2026-09-29T04:11:52.7641918Z (Reading database ... 65%
sbcl-bin	Install dependencies from APT	2026-09-29T04:11:53.0243211Z (Reading database ... 70%
sbcl-bin	Install dependencies from APT	2026-09-29T04:11:53.2658625Z (Reading database ... 75%
sbcl-bin	Install dependencies from APT	2026-09-29T04:11:53.5652087Z (Reading database ... 80%
sbcl-bin	Install dependencies from APT	2026-09-29T04:11:54.0735041Z (Reading database ... 85%
sbcl-bin	Install dependencies from APT	2026-09-29T04:11:54.7654687Z (Reading database ... 90%
sbcl-bin	Install dependencies from APT	2026-09-29T04:11:55.3533324Z (Reading database ... 95%
sbcl-bin	Install dependencies from APT	2026-09-29T04:11:55.3534119Z (Reading database ... 100%
sbcl-bin	Install dependencies from APT	2026-09-29T04:11:55.3534910Z (Reading database ... 202190 files and directories currently installed.)
sbcl-bin	Install dependencies from APT	2026-09-29T04:11:55.3578038Z Preparing to unpack .../libev4t64_1%3a4.33-2.1build1_amd64.deb ...
sbcl-bin	Install dependencies from APT	2026-09-29T04:11:55.3615279Z Unpacking libev4t64:amd64 (1:4.33-2.1build1) ...
sbcl-bin	Install dependencies from APT	2026-09-29T04:11:55.4031730Z Selecting previously unselected package libev-dev:amd64.
sbcl-bin	Install dependencies from APT	2026-09-29T04:11:55.4159427Z Preparing to unpack .../libev-dev_1%3a4.33-2.1build1_amd64.deb ...
sbcl-bin	Install dependencies from APT	2026-09-29T04:11:55.4168684Z Unpacking libev-dev:amd64 (1:4.33-2.1build1) ...
sbcl-bin	Install dependencies from APT	2026-09-29T04:11:55.4598811Z Setting up libev4t64:amd64 (1:4.33-2.1build1) ...
sbcl-bin	Install dependencies from APT	2026-09-29T04:11:55.4619015Z Setting up libev-dev:amd64 (1:4.33-2.1build1) ...
sbcl-bin	Install dependencies from APT	2026-09-29T04:11:55.4643559Z Processing triggers for man-db (2.12.0-4build2) ...
sbcl-bin	Install dependencies from APT	2026-09-29T04:11:55.4665218Z Not building database; man-db/auto-update is not 'true'.
sbcl-bin	Install dependencies from APT	2026-09-29T04:11:55.4679716Z Processing triggers for libc-bin (2.39-0ubuntu8.9) ...
sbcl-bin	Install dependencies from APT	2026-09-29T04:11:56.6893335Z 
sbcl-bin	Install dependencies from APT	2026-09-29T04:11:56.6894080Z Running kernel seems to be up-to-date.
sbcl-bin	Install dependencies from APT	2026-09-29T04:11:56.6894435Z 
sbcl-bin	Install dependencies from APT	2026-09-29T04:11:56.6894573Z No services need to be restarted.
sbcl-bin	Install dependencies from APT	2026-09-29T04:11:56.6894836Z 
sbcl-bin	Install dependencies from APT	2026-09-29T04:11:56.6894966Z No containers need to be restarted.
sbcl-bin	Install dependencies from APT	2026-09-29T04:11:56.6895221Z 
sbcl-bin	Install dependencies from APT	2026-09-29T04:11:56.6895787Z No user sessions are running outdated binaries.
sbcl-bin	Install dependencies from APT	2026-09-29T04:11:56.6896086Z 
sbcl-bin	Install dependencies from APT	2026-09-29T04:11:56.6896387Z No VM guests are running outdated hypervisor (qemu) binaries on this host.
sbcl-bin	Generate server certificates	﻿2026-09-29T04:11:57.6336039Z ##[group]Run sh ./t/generate-certificates.sh
sbcl-bin	Generate server certificates	2026-09-29T04:11:57.6336421Z ^[[36;1msh ./t/generate-certificates.sh^[[0m
sbcl-bin	Generate server certificates	2026-09-29T04:11:57.6402418Z shell: /usr/bin/bash -e {0}
sbcl-bin	Generate server certificates	2026-09-29T04:11:57.6402697Z ##[endgroup]
sbcl-bin	Generate server certificates	2026-09-29T04:11:57.9023978Z Certificate request self-signature ok
sbcl-bin	Generate server certificates	2026-09-29T04:11:57.9024997Z subject=C = JP, ST = Tokyo, L = Chuo-ku, O = \"Woo\", OU = Development, CN = localhost
sbcl-bin	Generate server certificates	2026-09-29T04:11:57.9254951Z Certificate:
sbcl-bin	Generate server certificates	2026-09-29T04:11:57.9255394Z     Data:
sbcl-bin	Generate server certificates	2026-09-29T04:11:57.9255715Z         Version: 3 (0x2)
sbcl-bin	Generate server certificates	2026-09-29T04:11:57.9256087Z         Serial Number:
sbcl-bin	Generate server certificates	2026-09-29T04:11:57.9256551Z             5d:55:7d:c8:70:f3:26:2a:a6:4e:f0:c9:fe:c4:34:5c:af:d5:4b:fd
sbcl-bin	Generate server certificates	2026-09-29T04:11:57.9257182Z         Signature Algorithm: sha256WithRSAEncryption
sbcl-bin	Generate server certificates	2026-09-29T04:11:57.9257918Z         Issuer: C = JP, ST = Tokyo, L = Chuo-ku, O = \"Woo\", OU = Development, CN = localhost
sbcl-bin	Generate server certificates	2026-09-29T04:11:57.9258373Z         Validity
sbcl-bin	Generate server certificates	2026-09-29T04:11:57.9258597Z             Not Before: Sep 29 04:11:57 2026 GMT
sbcl-bin	Generate server certificates	2026-09-29T04:11:57.9258935Z             Not After : Sep 26 04:11:57 2036 GMT
sbcl-bin	Generate server certificates	2026-09-29T04:11:57.9259335Z         Subject: C = JP, ST = Tokyo, L = Chuo-ku, O = \"Woo\", OU = Development, CN = localhost
sbcl-bin	Generate server certificates	2026-09-29T04:11:57.9259748Z         Subject Public Key Info:
sbcl-bin	Generate server certificates	2026-09-29T04:11:57.9260019Z             Public Key Algorithm: rsaEncryption
sbcl-bin	Generate server certificates	2026-09-29T04:11:57.9260307Z                 Public-Key: (2048 bit)
sbcl-bin	Generate server certificates	2026-09-29T04:11:57.9260555Z                 Modulus:
sbcl-bin	Generate server certificates	2026-09-29T04:11:57.9261092Z                     00:a0:ad:be:ce:6b:68:33:ca:17:7d:f1:4e:23:a7:
sbcl-bin	Generate server certificates	2026-09-29T04:11:57.9261557Z                     e6:7e:2e:ba:7a:41:5e:d8:ed:79:3b:55:0f:5e:99:
sbcl-bin	Generate server certificates	2026-09-29T04:11:57.9261876Z                     49:0a:2d:57:62:cc:f5:cb:e6:b4:0e:8d:96:f2:32:
sbcl-bin	Generate server certificates	2026-09-29T04:11:57.9262179Z                     a1:41:c5:19:1a:f7:26:56:48:ee:4a:07:57:f7:44:
sbcl-bin	Generate server certificates	2026-09-29T04:11:57.9262476Z                     23:b5:50:b9:30:67:a6:0d:73:99:17:b4:76:a1:f4:
sbcl-bin	Generate server certificates	2026-09-29T04:11:57.9262776Z                     10:74:fa:fa:c9:24:5b:aa:7a:47:2c:95:bb:f4:cb:
sbcl-bin	Generate server certificates	2026-09-29T04:11:57.9263098Z                     df:82:70:41:f2:d3:95:e7:56:68:8d:d1:a7:ee:00:
sbcl-bin	Generate server certificates	2026-09-29T04:11:57.9263429Z                     a2:d4:24:fc:da:c1:86:4d:bf:3d:ee:a3:13:d8:12:
sbcl-bin	Generate server certificates	2026-09-29T04:11:57.9263741Z                     60:a5:39:4e:3a:47:57:90:75:1c:10:aa:42:3d:ed:
sbcl-bin	Generate server certificates	2026-09-29T04:11:57.9264054Z                     3c:20:7e:54:36:10:27:13:f3:3e:9b:2f:ca:a5:9b:
sbcl-bin	Generate server certificates	2026-09-29T04:11:57.9264371Z                     ce:94:14:85:a3:db:cd:ce:a8:f7:08:67:47:a3:5f:
sbcl-bin	Generate server certificates	2026-09-29T04:11:57.9264699Z                     96:4c:22:ca:3d:de:18:c6:0f:82:0f:31:2a:0e:73:
sbcl-bin	Generate server certificates	2026-09-29T04:11:57.9265005Z                     4b:83:45:50:d4:62:63:b5:d3:78:47:9b:d8:e4:b3:
sbcl-bin	Generate server certificates	2026-09-29T04:11:57.9265311Z                     a8:18:7e:ea:fa:85:fd:af:88:20:bf:78:d9:e8:01:
sbcl-bin	Generate server certificates	2026-09-29T04:11:57.9265619Z                     fb:95:cc:83:54:0d:13:37:13:8a:4b:07:82:ef:d2:
sbcl-bin	Generate server certificates	2026-09-29T04:11:57.9265924Z                     05:fe:0a:71:1a:9b:eb:d9:93:c1:89:ee:0b:57:c0:
sbcl-bin	Generate server certificates	2026-09-29T04:11:57.9266231Z                     8e:9a:14:70:21:96:aa:65:d0:a9:d7:ea:2b:ab:45:
sbcl-bin	Generate server certificates	2026-09-29T04:11:57.9266513Z                     4f:e1
sbcl-bin	Generate server certificates	2026-09-29T04:11:57.9266768Z                 Exponent: 65537 (0x10001)
sbcl-bin	Generate server certificates	2026-09-29T04:11:57.9267038Z         X509v3 extensions:
sbcl-bin	Generate server certificates	2026-09-29T04:11:57.9267277Z             X509v3 Basic Constraints: critical
sbcl-bin	Generate server certificates	2026-09-29T04:11:57.9267561Z                 CA:TRUE, pathlen:0
sbcl-bin	Generate server certificates	2026-09-29T04:11:57.9267812Z             X509v3 Key Usage: critical
sbcl-bin	Generate server certificates	2026-09-29T04:11:57.9268073Z                 Certificate Sign, CRL Sign
sbcl-bin	Generate server certificates	2026-09-29T04:11:57.9268594Z             X509v3 Subject Key Identifier: 
sbcl-bin	Generate server certificates	2026-09-29T04:11:57.9268908Z                 A0:B8:50:DE:99:0B:95:B7:35:82:5C:A0:22:E0:9E:20:7D:CC:1A:63
sbcl-bin	Generate server certificates	2026-09-29T04:11:57.9269266Z     Signature Algorithm: sha256WithRSAEncryption
sbcl-bin	Generate server certificates	2026-09-29T04:11:57.9269559Z     Signature Value:
sbcl-bin	Generate server certificates	2026-09-29T04:11:57.9269810Z         16:99:97:c3:0c:cd:4a:ff:98:9d:30:a9:1d:e4:37:f5:bd:39:
sbcl-bin	Generate server certificates	2026-09-29T04:11:57.9270143Z         14:c4:40:47:da:58:97:45:55:13:cd:c1:64:d9:ec:79:6f:83:
sbcl-bin	Generate server certificates	2026-09-29T04:11:57.9270458Z         77:a9:12:1f:7b:4c:e4:89:52:f1:55:9b:d9:da:b2:72:61:ac:
sbcl-bin	Generate server certificates	2026-09-29T04:11:57.9271227Z         ec:c6:de:f3:7c:81:3f:d9:71:86:fa:77:c4:b4:28:3c:fc:7c:
sbcl-bin	Generate server certificates	2026-09-29T04:11:57.9271547Z         c6:d0:5a:59:39:1b:88:ba:e0:64:fb:1a:c7:6c:b5:4c:90:af:
sbcl-bin	Generate server certificates	2026-09-29T04:11:57.9271860Z         03:96:f1:b5:9f:46:31:70:c7:86:ac:57:bf:9a:0d:56:0d:93:
sbcl-bin	Generate server certificates	2026-09-29T04:11:57.9272172Z         40:3f:f5:a4:15:8c:69:cb:5d:c6:15:87:9c:38:7c:5c:74:84:
sbcl-bin	Generate server certificates	2026-09-29T04:11:57.9272483Z         2b:62:92:32:27:72:7c:57:8b:b5:ea:29:89:ee:a5:91:b4:24:
sbcl-bin	Generate server certificates	2026-09-29T04:11:57.9272801Z         6b:6b:24:77:cc:5f:bb:09:dd:a5:5f:25:71:fa:61:5c:93:c7:
sbcl-bin	Generate server certificates	2026-09-29T04:11:57.9273123Z         b5:0c:7b:e0:e3:eb:a5:6b:7c:e5:35:72:8a:23:d8:b1:72:d0:
sbcl-bin	Generate server certificates	2026-09-29T04:11:57.9273440Z         20:7c:b1:d3:e3:e2:0b:5c:30:0f:93:5f:0e:d7:28:02:56:78:
sbcl-bin	Generate server certificates	2026-09-29T04:11:57.9273744Z         59:7f:96:25:62:69:53:85:5a:41:f4:55:4c:77:e5:4c:a6:c5:
sbcl-bin	Generate server certificates	2026-09-29T04:11:57.9274047Z         46:75:81:0e:a7:ae:4b:12:65:31:26:03:90:34:43:f3:cd:ef:
sbcl-bin	Generate server certificates	2026-09-29T04:11:57.9274357Z         c3:02:9c:ed:b0:57:10:88:df:bc:e6:bb:a2:51:29:d8:3e:1d:
sbcl-bin	Generate server certificates	2026-09-29T04:11:57.9274637Z         f5:bd:4b:a3
sbcl-bin	Generate server certificates	2026-09-29T04:11:58.0903142Z Certificate request self-signature ok
sbcl-bin	Generate server certificates	2026-09-29T04:11:58.0903965Z subject=C = JP, ST = Tokyo, L = Chuo-ku, O = \"Woo\", OU = Development, CN = localhost
sbcl-bin	Generate server certificates	2026-09-29T04:11:58.0975434Z localhost.crt: OK
sbcl-bin	Generate server certificates	2026-09-29T04:11:58.4965654Z Certificate request self-signature ok
sbcl-bin	Generate server certificates	2026-09-29T04:11:58.4966371Z subject=C = US, O = Woo Test, CN = Woo Chain Intermediate
sbcl-bin	Generate server certificates	2026-09-29T04:11:58.6928124Z Certificate request self-signature ok
sbcl-bin	Generate server certificates	2026-09-29T04:11:58.6928788Z subject=C = US, O = Woo Test, CN = localhost
sbcl-bin	Generate server certificates	2026-09-29T04:11:58.6999580Z chain-leaf.crt: OK
sbcl-bin	Install Roswell	﻿2026-09-29T04:11:58.7052379Z ##[group]Run curl -L https://raw.githubusercontent.com/roswell/roswell/master/scripts/install-for-ci.sh | sh
sbcl-bin	Install Roswell	2026-09-29T04:11:58.7053441Z ^[[36;1mcurl -L https://raw.githubusercontent.com/roswell/roswell/master/scripts/install-for-ci.sh | sh^[[0m
sbcl-bin	Install Roswell	2026-09-29T04:11:58.7116767Z shell: /usr/bin/bash -e {0}
sbcl-bin	Install Roswell	2026-09-29T04:11:58.7117029Z env:
sbcl-bin	Install Roswell	2026-09-29T04:11:58.7117222Z   LISP: sbcl-bin
sbcl-bin	Install Roswell	2026-09-29T04:11:58.7117444Z   ROSWELL_INSTALL_DIR: /usr
sbcl-bin	Install Roswell	2026-09-29T04:11:58.7117695Z ##[endgroup]
sbcl-bin	Install Roswell	2026-09-29T04:11:58.7268336Z   % Total    % Received % Xferd  Average Speed   Time    Time     Time  Current
sbcl-bin	Install Roswell	2026-09-29T04:11:58.7269064Z                                  Dload  Upload   Total   Spent    Left  Speed
sbcl-bin	Install Roswell	2026-09-29T04:11:58.7269685Z 
sbcl-bin	Install Roswell	2026-09-29T04:11:58.9837458Z   0     0    0     0    0     0      0      0 --:--:-- --:--:-- --:--:--     0
sbcl-bin	Install Roswell	2026-09-29T04:11:59.9860022Z   0     0    0     0    0     0      0      0 --:--:-- --:--:-- --:--:--     0
sbcl-bin	Install Roswell	2026-09-29T04:12:00.9884840Z   0     0    0     0    0     0      0      0 --:--:--  0:00:01 --:--:--     0
sbcl-bin	Install Roswell	2026-09-29T04:12:01.9909041Z   0     0    0     0    0     0      0      0 --:--:--  0:00:02 --:--:--     0
sbcl-bin	Install Roswell	2026-09-29T04:12:02.9932269Z   0     0    0     0    0     0      0      0 --:--:--  0:00:03 --:--:--     0
sbcl-bin	Install Roswell	2026-09-29T04:12:03.7743464Z   0     0    0     0    0     0      0      0 --:--:--  0:00:04 --:--:--     0
sbcl-bin	Install Roswell	2026-09-29T04:12:03.7744210Z 100  9933  100  9933    0     0   1967      0  0:00:05  0:00:05 --:--:--  2073
sbcl-bin	Install Roswell	2026-09-29T04:12:03.7768741Z Installing Roswell...
sbcl-bin	Install Roswell	2026-09-29T04:12:03.7825422Z Downloading https://github.com/roswell/roswell/archive/release.tar.gz...
sbcl-bin	Install Roswell	2026-09-29T04:12:03.7874215Z   % Total    % Received % Xferd  Average Speed   Time    Time     Time  Current
sbcl-bin	Install Roswell	2026-09-29T04:12:03.7875033Z                                  Dload  Upload   Total   Spent    Left  Speed
sbcl-bin	Install Roswell	2026-09-29T04:12:03.7876167Z 
sbcl-bin	Install Roswell	2026-09-29T04:12:03.8629903Z   0     0    0     0    0     0      0      0 --:--:-- --:--:-- --:--:--     0
sbcl-bin	Install Roswell	2026-09-29T04:12:03.9475108Z   0     0    0     0    0     0      0      0 --:--:-- --:--:-- --:--:--     0
sbcl-bin	Install Roswell	2026-09-29T04:12:03.9475932Z   0     0    0     0    0     0      0      0 --:--:-- --:--:-- --:--:--     0
sbcl-bin	Install Roswell	2026-09-29T04:12:04.2930784Z 
sbcl-bin	Install Roswell	2026-09-29T04:12:04.2931834Z 100  168k  100  168k    0     0   333k      0 --:--:-- --:--:-- --:--:--  333k
sbcl-bin	Install Roswell	2026-09-29T04:12:04.2961978Z ✓ Successfully downloaded https://github.com/roswell/roswell/archive/release.tar.gz
sbcl-bin	Install Roswell	2026-09-29T04:12:04.2962706Z Extracting a tarball /home/runner/roswell.tar.gz into /home/runner/.roswell...
sbcl-bin	Install Roswell	2026-09-29T04:12:04.4027935Z Get:1 file:/etc/apt/apt-mirrors.txt Mirrorlist [144 B]
sbcl-bin	Install Roswell	2026-09-29T04:12:04.4244546Z Get:6 https://packages.microsoft.com/ubuntu/24.04/prod noble InRelease [3600 B]
sbcl-bin	Install Roswell	2026-09-29T04:12:04.4414673Z Hit:2 http://azure.archive.ubuntu.com/ubuntu noble InRelease
sbcl-bin	Install Roswell	2026-09-29T04:12:04.4423835Z Get:3 http://azure.archive.ubuntu.com/ubuntu noble-updates InRelease [126 kB]
sbcl-bin	Install Roswell	2026-09-29T04:12:04.4461100Z Get:4 http://azure.archive.ubuntu.com/ubuntu noble-backports InRelease [126 kB]
sbcl-bin	Install Roswell	2026-09-29T04:12:04.4504199Z Get:5 http://azure.archive.ubuntu.com/ubuntu noble-security InRelease [126 kB]
sbcl-bin	Install Roswell	2026-09-29T04:12:04.5471929Z Get:7 https://packages.microsoft.com/ubuntu/24.04/prod noble/main amd64 Packages [501 kB]
sbcl-bin	Install Roswell	2026-09-29T04:12:04.5663305Z Get:8 https://packages.microsoft.com/ubuntu/24.04/prod noble/main arm64 Packages [449 kB]
sbcl-bin	Install Roswell	2026-09-29T04:12:04.6560733Z Get:9 http://azure.archive.ubuntu.com/ubuntu noble-updates/main amd64 Packages [1319 kB]
sbcl-bin	Install Roswell	2026-09-29T04:12:04.6630325Z Get:10 http://azure.archive.ubuntu.com/ubuntu noble-updates/main Translation-en [299 kB]
sbcl-bin	Install Roswell	2026-09-29T04:12:04.6652493Z Get:11 http://azure.archive.ubuntu.com/ubuntu noble-updates/main amd64 Components [181 kB]
sbcl-bin	Install Roswell	2026-09-29T04:12:04.6670187Z Get:12 http://azure.archive.ubuntu.com/ubuntu noble-updates/universe amd64 Packages [1697 kB]
sbcl-bin	Install Roswell	2026-09-29T04:12:04.6771932Z Get:13 http://azure.archive.ubuntu.com/ubuntu noble-updates/universe Translation-en [340 kB]
sbcl-bin	Install Roswell	2026-09-29T04:12:04.6801761Z Get:14 http://azure.archive.ubuntu.com/ubuntu noble-updates/universe amd64 Components [388 kB]
sbcl-bin	Install Roswell	2026-09-29T04:12:04.6822865Z Get:15 http://azure.archive.ubuntu.com/ubuntu noble-updates/restricted amd64 Packages [1654 kB]
sbcl-bin	Install Roswell	2026-09-29T04:12:04.6941833Z Get:16 http://azure.archive.ubuntu.com/ubuntu noble-updates/restricted Translation-en [377 kB]
sbcl-bin	Install Roswell	2026-09-29T04:12:04.6976049Z Get:17 http://azure.archive.ubuntu.com/ubuntu noble-updates/multiverse amd64 Components [940 B]
sbcl-bin	Install Roswell	2026-09-29T04:12:04.7229645Z Get:18 http://azure.archive.ubuntu.com/ubuntu noble-backports/main amd64 Packages [40.6 kB]
sbcl-bin	Install Roswell	2026-09-29T04:12:04.7665369Z Get:19 http://azure.archive.ubuntu.com/ubuntu noble-backports/main amd64 Components [5788 B]
sbcl-bin	Install Roswell	2026-09-29T04:12:04.7683643Z Get:20 http://azure.archive.ubuntu.com/ubuntu noble-backports/universe amd64 Packages [31.0 kB]
sbcl-bin	Install Roswell	2026-09-29T04:12:04.7692602Z Get:21 http://azure.archive.ubuntu.com/ubuntu noble-backports/universe Translation-en [18.6 kB]
sbcl-bin	Install Roswell	2026-09-29T04:12:04.7701843Z Get:22 http://azure.archive.ubuntu.com/ubuntu noble-backports/universe amd64 Components [12.6 kB]
sbcl-bin	Install Roswell	2026-09-29T04:12:04.7841761Z Get:23 http://azure.archive.ubuntu.com/ubuntu noble-security/main amd64 Packages [1063 kB]
sbcl-bin	Install Roswell	2026-09-29T04:12:04.7901569Z Get:24 http://azure.archive.ubuntu.com/ubuntu noble-security/main Translation-en [220 kB]
sbcl-bin	Install Roswell	2026-09-29T04:12:04.7921302Z Get:25 http://azure.archive.ubuntu.com/ubuntu noble-security/main amd64 Components [46.3 kB]
sbcl-bin	Install Roswell	2026-09-29T04:12:04.7933230Z Get:26 http://azure.archive.ubuntu.com/ubuntu noble-security/universe amd64 Packages [1216 kB]
sbcl-bin	Install Roswell	2026-09-29T04:12:04.8001553Z Get:27 http://azure.archive.ubuntu.com/ubuntu noble-security/universe Translation-en [244 kB]
sbcl-bin	Install Roswell	2026-09-29T04:12:04.8019682Z Get:28 http://azure.archive.ubuntu.com/ubuntu noble-security/universe amd64 Components [76.3 kB]
sbcl-bin	Install Roswell	2026-09-29T04:12:04.8031723Z Get:29 http://azure.archive.ubuntu.com/ubuntu noble-security/restricted amd64 Packages [1559 kB]
sbcl-bin	Install Roswell	2026-09-29T04:12:04.8121106Z Get:30 http://azure.archive.ubuntu.com/ubuntu noble-security/restricted Translation-en [359 kB]
sbcl-bin	Install Roswell	2026-09-29T04:12:07.4343580Z Fetched 12.5 MB in 1s (8767 kB/s)
sbcl-bin	Install Roswell	2026-09-29T04:12:08.2796250Z Reading package lists...
sbcl-bin	Install Roswell	2026-09-29T04:12:08.3114103Z Reading package lists...
sbcl-bin	Install Roswell	2026-09-29T04:12:08.5042224Z Building dependency tree...
sbcl-bin	Install Roswell	2026-09-29T04:12:08.5049450Z Reading state information...
sbcl-bin	Install Roswell	2026-09-29T04:12:08.6556941Z The following additional packages will be installed:
sbcl-bin	Install Roswell	2026-09-29T04:12:08.6565147Z   curl libcurl3t64-gnutls libcurl4t64
sbcl-bin	Install Roswell	2026-09-29T04:12:08.6571375Z Suggested packages:
sbcl-bin	Install Roswell	2026-09-29T04:12:08.6572035Z   libcurl4-doc libidn-dev libkrb5-dev libldap2-dev librtmp-dev libssh2-1-dev
sbcl-bin	Install Roswell	2026-09-29T04:12:08.6741826Z The following NEW packages will be installed:
sbcl-bin	Install Roswell	2026-09-29T04:12:08.6748124Z   libcurl4-openssl-dev
sbcl-bin	Install Roswell	2026-09-29T04:12:08.6752028Z The following packages will be upgraded:
sbcl-bin	Install Roswell	2026-09-29T04:12:08.6757917Z   curl libcurl3t64-gnutls libcurl4t64
sbcl-bin	Install Roswell	2026-09-29T04:12:08.6924907Z 3 upgraded, 1 newly installed, 0 to remove and 34 not upgraded.
sbcl-bin	Install Roswell	2026-09-29T04:12:08.6925596Z Need to get 1352 kB of archives.
sbcl-bin	Install Roswell	2026-09-29T04:12:08.6926188Z After this operation, 1966 kB of additional disk space will be used.
sbcl-bin	Install Roswell	2026-09-29T04:12:08.6926921Z Get:1 file:/etc/apt/apt-mirrors.txt Mirrorlist [144 B]
sbcl-bin	Install Roswell	2026-09-29T04:12:08.7557366Z Get:2 http://azure.archive.ubuntu.com/ubuntu noble-updates/main amd64 curl amd64 8.5.0-2ubuntu10.15 [227 kB]
sbcl-bin	Install Roswell	2026-09-29T04:12:08.8038392Z Get:3 http://azure.archive.ubuntu.com/ubuntu noble-updates/main amd64 libcurl4t64 amd64 8.5.0-2ubuntu10.15 [343 kB]
sbcl-bin	Install Roswell	2026-09-29T04:12:08.8537345Z Get:4 http://azure.archive.ubuntu.com/ubuntu noble-updates/main amd64 libcurl3t64-gnutls amd64 8.5.0-2ubuntu10.15 [336 kB]
sbcl-bin	Install Roswell	2026-09-29T04:12:08.9029885Z Get:5 http://azure.archive.ubuntu.com/ubuntu noble-updates/main amd64 libcurl4-openssl-dev amd64 8.5.0-2ubuntu10.15 [446 kB]
sbcl-bin	Install Roswell	2026-09-29T04:12:09.1627838Z Fetched 1352 kB in 0s (6024 kB/s)
sbcl-bin	Install Roswell	2026-09-29T04:12:09.1863552Z (Reading database ... 
sbcl-bin	Install Roswell	2026-09-29T04:12:09.1864063Z (Reading database ... 5%
sbcl-bin	Install Roswell	2026-09-29T04:12:09.1864471Z (Reading database ... 10%
sbcl-bin	Install Roswell	2026-09-29T04:12:09.1864863Z (Reading database ... 15%
sbcl-bin	Install Roswell	2026-09-29T04:12:09.1865554Z (Reading database ... 20%
sbcl-bin	Install Roswell	2026-09-29T04:12:09.1866105Z (Reading database ... 25%
sbcl-bin	Install Roswell	2026-09-29T04:12:09.1866506Z (Reading database ... 30%
sbcl-bin	Install Roswell	2026-09-29T04:12:09.1867817Z (Reading database ... 35%
sbcl-bin	Install Roswell	2026-09-29T04:12:09.1868234Z (Reading database ... 40%
sbcl-bin	Install Roswell	2026-09-29T04:12:09.1868627Z (Reading database ... 45%
sbcl-bin	Install Roswell	2026-09-29T04:12:09.1869137Z (Reading database ... 50%
sbcl-bin	Install Roswell	2026-09-29T04:12:09.1879454Z (Reading database ... 55%
sbcl-bin	Install Roswell	2026-09-29T04:12:09.1996494Z (Reading database ... 60%
sbcl-bin	Install Roswell	2026-09-29T04:12:09.2026477Z (Reading database ... 65%
sbcl-bin	Install Roswell	2026-09-29T04:12:09.2047872Z (Reading database ... 70%
sbcl-bin	Install Roswell	2026-09-29T04:12:09.2074845Z (Reading database ... 75%
sbcl-bin	Install Roswell	2026-09-29T04:12:09.2113949Z (Reading database ... 80%
sbcl-bin	Install Roswell	2026-09-29T04:12:09.2138566Z (Reading database ... 85%
sbcl-bin	Install Roswell	2026-09-29T04:12:09.2343044Z (Reading database ... 90%
sbcl-bin	Install Roswell	2026-09-29T04:12:09.2585931Z (Reading database ... 95%
sbcl-bin	Install Roswell	2026-09-29T04:12:09.2586388Z (Reading database ... 100%
sbcl-bin	Install Roswell	2026-09-29T04:12:09.2587230Z (Reading database ... 202205 files and directories currently installed.)
sbcl-bin	Install Roswell	2026-09-29T04:12:09.2631560Z Preparing to unpack .../curl_8.5.0-2ubuntu10.15_amd64.deb ...
sbcl-bin	Install Roswell	2026-09-29T04:12:09.2656201Z Unpacking curl (8.5.0-2ubuntu10.15) over (8.5.0-2ubuntu10.13) ...
sbcl-bin	Install Roswell	2026-09-29T04:12:09.3064548Z Preparing to unpack .../libcurl4t64_8.5.0-2ubuntu10.15_amd64.deb ...
sbcl-bin	Install Roswell	2026-09-29T04:12:09.3100054Z Unpacking libcurl4t64:amd64 (8.5.0-2ubuntu10.15) over (8.5.0-2ubuntu10.13) ...
sbcl-bin	Install Roswell	2026-09-29T04:12:09.3561630Z Preparing to unpack .../libcurl3t64-gnutls_8.5.0-2ubuntu10.15_amd64.deb ...
sbcl-bin	Install Roswell	2026-09-29T04:12:09.3620950Z Unpacking libcurl3t64-gnutls:amd64 (8.5.0-2ubuntu10.15) over (8.5.0-2ubuntu10.13) ...
sbcl-bin	Install Roswell	2026-09-29T04:12:09.3935487Z Selecting previously unselected package libcurl4-openssl-dev:amd64.
sbcl-bin	Install Roswell	2026-09-29T04:12:09.4072421Z Preparing to unpack .../libcurl4-openssl-dev_8.5.0-2ubuntu10.15_amd64.deb ...
sbcl-bin	Install Roswell	2026-09-29T04:12:09.4081556Z Unpacking libcurl4-openssl-dev:amd64 (8.5.0-2ubuntu10.15) ...
sbcl-bin	Install Roswell	2026-09-29T04:12:09.4699392Z Setting up libcurl4t64:amd64 (8.5.0-2ubuntu10.15) ...
sbcl-bin	Install Roswell	2026-09-29T04:12:09.4722948Z Setting up libcurl3t64-gnutls:amd64 (8.5.0-2ubuntu10.15) ...
sbcl-bin	Install Roswell	2026-09-29T04:12:09.4742617Z Setting up libcurl4-openssl-dev:amd64 (8.5.0-2ubuntu10.15) ...
sbcl-bin	Install Roswell	2026-09-29T04:12:09.4764831Z Setting up curl (8.5.0-2ubuntu10.15) ...
sbcl-bin	Install Roswell	2026-09-29T04:12:09.4787061Z Processing triggers for man-db (2.12.0-4build2) ...
sbcl-bin	Install Roswell	2026-09-29T04:12:09.4804653Z Not building database; man-db/auto-update is not 'true'.
sbcl-bin	Install Roswell	2026-09-29T04:12:09.4816061Z Processing triggers for libc-bin (2.39-0ubuntu8.9) ...
sbcl-bin	Install Roswell	2026-09-29T04:12:10.0473203Z 
sbcl-bin	Install Roswell	2026-09-29T04:12:10.0473810Z Running kernel seems to be up-to-date.
sbcl-bin	Install Roswell	2026-09-29T04:12:10.0474252Z 
sbcl-bin	Install Roswell	2026-09-29T04:12:10.0474429Z Restarting services...
sbcl-bin	Install Roswell	2026-09-29T04:12:10.0649185Z  systemctl restart packagekit.service php8.3-fpm.service
sbcl-bin	Install Roswell	2026-09-29T04:12:10.1700459Z 
sbcl-bin	Install Roswell	2026-09-29T04:12:10.1701995Z No containers need to be restarted.
sbcl-bin	Install Roswell	2026-09-29T04:12:10.1702387Z 
sbcl-bin	Install Roswell	2026-09-29T04:12:10.1702722Z No user sessions are running outdated binaries.
sbcl-bin	Install Roswell	2026-09-29T04:12:10.1703197Z 
sbcl-bin	Install Roswell	2026-09-29T04:12:10.1703802Z No VM guests are running outdated hypervisor (qemu) binaries on this host.
sbcl-bin	Install Roswell	2026-09-29T04:12:11.1178352Z W: --force-yes is deprecated, use one of the options starting with --allow instead.
sbcl-bin	Install Roswell	2026-09-29T04:12:12.2634777Z configure.ac:16: installing './compile'
sbcl-bin	Install Roswell	2026-09-29T04:12:12.2635219Z configure.ac:12: installing './install-sh'
sbcl-bin	Install Roswell	2026-09-29T04:12:12.2635851Z configure.ac:12: installing './missing'
sbcl-bin	Install Roswell	2026-09-29T04:12:12.3452247Z src/Makefile.am: installing './depcomp'
sbcl-bin	Install Roswell	2026-09-29T04:12:12.6436809Z checking for a BSD-compatible install... /usr/bin/install -c
sbcl-bin	Install Roswell	2026-09-29T04:12:12.6462314Z checking whether build environment is sane... yes
sbcl-bin	Install Roswell	2026-09-29T04:12:12.6588263Z checking for a race-free mkdir -p... /usr/bin/mkdir -p
sbcl-bin	Install Roswell	2026-09-29T04:12:12.6593077Z checking for gawk... gawk
sbcl-bin	Install Roswell	2026-09-29T04:12:12.6663306Z checking whether make sets $(MAKE)... yes
sbcl-bin	Install Roswell	2026-09-29T04:12:12.6713057Z checking whether make supports nested variables... yes
sbcl-bin	Install Roswell	2026-09-29T04:12:12.6752755Z checking whether to enable maintainer-specific portions of Makefiles... yes
sbcl-bin	Install Roswell	2026-09-29T04:12:12.6757921Z checking for gcc... gcc
sbcl-bin	Install Roswell	2026-09-29T04:12:12.7917912Z checking whether the C compiler works... yes
sbcl-bin	Install Roswell	2026-09-29T04:12:12.7918799Z checking for C compiler default output file name... a.out
sbcl-bin	Install Roswell	2026-09-29T04:12:12.8204442Z checking for suffix of executables... 
sbcl-bin	Install Roswell	2026-09-29T04:12:12.8710148Z checking whether we are cross compiling... no
sbcl-bin	Install Roswell	2026-09-29T04:12:12.8880089Z checking for suffix of object files... o
sbcl-bin	Install Roswell	2026-09-29T04:12:12.9028847Z checking whether the compiler supports GNU C... yes
sbcl-bin	Install Roswell	2026-09-29T04:12:12.9182066Z checking whether gcc accepts -g... yes
sbcl-bin	Install Roswell	2026-09-29T04:12:12.9579570Z checking for gcc option to enable C11 features... none needed
sbcl-bin	Install Roswell	2026-09-29T04:12:12.9842853Z checking whether gcc understands -c and -o together... yes
sbcl-bin	Install Roswell	2026-09-29T04:12:12.9912862Z checking whether make supports the include directive... yes (GNU style)
sbcl-bin	Install Roswell	2026-09-29T04:12:13.0219209Z checking dependency style of gcc... gcc3
sbcl-bin	Install Roswell	2026-09-29T04:12:13.0467330Z checking for main in -lwininet... no
sbcl-bin	Install Roswell	2026-09-29T04:12:13.1071850Z checking for curl_global_init in -lcurl... yes
sbcl-bin	Install Roswell	2026-09-29T04:12:13.1215690Z checking for stdio.h... yes
sbcl-bin	Install Roswell	2026-09-29T04:12:13.1448597Z checking for stdlib.h... yes
sbcl-bin	Install Roswell	2026-09-29T04:12:13.1639487Z checking for string.h... yes
sbcl-bin	Install Roswell	2026-09-29T04:12:13.1837078Z checking for inttypes.h... yes
sbcl-bin	Install Roswell	2026-09-29T04:12:13.2026342Z checking for stdint.h... yes
sbcl-bin	Install Roswell	2026-09-29T04:12:13.2207595Z checking for strings.h... yes
sbcl-bin	Install Roswell	2026-09-29T04:12:13.2400032Z checking for sys/stat.h... yes
sbcl-bin	Install Roswell	2026-09-29T04:12:13.2585581Z checking for sys/types.h... yes
sbcl-bin	Install Roswell	2026-09-29T04:12:13.2804453Z checking for unistd.h... yes
sbcl-bin	Install Roswell	2026-09-29T04:12:13.3451962Z checking for curl/curl.h... yes
sbcl-bin	Install Roswell	2026-09-29T04:12:13.3660268Z checking for gnu/libc-version.h... yes
sbcl-bin	Install Roswell	2026-09-29T04:12:13.3891812Z checking for windows.h... no
sbcl-bin	Install Roswell	2026-09-29T04:12:13.3897888Z checking for windres... no
sbcl-bin	Install Roswell	2026-09-29T04:12:13.4083909Z checking for struct dirent.d_type... yes
sbcl-bin	Install Roswell	2026-09-29T04:12:13.4087999Z checking for git... yes
sbcl-bin	Install Roswell	2026-09-29T04:12:13.4132529Z checking for uname... yes
sbcl-bin	Install Roswell	2026-09-29T04:12:13.6494984Z checking that generated files are newer than configure... done
sbcl-bin	Install Roswell	2026-09-29T04:12:13.6497081Z configure: creating ./config.status
sbcl-bin	Install Roswell	2026-09-29T04:12:13.7216001Z config.status: creating Makefile
sbcl-bin	Install Roswell	2026-09-29T04:12:13.7323589Z config.status: creating src/Makefile
sbcl-bin	Install Roswell	2026-09-29T04:12:13.7466436Z config.status: creating documents/Makefile
sbcl-bin	Install Roswell	2026-09-29T04:12:13.7599992Z config.status: creating config.h
sbcl-bin	Install Roswell	2026-09-29T04:12:13.7685912Z config.status: executing depfiles commands
sbcl-bin	Install Roswell	2026-09-29T04:12:14.0133408Z make  all-recursive
sbcl-bin	Install Roswell	2026-09-29T04:12:14.0160384Z make[1]: Entering directory '/home/runner/.roswell'
sbcl-bin	Install Roswell	2026-09-29T04:12:14.0297393Z Making all in src
sbcl-bin	Install Roswell	2026-09-29T04:12:14.0324149Z make[2]: Entering directory '/home/runner/.roswell/src'
sbcl-bin	Install Roswell	2026-09-29T04:12:14.0325123Z gcc -DHAVE_CONFIG_H -I. -I..      -MT main.o -MD -MP -MF .deps/main.Tpo -c -o main.o main.c
sbcl-bin	Install Roswell	2026-09-29T04:12:14.0841182Z mv -f .deps/main.Tpo .deps/main.Po
sbcl-bin	Install Roswell	2026-09-29T04:12:14.0866973Z gcc -DHAVE_CONFIG_H -I. -I..      -MT opt.o -MD -MP -MF .deps/opt.Tpo -c -o opt.o opt.c
sbcl-bin	Install Roswell	2026-09-29T04:12:14.1339296Z mv -f .deps/opt.Tpo .deps/opt.Po
sbcl-bin	Install Roswell	2026-09-29T04:12:14.1365738Z gcc -DHAVE_CONFIG_H -I. -I..      -MT download.o -MD -MP -MF .deps/download.Tpo -c -o download.o download.c
sbcl-bin	Install Roswell	2026-09-29T04:12:14.2068239Z mv -f .deps/download.Tpo .deps/download.Po
sbcl-bin	Install Roswell	2026-09-29T04:12:14.2094692Z gcc -DHAVE_CONFIG_H -I. -I..      -MT download_windows.o -MD -MP -MF .deps/download_windows.Tpo -c -o download_windows.o download_windows.c
sbcl-bin	Install Roswell	2026-09-29T04:12:14.2449469Z mv -f .deps/download_windows.Tpo .deps/download_windows.Po
sbcl-bin	Install Roswell	2026-09-29T04:12:14.2475288Z gcc -DHAVE_CONFIG_H -I. -I..      -MT archive.o -MD -MP -MF .deps/archive.Tpo -c -o archive.o archive.c
sbcl-bin	Install Roswell	2026-09-29T04:12:14.2945581Z mv -f .deps/archive.Tpo .deps/archive.Po
sbcl-bin	Install Roswell	2026-09-29T04:12:14.2971416Z gcc -DHAVE_CONFIG_H -I. -I..      -MT archive_windows.o -MD -MP -MF .deps/archive_windows.Tpo -c -o archive_windows.o archive_windows.c
sbcl-bin	Install Roswell	2026-09-29T04:12:14.3337086Z mv -f .deps/archive_windows.Tpo .deps/archive_windows.Po
sbcl-bin	Install Roswell	2026-09-29T04:12:14.3362828Z gcc -DHAVE_CONFIG_H -I. -I..      -MT register-commands.o -MD -MP -MF .deps/register-commands.Tpo -c -o register-commands.o register-commands.c
sbcl-bin	Install Roswell	2026-09-29T04:12:14.3848921Z mv -f .deps/register-commands.Tpo .deps/register-commands.Po
sbcl-bin	Install Roswell	2026-09-29T04:12:14.3874461Z gcc -DHAVE_CONFIG_H -I. -I..      -MT tsv-sbcl-bin.o -MD -MP -MF .deps/tsv-sbcl-bin.Tpo -c -o tsv-sbcl-bin.o tsv-sbcl-bin.c
sbcl-bin	Install Roswell	2026-09-29T04:12:14.4281043Z mv -f .deps/tsv-sbcl-bin.Tpo .deps/tsv-sbcl-bin.Po
sbcl-bin	Install Roswell	2026-09-29T04:12:14.4307123Z printf '#define ROS_COMPILE_ENVIRONMENT "%s"\n' "`gcc --version|head -n 1`" > gend.h.tmp
sbcl-bin	Install Roswell	2026-09-29T04:12:14.4336719Z printf '#define ROS_REVISION "NO-GIT-REVISION"\n' >> gend.h.tmp
sbcl-bin	Install Roswell	2026-09-29T04:12:14.4348894Z printf '#define UNAME_M "x86_64"\n' >> gend.h.tmp
sbcl-bin	Install Roswell	2026-09-29T04:12:14.4362034Z printf '#define UNAME_S "Linux"\n' >> gend.h.tmp
sbcl-bin	Install Roswell	2026-09-29T04:12:14.4374326Z printf '#define PATCH_PATH "/usr/etc/roswell/patch"\n' >> gend.h.tmp
sbcl-bin	Install Roswell	2026-09-29T04:12:14.4386911Z printf '#define LISP_PATH "/usr/etc/roswell"\n' >> gend.h.tmp
sbcl-bin	Install Roswell	2026-09-29T04:12:14.4399599Z cmp -s gend.h.tmp gend.h||cp gend.h.tmp gend.h
sbcl-bin	Install Roswell	2026-09-29T04:12:14.4434297Z cat gend.h
sbcl-bin	Install Roswell	2026-09-29T04:12:14.4452805Z #define ROS_COMPILE_ENVIRONMENT "gcc (Ubuntu 13.3.0-6ubuntu2~24.04.1) 13.3.0"
sbcl-bin	Install Roswell	2026-09-29T04:12:14.4453326Z #define ROS_REVISION "NO-GIT-REVISION"
sbcl-bin	Install Roswell	2026-09-29T04:12:14.4453807Z #define UNAME_M "x86_64"
sbcl-bin	Install Roswell	2026-09-29T04:12:14.4454225Z #define UNAME_S "Linux"
sbcl-bin	Install Roswell	2026-09-29T04:12:14.4454669Z #define PATCH_PATH "/usr/etc/roswell/patch"
sbcl-bin	Install Roswell	2026-09-29T04:12:14.4455203Z #define LISP_PATH "/usr/etc/roswell"
sbcl-bin	Install Roswell	2026-09-29T04:12:14.4455694Z rm -f gend.h.tmp
sbcl-bin	Install Roswell	2026-09-29T04:12:14.4475329Z gcc -DHAVE_CONFIG_H -I. -I..      -MT util.o -MD -MP -MF .deps/util.Tpo -c -o util.o util.c
sbcl-bin	Install Roswell	2026-09-29T04:12:14.4977480Z mv -f .deps/util.Tpo .deps/util.Po
sbcl-bin	Install Roswell	2026-09-29T04:12:14.5002602Z gcc -DHAVE_CONFIG_H -I. -I..      -MT util_windows.o -MD -MP -MF .deps/util_windows.Tpo -c -o util_windows.o util_windows.c
sbcl-bin	Install Roswell	2026-09-29T04:12:14.5358616Z mv -f .deps/util_windows.Tpo .deps/util_windows.Po
sbcl-bin	Install Roswell	2026-09-29T04:12:14.5385254Z gcc -DHAVE_CONFIG_H -I. -I..      -MT util-list.o -MD -MP -MF .deps/util-list.Tpo -c -o util-list.o util-list.c
sbcl-bin	Install Roswell	2026-09-29T04:12:14.5888004Z mv -f .deps/util-list.Tpo .deps/util-list.Po
sbcl-bin	Install Roswell	2026-09-29T04:12:14.5914480Z gcc -DHAVE_CONFIG_H -I. -I..      -MT util-string.o -MD -MP -MF .deps/util-string.Tpo -c -o util-string.o util-string.c
sbcl-bin	Install Roswell	2026-09-29T04:12:14.6421329Z mv -f .deps/util-string.Tpo .deps/util-string.Po
sbcl-bin	Install Roswell	2026-09-29T04:12:14.6446995Z gcc -DHAVE_CONFIG_H -I. -I..      -MT util-dir.o -MD -MP -MF .deps/util-dir.Tpo -c -o util-dir.o util-dir.c
sbcl-bin	Install Roswell	2026-09-29T04:12:14.6927831Z mv -f .deps/util-dir.Tpo .deps/util-dir.Po
sbcl-bin	Install Roswell	2026-09-29T04:12:14.6954013Z gcc -DHAVE_CONFIG_H -I. -I..      -MT util-dir_windows.o -MD -MP -MF .deps/util-dir_windows.Tpo -c -o util-dir_windows.o util-dir_windows.c
sbcl-bin	Install Roswell	2026-09-29T04:12:14.7312628Z mv -f .deps/util-dir_windows.Tpo .deps/util-dir_windows.Po
sbcl-bin	Install Roswell	2026-09-29T04:12:14.7337839Z gcc -DHAVE_CONFIG_H -I. -I..      -MT util-file.o -MD -MP -MF .deps/util-file.Tpo -c -o util-file.o util-file.c
sbcl-bin	Install Roswell	2026-09-29T04:12:14.7737040Z mv -f .deps/util-file.Tpo .deps/util-file.Po
sbcl-bin	Install Roswell	2026-09-29T04:12:14.7762554Z gcc -DHAVE_CONFIG_H -I. -I..      -MT util-file_windows.o -MD -MP -MF .deps/util-file_windows.Tpo -c -o util-file_windows.o util-file_windows.c
sbcl-bin	Install Roswell	2026-09-29T04:12:14.8119630Z mv -f .deps/util-file_windows.Tpo .deps/util-file_windows.Po
sbcl-bin	Install Roswell	2026-09-29T04:12:14.8145109Z gcc -DHAVE_CONFIG_H -I. -I..      -MT util-system.o -MD -MP -MF .deps/util-system.Tpo -c -o util-system.o util-system.c
sbcl-bin	Install Roswell	2026-09-29T04:12:14.8551974Z mv -f .deps/util-system.Tpo .deps/util-system.Po
sbcl-bin	Install Roswell	2026-09-29T04:12:14.8581269Z gcc -DHAVE_CONFIG_H -I. -I..      -MT util-system_windows.o -MD -MP -MF .deps/util-system_windows.Tpo -c -o util-system_windows.o util-system_windows.c
sbcl-bin	Install Roswell	2026-09-29T04:12:14.8968256Z mv -f .deps/util-system_windows.Tpo .deps/util-system_windows.Po
sbcl-bin	Install Roswell	2026-09-29T04:12:14.8998916Z gcc -DHAVE_CONFIG_H -I. -I..      -MT util-cmdline.o -MD -MP -MF .deps/util-cmdline.Tpo -c -o util-cmdline.o util-cmdline.c
sbcl-bin	Install Roswell	2026-09-29T04:12:14.9450196Z mv -f .deps/util-cmdline.Tpo .deps/util-cmdline.Po
sbcl-bin	Install Roswell	2026-09-29T04:12:14.9476041Z gcc -DHAVE_CONFIG_H -I. -I..      -MT proc-opt.o -MD -MP -MF .deps/proc-opt.Tpo -c -o proc-opt.o proc-opt.c
sbcl-bin	Install Roswell	2026-09-29T04:12:14.9954343Z mv -f .deps/proc-opt.Tpo .deps/proc-opt.Po
sbcl-bin	Install Roswell	2026-09-29T04:12:14.9980034Z gcc -DHAVE_CONFIG_H -I. -I..      -MT manual.o -MD -MP -MF .deps/manual.Tpo -c -o manual.o manual.c
sbcl-bin	Install Roswell	2026-09-29T04:12:15.0339184Z mv -f .deps/manual.Tpo .deps/manual.Po
sbcl-bin	Install Roswell	2026-09-29T04:12:15.0364906Z gcc -DHAVE_CONFIG_H -I. -I..      -MT manual_windows.o -MD -MP -MF .deps/manual_windows.Tpo -c -o manual_windows.o manual_windows.c
sbcl-bin	Install Roswell	2026-09-29T04:12:15.0734317Z mv -f .deps/manual_windows.Tpo .deps/manual_windows.Po
sbcl-bin	Install Roswell	2026-09-29T04:12:15.0759976Z gcc -DHAVE_CONFIG_H -I. -I..      -MT cmd-internal.o -MD -MP -MF .deps/cmd-internal.Tpo -c -o cmd-internal.o cmd-internal.c
sbcl-bin	Install Roswell	2026-09-29T04:12:15.1258226Z mv -f .deps/cmd-internal.Tpo .deps/cmd-internal.Po
sbcl-bin	Install Roswell	2026-09-29T04:12:15.1283846Z gcc -DHAVE_CONFIG_H -I. -I..      -MT cmd-script.o -MD -MP -MF .deps/cmd-script.Tpo -c -o cmd-script.o cmd-script.c
sbcl-bin	Install Roswell	2026-09-29T04:12:15.1703864Z mv -f .deps/cmd-script.Tpo .deps/cmd-script.Po
sbcl-bin	Install Roswell	2026-09-29T04:12:15.1730203Z gcc -DHAVE_CONFIG_H -I. -I..      -MT cmd-run.o -MD -MP -MF .deps/cmd-run.Tpo -c -o cmd-run.o cmd-run.c
sbcl-bin	Install Roswell	2026-09-29T04:12:15.2292494Z mv -f .deps/cmd-run.Tpo .deps/cmd-run.Po
sbcl-bin	Install Roswell	2026-09-29T04:12:15.2318685Z gcc -DHAVE_CONFIG_H -I. -I..      -MT cmd-run-sbcl.o -MD -MP -MF .deps/cmd-run-sbcl.Tpo -c -o cmd-run-sbcl.o cmd-run-sbcl.c
sbcl-bin	Install Roswell	2026-09-29T04:12:15.2797672Z mv -f .deps/cmd-run-sbcl.Tpo .deps/cmd-run-sbcl.Po
sbcl-bin	Install Roswell	2026-09-29T04:12:15.2824518Z gcc -DHAVE_CONFIG_H -I. -I..      -MT cmd-run-ccl.o -MD -MP -MF .deps/cmd-run-ccl.Tpo -c -o cmd-run-ccl.o cmd-run-ccl.c
sbcl-bin	Install Roswell	2026-09-29T04:12:15.3254779Z mv -f .deps/cmd-run-ccl.Tpo .deps/cmd-run-ccl.Po
sbcl-bin	Install Roswell	2026-09-29T04:12:15.3280926Z gcc -DHAVE_CONFIG_H -I. -I..      -MT cmd-run-clasp.o -MD -MP -MF .deps/cmd-run-clasp.Tpo -c -o cmd-run-clasp.o cmd-run-clasp.c
sbcl-bin	Install Roswell	2026-09-29T04:12:15.3706779Z mv -f .deps/cmd-run-clasp.Tpo .deps/cmd-run-clasp.Po
sbcl-bin	Install Roswell	2026-09-29T04:12:15.3732588Z gcc -DHAVE_CONFIG_H -I. -I..      -MT cmd-run-clisp.o -MD -MP -MF .deps/cmd-run-clisp.Tpo -c -o cmd-run-clisp.o cmd-run-clisp.c
sbcl-bin	Install Roswell	2026-09-29T04:12:15.4156235Z mv -f .deps/cmd-run-clisp.Tpo .deps/cmd-run-clisp.Po
sbcl-bin	Install Roswell	2026-09-29T04:12:15.4182602Z gcc -DHAVE_CONFIG_H -I. -I..      -MT cmd-run-ecl.o -MD -MP -MF .deps/cmd-run-ecl.Tpo -c -o cmd-run-ecl.o cmd-run-ecl.c
sbcl-bin	Install Roswell	2026-09-29T04:12:15.4611499Z mv -f .deps/cmd-run-ecl.Tpo .deps/cmd-run-ecl.Po
sbcl-bin	Install Roswell	2026-09-29T04:12:15.4637415Z gcc -DHAVE_CONFIG_H -I. -I..      -MT cmd-run-mkcl.o -MD -MP -MF .deps/cmd-run-mkcl.Tpo -c -o cmd-run-mkcl.o cmd-run-mkcl.c
sbcl-bin	Install Roswell	2026-09-29T04:12:15.5046370Z mv -f .deps/cmd-run-mkcl.Tpo .deps/cmd-run-mkcl.Po
sbcl-bin	Install Roswell	2026-09-29T04:12:15.5071902Z gcc -DHAVE_CONFIG_H -I. -I..      -MT cmd-run-abcl.o -MD -MP -MF .deps/cmd-run-abcl.Tpo -c -o cmd-run-abcl.o cmd-run-abcl.c
sbcl-bin	Install Roswell	2026-09-29T04:12:15.5487108Z mv -f .deps/cmd-run-abcl.Tpo .deps/cmd-run-abcl.Po
sbcl-bin	Install Roswell	2026-09-29T04:12:15.5513285Z gcc -DHAVE_CONFIG_H -I. -I..      -MT cmd-run-cmu.o -MD -MP -MF .deps/cmd-run-cmu.Tpo -c -o cmd-run-cmu.o cmd-run-cmu.c
sbcl-bin	Install Roswell	2026-09-29T04:12:15.5928756Z mv -f .deps/cmd-run-cmu.Tpo .deps/cmd-run-cmu.Po
sbcl-bin	Install Roswell	2026-09-29T04:12:15.5958096Z gcc -DHAVE_CONFIG_H -I. -I..      -MT cmd-run-acl.o -MD -MP -MF .deps/cmd-run-acl.Tpo -c -o cmd-run-acl.o cmd-run-acl.c
sbcl-bin	Install Roswell	2026-09-29T04:12:15.6373423Z mv -f .deps/cmd-run-acl.Tpo .deps/cmd-run-acl.Po
sbcl-bin	Install Roswell	2026-09-29T04:12:15.6400542Z gcc -DHAVE_CONFIG_H -I. -I..      -MT cmd-run-lispworks.o -MD -MP -MF .deps/cmd-run-lispworks.Tpo -c -o cmd-run-lispworks.o cmd-run-lispworks.c
sbcl-bin	Install Roswell	2026-09-29T04:12:15.6796480Z mv -f .deps/cmd-run-lispworks.Tpo .deps/cmd-run-lispworks.Po
sbcl-bin	Install Roswell	2026-09-29T04:12:15.6822468Z gcc -DHAVE_CONFIG_H -I. -I..      -MT cmd-run-npt.o -MD -MP -MF .deps/cmd-run-npt.Tpo -c -o cmd-run-npt.o cmd-run-npt.c
sbcl-bin	Install Roswell	2026-09-29T04:12:15.7207374Z mv -f .deps/cmd-run-npt.Tpo .deps/cmd-run-npt.Po
sbcl-bin	Install Roswell	2026-09-29T04:12:15.7233701Z gcc -DHAVE_CONFIG_H -I. -I..      -MT cmd-install.o -MD -MP -MF .deps/cmd-install.Tpo -c -o cmd-install.o cmd-install.c
sbcl-bin	Install Roswell	2026-09-29T04:12:15.7721930Z mv -f .deps/cmd-install.Tpo .deps/cmd-install.Po
sbcl-bin	Install Roswell	2026-09-29T04:12:15.7749725Z gcc -DHAVE_CONFIG_H -I. -I..      -MT install-sbcl-bin.o -MD -MP -MF .deps/install-sbcl-bin.Tpo -c -o install-sbcl-bin.o install-sbcl-bin.c
sbcl-bin	Install Roswell	2026-09-29T04:12:15.8239051Z mv -f .deps/install-sbcl-bin.Tpo .deps/install-sbcl-bin.Po
sbcl-bin	Install Roswell	2026-09-29T04:12:15.8265478Z gcc -DHAVE_CONFIG_H -I. -I..      -MT install-sbcl-bin_windows.o -MD -MP -MF .deps/install-sbcl-bin_windows.Tpo -c -o install-sbcl-bin_windows.o install-sbcl-bin_windows.c
sbcl-bin	Install Roswell	2026-09-29T04:12:15.8621788Z mv -f .deps/install-sbcl-bin_windows.Tpo .deps/install-sbcl-bin_windows.Po
sbcl-bin	Install Roswell	2026-09-29T04:12:15.8669969Z gcc     -o ros main.o opt.o download.o download_windows.o archive.o archive_windows.o register-commands.o tsv-sbcl-bin.o util.o util_windows.o util-list.o util-string.o util-dir.o util-dir_windows.o util-file.o util-file_windows.o util-system.o util-system_windows.o util-cmdline.o proc-opt.o manual.o manual_windows.o cmd-internal.o cmd-script.o cmd-run.o cmd-run-sbcl.o cmd-run-ccl.o cmd-run-clasp.o cmd-run-clisp.o cmd-run-ecl.o cmd-run-mkcl.o cmd-run-abcl.o cmd-run-cmu.o cmd-run-acl.o cmd-run-lispworks.o cmd-run-npt.o cmd-install.o install-sbcl-bin.o install-sbcl-bin_windows.o  -lcurl 
sbcl-bin	Install Roswell	2026-09-29T04:12:15.9200236Z make[2]: Leaving directory '/home/runner/.roswell/src'
sbcl-bin	Install Roswell	2026-09-29T04:12:15.9222501Z make[2]: Entering directory '/home/runner/.roswell'
sbcl-bin	Install Roswell	2026-09-29T04:12:15.9362325Z make[2]: Leaving directory '/home/runner/.roswell'
sbcl-bin	Install Roswell	2026-09-29T04:12:15.9366458Z make[1]: Leaving directory '/home/runner/.roswell'
sbcl-bin	Install Roswell	2026-09-29T04:12:15.9572026Z Making install in src
sbcl-bin	Install Roswell	2026-09-29T04:12:15.9768285Z make[1]: Entering directory '/home/runner/.roswell/src'
sbcl-bin	Install Roswell	2026-09-29T04:12:15.9768861Z printf '#define ROS_COMPILE_ENVIRONMENT "%s"\n' "`gcc --version|head -n 1`" > gend.h.tmp
sbcl-bin	Install Roswell	2026-09-29T04:12:15.9798125Z printf '#define ROS_REVISION "NO-GIT-REVISION"\n' >> gend.h.tmp
sbcl-bin	Install Roswell	2026-09-29T04:12:15.9809360Z printf '#define UNAME_M "x86_64"\n' >> gend.h.tmp
sbcl-bin	Install Roswell	2026-09-29T04:12:15.9821628Z printf '#define UNAME_S "Linux"\n' >> gend.h.tmp
sbcl-bin	Install Roswell	2026-09-29T04:12:15.9833457Z printf '#define PATCH_PATH "/usr/etc/roswell/patch"\n' >> gend.h.tmp
sbcl-bin	Install Roswell	2026-09-29T04:12:15.9845422Z printf '#define LISP_PATH "/usr/etc/roswell"\n' >> gend.h.tmp
sbcl-bin	Install Roswell	2026-09-29T04:12:15.9857203Z cmp -s gend.h.tmp gend.h||cp gend.h.tmp gend.h
sbcl-bin	Install Roswell	2026-09-29T04:12:15.9878942Z cat gend.h
sbcl-bin	Install Roswell	2026-09-29T04:12:15.9896305Z #define ROS_COMPILE_ENVIRONMENT "gcc (Ubuntu 13.3.0-6ubuntu2~24.04.1) 13.3.0"
sbcl-bin	Install Roswell	2026-09-29T04:12:15.9896842Z #define ROS_REVISION "NO-GIT-REVISION"
sbcl-bin	Install Roswell	2026-09-29T04:12:15.9897331Z #define UNAME_M "x86_64"
sbcl-bin	Install Roswell	2026-09-29T04:12:15.9897746Z #define UNAME_S "Linux"
sbcl-bin	Install Roswell	2026-09-29T04:12:15.9898177Z #define PATCH_PATH "/usr/etc/roswell/patch"
sbcl-bin	Install Roswell	2026-09-29T04:12:15.9898562Z #define LISP_PATH "/usr/etc/roswell"
sbcl-bin	Install Roswell	2026-09-29T04:12:15.9899021Z rm -f gend.h.tmp
sbcl-bin	Install Roswell	2026-09-29T04:12:16.0116901Z make[2]: Entering directory '/home/runner/.roswell/src'
sbcl-bin	Install Roswell	2026-09-29T04:12:16.0117682Z printf '#define ROS_COMPILE_ENVIRONMENT "%s"\n' "`gcc --version|head -n 1`" > gend.h.tmp
sbcl-bin	Install Roswell	2026-09-29T04:12:16.0145306Z printf '#define ROS_REVISION "NO-GIT-REVISION"\n' >> gend.h.tmp
sbcl-bin	Install Roswell	2026-09-29T04:12:16.0156940Z printf '#define UNAME_M "x86_64"\n' >> gend.h.tmp
sbcl-bin	Install Roswell	2026-09-29T04:12:16.0168435Z printf '#define UNAME_S "Linux"\n' >> gend.h.tmp
sbcl-bin	Install Roswell	2026-09-29T04:12:16.0180327Z printf '#define PATCH_PATH "/usr/etc/roswell/patch"\n' >> gend.h.tmp
sbcl-bin	Install Roswell	2026-09-29T04:12:16.0192092Z printf '#define LISP_PATH "/usr/etc/roswell"\n' >> gend.h.tmp
sbcl-bin	Install Roswell	2026-09-29T04:12:16.0203779Z cmp -s gend.h.tmp gend.h||cp gend.h.tmp gend.h
sbcl-bin	Install Roswell	2026-09-29T04:12:16.0225444Z cat gend.h
sbcl-bin	Install Roswell	2026-09-29T04:12:16.0242728Z #define ROS_COMPILE_ENVIRONMENT "gcc (Ubuntu 13.3.0-6ubuntu2~24.04.1) 13.3.0"
sbcl-bin	Install Roswell	2026-09-29T04:12:16.0243352Z #define ROS_REVISION "NO-GIT-REVISION"
sbcl-bin	Install Roswell	2026-09-29T04:12:16.0243921Z #define UNAME_M "x86_64"
sbcl-bin	Install Roswell	2026-09-29T04:12:16.0244393Z #define UNAME_S "Linux"
sbcl-bin	Install Roswell	2026-09-29T04:12:16.0244888Z #define PATCH_PATH "/usr/etc/roswell/patch"
sbcl-bin	Install Roswell	2026-09-29T04:12:16.0245373Z #define LISP_PATH "/usr/etc/roswell"
sbcl-bin	Install Roswell	2026-09-29T04:12:16.0245791Z rm -f gend.h.tmp
sbcl-bin	Install Roswell	2026-09-29T04:12:16.0280317Z  /usr/bin/mkdir -p '/usr/bin'
sbcl-bin	Install Roswell	2026-09-29T04:12:16.0320271Z   /usr/bin/install -c ros '/usr/bin'
sbcl-bin	Install Roswell	2026-09-29T04:12:16.0338222Z make[2]: Nothing to be done for 'install-data-am'.
sbcl-bin	Install Roswell	2026-09-29T04:12:16.0338878Z make[2]: Leaving directory '/home/runner/.roswell/src'
sbcl-bin	Install Roswell	2026-09-29T04:12:16.0341009Z make[1]: Leaving directory '/home/runner/.roswell/src'
sbcl-bin	Install Roswell	2026-09-29T04:12:16.0360494Z make[1]: Entering directory '/home/runner/.roswell'
sbcl-bin	Install Roswell	2026-09-29T04:12:16.0516257Z make[2]: Entering directory '/home/runner/.roswell'
sbcl-bin	Install Roswell	2026-09-29T04:12:16.0615180Z make[2]: Nothing to be done for 'install-exec-am'.
sbcl-bin	Install Roswell	2026-09-29T04:12:16.0633163Z  /usr/bin/mkdir -p '/usr/etc/roswell'
sbcl-bin	Install Roswell	2026-09-29T04:12:16.0669689Z  /usr/bin/install -c -m 644 lisp/helper.el lisp/init.lisp lisp/util.lisp lisp/util-main.lisp lisp/util-swank.lisp lisp/locations.lisp lisp/patch-quicklisp.lisp lisp/extend-quicklisp.lisp lisp/extend-quicklisp-system.lisp lisp/system.lisp lisp/build-ros.lisp lisp/build-asd.lisp lisp/client-swank.lisp lisp/util-config.lisp lisp/dist-list.lisp lisp/dist-clean.lisp lisp/dist-enable.lisp lisp/dist-disable.lisp lisp/dist-add.lisp lisp/dist-delete.lisp lisp/dist-use.lisp lisp/dist-versions.lisp lisp/dist-preference.lisp lisp/dist-default.lisp lisp/delete-default.lisp lisp/delete-dump.lisp lisp/delete-git.lisp lisp/delete-asdf.lisp lisp/delete-env.lisp lisp/util-dump.lisp lisp/dump-ccl.lisp lisp/dump-clisp.lisp lisp/dump-cmucl.lisp lisp/dump-ecl.lisp lisp/dump-sbcl.lisp lisp/help-install.lisp lisp/help-options.lisp lisp/help-run.lisp lisp/init-default.lisp lisp/init-env.lisp '/usr/etc/roswell'
sbcl-bin	Install Roswell	2026-09-29T04:12:16.0707394Z  /usr/bin/install -c -m 644 lisp/init-dist.lisp lisp/util-install.lisp lisp/util-install-quicklisp.lisp lisp/install+7zip.lisp lisp/install-abcl-bin.lisp lisp/install-allegro.lisp lisp/install-ccl-bin.lisp lisp/install-clasp-bin.lisp lisp/install-clasp.lisp lisp/install-clisp.lisp lisp/install-clisp-head.lisp lisp/install-cmu-bin.lisp lisp/install-ecl.lisp lisp/install-quicklisp.lisp lisp/install-sbcl-bin.lisp lisp/install-sbcl.lisp lisp/install-sbcl-source.lisp lisp/install-sbcl-head.lisp lisp/install-slime.lisp lisp/install-sly.lisp lisp/install-lispworks.lisp lisp/install-mkcl.lisp lisp/install-npt.lisp lisp/install+externals-clasp.lisp lisp/install+ffcall.lisp lisp/install+msys2.lisp lisp/install+sigsegv.lisp lisp/install-asdf.lisp lisp/serve-default.lisp lisp/serve-swank.lisp lisp/update-git.lisp lisp/update-hg.lisp lisp/update-quicklisp.lisp lisp/update-default.lisp lisp/list-default.lisp lisp/list-dump.lisp lisp/list-git.lisp lisp/list-installed.lisp lisp/list-versions.lisp lisp/list-asdf.lisp '/usr/etc/roswell'
sbcl-bin	Install Roswell	2026-09-29T04:12:16.0737195Z  /usr/bin/install -c -m 644 lisp/list-env.lisp lisp/util-template.lisp lisp/util-use.lisp lisp/use-asdf.lisp lisp/use-env.lisp '/usr/etc/roswell'
sbcl-bin	Install Roswell	2026-09-29T04:12:16.0768316Z  /usr/bin/mkdir -p '/usr/etc/roswell'
sbcl-bin	Install Roswell	2026-09-29T04:12:16.0810688Z  /usr/bin/install -c lisp/balus.ros lisp/build.ros lisp/checkout.ros lisp/client.ros lisp/config.ros lisp/compile-file.ros lisp/ecl-config.ros lisp/emacs.ros lisp/exec.ros lisp/dist.ros lisp/fmt.ros lisp/get.ros lisp/git.ros lisp/hg.ros lisp/run.ros lisp/setup.ros lisp/shell.ros lisp/version.ros lisp/wait.ros lisp/delete.ros lisp/dump.ros lisp/help.ros lisp/init.ros lisp/install.ros lisp/serve.ros lisp/update.ros lisp/list.ros lisp/make-depends.ros lisp/template.ros lisp/use.ros lisp/which.ros '/usr/etc/roswell'
sbcl-bin	Install Roswell	2026-09-29T04:12:16.0852879Z  /usr/bin/mkdir -p '/usr/etc/roswell/patch'
sbcl-bin	Install Roswell	2026-09-29T04:12:16.0879258Z  /usr/bin/install -c -m 644 patch/sbcl-1.3.11.patch patch/sbcl-posix-tests.patch '/usr/etc/roswell/patch'
sbcl-bin	Install Roswell	2026-09-29T04:12:16.0913442Z  /usr/bin/mkdir -p '/usr/share/man/man1'
sbcl-bin	Install Roswell	2026-09-29T04:12:16.0971948Z  /usr/bin/install -c -m 644 documents/man/ros.1 documents/man/ros-checkout.1 documents/man/ros-dump.1 documents/man/ros-init.1 documents/man/ros-install.1 documents/man/ros-list.1 documents/man/ros-setup.1 documents/man/ros-template.1 documents/man/ros-config.1 documents/man/ros-delete.1 documents/man/ros-emacs.1 documents/man/ros-run.1 documents/man/ros-use.1 documents/man/ros-wait.1 documents/man/ros-asdf.1 documents/man/ros-build.1 documents/man/ros-update.1 documents/man/ros-help.1 documents/man/ros-client.1 documents/man/ros-serve.1 '/usr/share/man/man1'
sbcl-bin	Install Roswell	2026-09-29T04:12:16.0999915Z make[2]: Leaving directory '/home/runner/.roswell'
sbcl-bin	Install Roswell	2026-09-29T04:12:16.1001859Z make[1]: Leaving directory '/home/runner/.roswell'
sbcl-bin	Install Roswell	2026-09-29T04:12:16.1017238Z Roswell has been installed.
sbcl-bin	Install Roswell	2026-09-29T04:12:16.1017595Z Installing sbcl-bin...
sbcl-bin	Install Roswell	2026-09-29T04:12:16.1091007Z Installing sbcl-bin...
sbcl-bin	Install Roswell	2026-09-29T04:12:16.3101401Z 
sbcl-bin	Install Roswell	2026-09-29T04:12:16.3109346Z [####################################################################      ] 92%
sbcl-bin	Install Roswell	2026-09-29T04:12:16.3122643Z [##########################################################################]100%
sbcl-bin	Install Roswell	2026-09-29T04:12:16.3178113Z No SBCL version specified. Downloading sbcl-bin_uri.tsv to see the available versions...
sbcl-bin	Install Roswell	2026-09-29T04:12:16.3178718Z Installing sbcl-bin/2.6.9...
sbcl-bin	Install Roswell	2026-09-29T04:12:16.3214526Z No SBCL version specified. Downloading sbcl-bin_uri.tsv to see the available versions...
sbcl-bin	Install Roswell	2026-09-29T04:12:16.3215136Z Installing sbcl-bin/2.6.9...
sbcl-bin	Install Roswell	2026-09-29T04:12:16.3278798Z No SBCL version specified. Downloading sbcl-bin_uri.tsv to see the available versions...
sbcl-bin	Install Roswell	2026-09-29T04:12:16.3279378Z Installing sbcl-bin/2.6.9...
sbcl-bin	Install Roswell	2026-09-29T04:12:16.3279997Z Downloading https://github.com/roswell/sbcl_bin/releases/download/2.6.9/sbcl-2.6.9-x86-64-linux-binary.tar.bz2
sbcl-bin	Install Roswell	2026-09-29T04:12:16.5434245Z 
sbcl-bin	Install Roswell	2026-09-29T04:12:16.5628071Z [                                                                          ]  0%
sbcl-bin	Install Roswell	2026-09-29T04:12:16.5637479Z [                                                                          ]  1%
sbcl-bin	Install Roswell	2026-09-29T04:12:16.5718200Z [#                                                                         ]  1%
sbcl-bin	Install Roswell	2026-09-29T04:12:16.5789478Z [#                                                                         ]  2%
sbcl-bin	Install Roswell	2026-09-29T04:12:16.5800342Z [##                                                                        ]  2%
sbcl-bin	Install Roswell	2026-09-29T04:12:16.5841175Z [##                                                                        ]  3%
sbcl-bin	Install Roswell	2026-09-29T04:12:16.5869386Z [##                                                                        ]  4%
sbcl-bin	Install Roswell	2026-09-29T04:12:16.5919300Z [###                                                                       ]  4%
sbcl-bin	Install Roswell	2026-09-29T04:12:16.5923467Z [###                                                                       ]  5%
sbcl-bin	Install Roswell	2026-09-29T04:12:16.5958941Z [####                                                                      ]  5%
sbcl-bin	Install Roswell	2026-09-29T04:12:16.6000011Z [####                                                                      ]  6%
sbcl-bin	Install Roswell	2026-09-29T04:12:16.6002737Z [#####                                                                     ]  6%
sbcl-bin	Install Roswell	2026-09-29T04:12:16.6030343Z [#####                                                                     ]  7%
sbcl-bin	Install Roswell	2026-09-29T04:12:16.6031377Z [#####                                                                     ]  8%
sbcl-bin	Install Roswell	2026-09-29T04:12:16.6080922Z [######                                                                    ]  8%
sbcl-bin	Install Roswell	2026-09-29T04:12:16.6086108Z [######                                                                    ]  9%
sbcl-bin	Install Roswell	2026-09-29T04:12:16.6086911Z [#######                                                                   ]  9%
sbcl-bin	Install Roswell	2026-09-29T04:12:16.6112572Z [#######                                                                   ] 10%
sbcl-bin	Install Roswell	2026-09-29T04:12:16.6113881Z [########                                                                  ] 10%
sbcl-bin	Install Roswell	2026-09-29T04:12:16.6163983Z [########                                                                  ] 11%
sbcl-bin	Install Roswell	2026-09-29T04:12:16.6165006Z [########                                                                  ] 12%
sbcl-bin	Install Roswell	2026-09-29T04:12:16.6167865Z [#########                                                                 ] 12%
sbcl-bin	Install Roswell	2026-09-29T04:12:16.6170233Z [#########                                                                 ] 13%
sbcl-bin	Install Roswell	2026-09-29T04:12:16.6173503Z [##########                                                                ] 13%
sbcl-bin	Install Roswell	2026-09-29T04:12:16.6192934Z [##########                                                                ] 14%
sbcl-bin	Install Roswell	2026-09-29T04:12:16.6193654Z [###########                                                               ] 14%
sbcl-bin	Install Roswell	2026-09-29T04:12:16.6208169Z [###########                                                               ] 15%
sbcl-bin	Install Roswell	2026-09-29T04:12:16.6240750Z [###########                                                               ] 16%
sbcl-bin	Install Roswell	2026-09-29T04:12:16.6245133Z [############                                                              ] 16%
sbcl-bin	Install Roswell	2026-09-29T04:12:16.6248095Z [############                                                              ] 17%
sbcl-bin	Install Roswell	2026-09-29T04:12:16.6249110Z [#############                                                             ] 17%
sbcl-bin	Install Roswell	2026-09-29T04:12:16.6256104Z [#############                                                             ] 18%
sbcl-bin	Install Roswell	2026-09-29T04:12:16.6256814Z [##############                                                            ] 18%
sbcl-bin	Install Roswell	2026-09-29T04:12:16.6260060Z [##############                                                            ] 19%
sbcl-bin	Install Roswell	2026-09-29T04:12:16.6273236Z [##############                                                            ] 20%
sbcl-bin	Install Roswell	2026-09-29T04:12:16.6288219Z [###############                                                           ] 20%
sbcl-bin	Install Roswell	2026-09-29T04:12:16.6345793Z [###############                                                           ] 21%
sbcl-bin	Install Roswell	2026-09-29T04:12:16.6346587Z [################                                                          ] 21%
sbcl-bin	Install Roswell	2026-09-29T04:12:16.6347927Z [################                                                          ] 22%
sbcl-bin	Install Roswell	2026-09-29T04:12:16.6348700Z [#################                                                         ] 22%
sbcl-bin	Install Roswell	2026-09-29T04:12:16.6349868Z [#################                                                         ] 23%
sbcl-bin	Install Roswell	2026-09-29T04:12:16.6351094Z [#################                                                         ] 24%
sbcl-bin	Install Roswell	2026-09-29T04:12:16.6352091Z [##################                                                        ] 24%
sbcl-bin	Install Roswell	2026-09-29T04:12:16.6354680Z [##################                                                        ] 25%
sbcl-bin	Install Roswell	2026-09-29T04:12:16.6355474Z [###################                                                       ] 25%
sbcl-bin	Install Roswell	2026-09-29T04:12:16.6357355Z [###################                                                       ] 26%
sbcl-bin	Install Roswell	2026-09-29T04:12:16.6359040Z [####################                                                      ] 27%
sbcl-bin	Install Roswell	2026-09-29T04:12:16.6361191Z [####################                                                      ] 28%
sbcl-bin	Install Roswell	2026-09-29T04:12:16.6362234Z [#####################                                                     ] 28%
sbcl-bin	Install Roswell	2026-09-29T04:12:16.6403820Z [#####################                                                     ] 29%
sbcl-bin	Install Roswell	2026-09-29T04:12:16.6408980Z [######################                                                    ] 29%
sbcl-bin	Install Roswell	2026-09-29T04:12:16.6412704Z [######################                                                    ] 30%
sbcl-bin	Install Roswell	2026-09-29T04:12:16.6413398Z [######################                                                    ] 31%
sbcl-bin	Install Roswell	2026-09-29T04:12:16.6425198Z [#######################                                                   ] 31%
sbcl-bin	Install Roswell	2026-09-29T04:12:16.6425855Z [#######################                                                   ] 32%
sbcl-bin	Install Roswell	2026-09-29T04:12:16.6427082Z [########################                                                  ] 32%
sbcl-bin	Install Roswell	2026-09-29T04:12:16.6429581Z [########################                                                  ] 33%
sbcl-bin	Install Roswell	2026-09-29T04:12:16.6430193Z [#########################                                                 ] 33%
sbcl-bin	Install Roswell	2026-09-29T04:12:16.6432247Z [#########################                                                 ] 34%
sbcl-bin	Install Roswell	2026-09-29T04:12:16.6433014Z [#########################                                                 ] 35%
sbcl-bin	Install Roswell	2026-09-29T04:12:16.6434093Z [##########################                                                ] 35%
sbcl-bin	Install Roswell	2026-09-29T04:12:16.6435497Z [##########################                                                ] 36%
sbcl-bin	Install Roswell	2026-09-29T04:12:16.6438301Z [###########################                                               ] 36%
sbcl-bin	Install Roswell	2026-09-29T04:12:16.6439911Z [###########################                                               ] 37%
sbcl-bin	Install Roswell	2026-09-29T04:12:16.6440592Z [############################                                              ] 37%
sbcl-bin	Install Roswell	2026-09-29T04:12:16.6450908Z [############################                                              ] 38%
sbcl-bin	Install Roswell	2026-09-29T04:12:16.6520671Z [############################                                              ] 39%
sbcl-bin	Install Roswell	2026-09-29T04:12:16.6522961Z [#############################                                             ] 39%
sbcl-bin	Install Roswell	2026-09-29T04:12:16.6523809Z [#############################                                             ] 40%
sbcl-bin	Install Roswell	2026-09-29T04:12:16.6525191Z [##############################                                            ] 40%
sbcl-bin	Install Roswell	2026-09-29T04:12:16.6527065Z [##############################                                            ] 41%
sbcl-bin	Install Roswell	2026-09-29T04:12:16.6527676Z [###############################                                           ] 41%
sbcl-bin	Install Roswell	2026-09-29T04:12:16.6529566Z [###############################                                           ] 42%
sbcl-bin	Install Roswell	2026-09-29T04:12:16.6530350Z [###############################                                           ] 43%
sbcl-bin	Install Roswell	2026-09-29T04:12:16.6532409Z [################################                                          ] 43%
sbcl-bin	Install Roswell	2026-09-29T04:12:16.6533557Z [################################                                          ] 44%
sbcl-bin	Install Roswell	2026-09-29T04:12:16.6534533Z [#################################                                         ] 44%
sbcl-bin	Install Roswell	2026-09-29T04:12:16.6536630Z [#################################                                         ] 45%
sbcl-bin	Install Roswell	2026-09-29T04:12:16.6537575Z [##################################                                        ] 45%
sbcl-bin	Install Roswell	2026-09-29T04:12:16.6539103Z [##################################                                        ] 46%
sbcl-bin	Install Roswell	2026-09-29T04:12:16.6539826Z [##################################                                        ] 47%
sbcl-bin	Install Roswell	2026-09-29T04:12:16.6542721Z [###################################                                       ] 47%
sbcl-bin	Install Roswell	2026-09-29T04:12:16.6559026Z [###################################                                       ] 48%
sbcl-bin	Install Roswell	2026-09-29T04:12:16.6559649Z [####################################                                      ] 48%
sbcl-bin	Install Roswell	2026-09-29T04:12:16.6560017Z [####################################                                      ] 49%
sbcl-bin	Install Roswell	2026-09-29T04:12:16.6560370Z [#####################################                                     ] 50%
sbcl-bin	Install Roswell	2026-09-29T04:12:16.6560706Z [#####################################                                     ] 51%
sbcl-bin	Install Roswell	2026-09-29T04:12:16.6561567Z [######################################                                    ] 51%
sbcl-bin	Install Roswell	2026-09-29T04:12:16.6562187Z [######################################                                    ] 52%
sbcl-bin	Install Roswell	2026-09-29T04:12:16.6562819Z [#######################################                                   ] 52%
sbcl-bin	Install Roswell	2026-09-29T04:12:16.6563411Z [#######################################                                   ] 53%
sbcl-bin	Install Roswell	2026-09-29T04:12:16.6587740Z [########################################                                  ] 54%
sbcl-bin	Install Roswell	2026-09-29T04:12:16.6588408Z [########################################                                  ] 55%
sbcl-bin	Install Roswell	2026-09-29T04:12:16.6591215Z [#########################################                                 ] 55%
sbcl-bin	Install Roswell	2026-09-29T04:12:16.6593524Z [#########################################                                 ] 56%
sbcl-bin	Install Roswell	2026-09-29T04:12:16.6594147Z [##########################################                                ] 56%
sbcl-bin	Install Roswell	2026-09-29T04:12:16.6596308Z [##########################################                                ] 57%
sbcl-bin	Install Roswell	2026-09-29T04:12:16.6596943Z [##########################################                                ] 58%
sbcl-bin	Install Roswell	2026-09-29T04:12:16.6598386Z [###########################################                               ] 58%
sbcl-bin	Install Roswell	2026-09-29T04:12:16.6599472Z [###########################################                               ] 59%
sbcl-bin	Install Roswell	2026-09-29T04:12:16.6602834Z [############################################                              ] 59%
sbcl-bin	Install Roswell	2026-09-29T04:12:16.6605532Z [############################################                              ] 60%
sbcl-bin	Install Roswell	2026-09-29T04:12:16.6606157Z [#############################################                             ] 60%
sbcl-bin	Install Roswell	2026-09-29T04:12:16.6607729Z [#############################################                             ] 61%
sbcl-bin	Install Roswell	2026-09-29T04:12:16.6608327Z [#############################################                             ] 62%
sbcl-bin	Install Roswell	2026-09-29T04:12:16.6610143Z [##############################################                            ] 62%
sbcl-bin	Install Roswell	2026-09-29T04:12:16.6611394Z [##############################################                            ] 63%
sbcl-bin	Install Roswell	2026-09-29T04:12:16.6612592Z [###############################################                           ] 63%
sbcl-bin	Install Roswell	2026-09-29T04:12:16.6614825Z [###############################################                           ] 64%
sbcl-bin	Install Roswell	2026-09-29T04:12:16.6615434Z [################################################                          ] 64%
sbcl-bin	Install Roswell	2026-09-29T04:12:16.6624895Z [################################################                          ] 65%
sbcl-bin	Install Roswell	2026-09-29T04:12:16.6649181Z [################################################                          ] 66%
sbcl-bin	Install Roswell	2026-09-29T04:12:16.6650218Z [#################################################                         ] 66%
sbcl-bin	Install Roswell	2026-09-29T04:12:16.6651336Z [#################################################                         ] 67%
sbcl-bin	Install Roswell	2026-09-29T04:12:16.6652135Z [##################################################                        ] 67%
sbcl-bin	Install Roswell	2026-09-29T04:12:16.6653197Z [##################################################                        ] 68%
sbcl-bin	Install Roswell	2026-09-29T04:12:16.6653993Z [###################################################                       ] 68%
sbcl-bin	Install Roswell	2026-09-29T04:12:16.6654785Z [###################################################                       ] 69%
sbcl-bin	Install Roswell	2026-09-29T04:12:16.6655572Z [###################################################                       ] 70%
sbcl-bin	Install Roswell	2026-09-29T04:12:16.6656348Z [####################################################                      ] 70%
sbcl-bin	Install Roswell	2026-09-29T04:12:16.6657124Z [####################################################                      ] 71%
sbcl-bin	Install Roswell	2026-09-29T04:12:16.6657618Z [#####################################################                     ] 71%
sbcl-bin	Install Roswell	2026-09-29T04:12:16.6720678Z [#####################################################                     ] 72%
sbcl-bin	Install Roswell	2026-09-29T04:12:16.6721574Z [######################################################                    ] 72%
sbcl-bin	Install Roswell	2026-09-29T04:12:16.6722912Z [######################################################                    ] 73%
sbcl-bin	Install Roswell	2026-09-29T04:12:16.6723553Z [######################################################                    ] 74%
sbcl-bin	Install Roswell	2026-09-29T04:12:16.6725138Z [#######################################################                   ] 74%
sbcl-bin	Install Roswell	2026-09-29T04:12:16.6726499Z [#######################################################                   ] 75%
sbcl-bin	Install Roswell	2026-09-29T04:12:16.6727329Z [########################################################                  ] 75%
sbcl-bin	Install Roswell	2026-09-29T04:12:16.6729536Z [########################################################                  ] 76%
sbcl-bin	Install Roswell	2026-09-29T04:12:16.6732102Z [#########################################################                 ] 77%
sbcl-bin	Install Roswell	2026-09-29T04:12:16.6732880Z [#########################################################                 ] 78%
sbcl-bin	Install Roswell	2026-09-29T04:12:16.6734225Z [##########################################################                ] 78%
sbcl-bin	Install Roswell	2026-09-29T04:12:16.6735799Z [##########################################################                ] 79%
sbcl-bin	Install Roswell	2026-09-29T04:12:16.6736647Z [###########################################################               ] 79%
sbcl-bin	Install Roswell	2026-09-29T04:12:16.6738754Z [###########################################################               ] 80%
sbcl-bin	Install Roswell	2026-09-29T04:12:16.6739672Z [###########################################################               ] 81%
sbcl-bin	Install Roswell	2026-09-29T04:12:16.6741178Z [############################################################              ] 81%
sbcl-bin	Install Roswell	2026-09-29T04:12:16.6742240Z [############################################################              ] 82%
sbcl-bin	Install Roswell	2026-09-29T04:12:16.6743702Z [#############################################################             ] 82%
sbcl-bin	Install Roswell	2026-09-29T04:12:16.6745326Z [#############################################################             ] 83%
sbcl-bin	Install Roswell	2026-09-29T04:12:16.6745939Z [##############################################################            ] 83%
sbcl-bin	Install Roswell	2026-09-29T04:12:16.6748108Z [##############################################################            ] 84%
sbcl-bin	Install Roswell	2026-09-29T04:12:16.6748822Z [##############################################################            ] 85%
sbcl-bin	Install Roswell	2026-09-29T04:12:16.6750237Z [###############################################################           ] 85%
sbcl-bin	Install Roswell	2026-09-29T04:12:16.6751637Z [###############################################################           ] 86%
sbcl-bin	Install Roswell	2026-09-29T04:12:16.6752832Z [################################################################          ] 86%
sbcl-bin	Install Roswell	2026-09-29T04:12:16.6754694Z [################################################################          ] 87%
sbcl-bin	Install Roswell	2026-09-29T04:12:16.6755400Z [#################################################################         ] 87%
sbcl-bin	Install Roswell	2026-09-29T04:12:16.6757275Z [#################################################################         ] 88%
sbcl-bin	Install Roswell	2026-09-29T04:12:16.6757895Z [#################################################################         ] 89%
sbcl-bin	Install Roswell	2026-09-29T04:12:16.6759653Z [##################################################################        ] 89%
sbcl-bin	Install Roswell	2026-09-29T04:12:16.6761006Z [##################################################################        ] 90%
sbcl-bin	Install Roswell	2026-09-29T04:12:16.6762019Z [###################################################################       ] 90%
sbcl-bin	Install Roswell	2026-09-29T04:12:16.6764177Z [###################################################################       ] 91%
sbcl-bin	Install Roswell	2026-09-29T04:12:16.6764892Z [####################################################################      ] 91%
sbcl-bin	Install Roswell	2026-09-29T04:12:16.6766514Z [####################################################################      ] 92%
sbcl-bin	Install Roswell	2026-09-29T04:12:16.6767355Z [####################################################################      ] 93%
sbcl-bin	Install Roswell	2026-09-29T04:12:16.6768980Z [#####################################################################     ] 93%
sbcl-bin	Install Roswell	2026-09-29T04:12:16.6770399Z [#####################################################################     ] 94%
sbcl-bin	Install Roswell	2026-09-29T04:12:16.6771611Z [######################################################################    ] 94%
sbcl-bin	Install Roswell	2026-09-29T04:12:16.6773640Z [######################################################################    ] 95%
sbcl-bin	Install Roswell	2026-09-29T04:12:16.6776007Z [#######################################################################   ] 96%
sbcl-bin	Install Roswell	2026-09-29T04:12:16.6776748Z [#######################################################################   ] 97%
sbcl-bin	Install Roswell	2026-09-29T04:12:16.6778161Z [########################################################################  ] 97%
sbcl-bin	Install Roswell	2026-09-29T04:12:16.6779606Z [########################################################################  ] 98%
sbcl-bin	Install Roswell	2026-09-29T04:12:16.6780527Z [######################################################################### ] 98%
sbcl-bin	Install Roswell	2026-09-29T04:12:16.6782853Z [######################################################################### ] 99%
sbcl-bin	Install Roswell	2026-09-29T04:12:16.6804664Z [##########################################################################]100%
sbcl-bin	Install Roswell	2026-09-29T04:12:16.6888389Z No SBCL version specified. Downloading sbcl-bin_uri.tsv to see the available versions...
sbcl-bin	Install Roswell	2026-09-29T04:12:16.6889261Z Installing sbcl-bin/2.6.9...
sbcl-bin	Install Roswell	2026-09-29T04:12:16.6890157Z Downloading https://github.com/roswell/sbcl_bin/releases/download/2.6.9/sbcl-2.6.9-x86-64-linux-binary.tar.bz2
sbcl-bin	Install Roswell	2026-09-29T04:12:16.6891716Z Extracting sbcl-bin-2.6.9-x86-64-linux.tar.bz2 to /home/runner/.roswell/src/sbcl-2.6.9-x86-64-linux/
sbcl-bin	Install Roswell	2026-09-29T04:12:18.5782248Z No SBCL version specified. Downloading sbcl-bin_uri.tsv to see the available versions...
sbcl-bin	Install Roswell	2026-09-29T04:12:18.5783100Z Installing sbcl-bin/2.6.9...
sbcl-bin	Install Roswell	2026-09-29T04:12:18.5783952Z Downloading https://github.com/roswell/sbcl_bin/releases/download/2.6.9/sbcl-2.6.9-x86-64-linux-binary.tar.bz2
sbcl-bin	Install Roswell	2026-09-29T04:12:18.5785174Z Extracting sbcl-bin-2.6.9-x86-64-linux.tar.bz2 to /home/runner/.roswell/src/sbcl-2.6.9-x86-64-linux/
sbcl-bin	Install Roswell	2026-09-29T04:12:18.5834037Z No SBCL version specified. Downloading sbcl-bin_uri.tsv to see the available versions...
sbcl-bin	Install Roswell	2026-09-29T04:12:18.5834678Z Installing sbcl-bin/2.6.9...
sbcl-bin	Install Roswell	2026-09-29T04:12:18.5835350Z Downloading https://github.com/roswell/sbcl_bin/releases/download/2.6.9/sbcl-2.6.9-x86-64-linux-binary.tar.bz2
sbcl-bin	Install Roswell	2026-09-29T04:12:18.5836362Z Extracting sbcl-bin-2.6.9-x86-64-linux.tar.bz2 to /home/runner/.roswell/src/sbcl-2.6.9-x86-64-linux/
sbcl-bin	Install Roswell	2026-09-29T04:12:19.0013920Z Building sbcl-bin/2.6.9...patchelf sbcl Done.Install Script for sbcl-bin...
sbcl-bin	Install Roswell	2026-09-29T04:12:41.2968545Z Installing Quicklisp... Done 10945
sbcl-bin	Install Roswell	2026-09-29T04:12:41.3462760Z Making core for Roswell...
sbcl-bin	Install Roswell	2026-09-29T04:12:42.0454602Z $ ros quicklisp.dist=http://beta.quicklisp.org/dist/quicklisp.txt setup
sbcl-bin	Install Roswell	2026-09-29T04:12:42.6465879Z 
sbcl-bin	Install Roswell	2026-09-29T04:12:42.6466419Z $ ros version
sbcl-bin	Install Roswell	2026-09-29T04:12:42.8281840Z roswell 26.02.116(NO-GIT-REVISION)
sbcl-bin	Install Roswell	2026-09-29T04:12:42.8282409Z build with gcc (Ubuntu 13.3.0-6ubuntu2~24.04.1) 13.3.0
sbcl-bin	Install Roswell	2026-09-29T04:12:42.8282837Z libcurl=8.5.0
sbcl-bin	Install Roswell	2026-09-29T04:12:42.8371335Z Quicklisp=2021-02-13
sbcl-bin	Install Roswell	2026-09-29T04:12:42.8371820Z Dist=2026-01-01
sbcl-bin	Install Roswell	2026-09-29T04:12:42.8372135Z lispdir='/usr/etc/roswell/'
sbcl-bin	Install Roswell	2026-09-29T04:12:42.8372559Z homedir='/home/runner/.roswell/'
sbcl-bin	Install Roswell	2026-09-29T04:12:42.8372984Z sbcl-bin-variant=''
sbcl-bin	Install Roswell	2026-09-29T04:12:42.8379651Z 
sbcl-bin	Install Roswell	2026-09-29T04:12:43.3524817Z SBCL 2.6.9.roswell up and running! (ASDF 3.3.1)
sbcl-bin	Install Roswell	2026-09-29T04:12:43.3525998Z 
sbcl-bin	Install Roswell	2026-09-29T04:12:43.3578083Z ASDF source registry configurations at /home/runner/.config/common-lisp/source-registry.conf.d/ci.conf.
sbcl-bin	Install frozen Quicklisp distribution	﻿2026-09-29T04:12:43.3615071Z ##[group]Run ros -e '(ql-dist:install-dist "http://beta.quicklisp.org/dist/quicklisp/2026-01-01/distinfo.txt" :prompt nil :replace t)'
sbcl-bin	Install frozen Quicklisp distribution	2026-09-29T04:12:43.3616072Z ^[[36;1mros -e '(ql-dist:install-dist "http://beta.quicklisp.org/dist/quicklisp/2026-01-01/distinfo.txt" :prompt nil :replace t)'^[[0m
sbcl-bin	Install frozen Quicklisp distribution	2026-09-29T04:12:43.3681787Z shell: /usr/bin/bash -e {0}
sbcl-bin	Install frozen Quicklisp distribution	2026-09-29T04:12:43.3682056Z ##[endgroup]
sbcl-bin	Install frozen Quicklisp distribution	2026-09-29T04:12:43.9459035Z Downloading http://beta.quicklisp.org/dist/quicklisp/2026-01-01/distinfo.txt
sbcl-bin	Install frozen Quicklisp distribution	2026-09-29T04:12:43.9459847Z ##########################################################################
sbcl-bin	Install frozen Quicklisp distribution	2026-09-29T04:12:44.0869925Z Installing dist "quicklisp" version "2026-01-01".
sbcl-bin	Install frozen Quicklisp distribution	2026-09-29T04:12:44.1402124Z Downloading http://beta.quicklisp.org/dist/quicklisp/2026-01-01/releases.txt
sbcl-bin	Install frozen Quicklisp distribution	2026-09-29T04:12:44.1402820Z ##########################################################################
sbcl-bin	Install frozen Quicklisp distribution	2026-09-29T04:12:44.1800035Z Downloading http://beta.quicklisp.org/dist/quicklisp/2026-01-01/systems.txt
sbcl-bin	Install frozen Quicklisp distribution	2026-09-29T04:12:44.1800911Z ##########################################################################
sbcl-bin	Install Rove	﻿2026-09-29T04:12:44.2113244Z ##[group]Run ros install rove
sbcl-bin	Install Rove	2026-09-29T04:12:44.2113559Z ^[[36;1mros install rove^[[0m
sbcl-bin	Install Rove	2026-09-29T04:12:44.2177893Z shell: /usr/bin/bash -e {0}
sbcl-bin	Install Rove	2026-09-29T04:12:44.2178170Z ##[endgroup]
sbcl-bin	Install Rove	2026-09-29T04:12:45.4933939Z To load "rove":
sbcl-bin	Install Rove	2026-09-29T04:12:45.4934520Z   Load 2 ASDF systems:
sbcl-bin	Install Rove	2026-09-29T04:12:45.4935139Z     asdf cl-ppcre
sbcl-bin	Install Rove	2026-09-29T04:12:45.4935565Z   Install 8 Quicklisp releases:
sbcl-bin	Install Rove	2026-09-29T04:12:45.4936212Z     alexandria bordeaux-threads dissect global-vars rove
sbcl-bin	Install Rove	2026-09-29T04:12:45.4937000Z     trivial-features trivial-garbage trivial-gray-streams
sbcl-bin	Install Rove	2026-09-29T04:12:45.5365616Z Downloading http://beta.quicklisp.org/archive/trivial-gray-streams/2024-10-12/trivial-gray-streams-20241012-git.tgz
sbcl-bin	Install Rove	2026-09-29T04:12:45.5366529Z ##########################################################################
sbcl-bin	Install Rove	2026-09-29T04:12:45.5988325Z Downloading http://beta.quicklisp.org/archive/dissect/2026-01-01/dissect-20260101-git.tgz
sbcl-bin	Install Rove	2026-09-29T04:12:45.5989207Z ##########################################################################
sbcl-bin	Install Rove	2026-09-29T04:12:45.6622125Z Downloading http://beta.quicklisp.org/archive/trivial-garbage/2023-10-21/trivial-garbage-20231021-git.tgz
sbcl-bin	Install Rove	2026-09-29T04:12:45.6623148Z ##########################################################################
sbcl-bin	Install Rove	2026-09-29T04:12:45.7249229Z Downloading http://beta.quicklisp.org/archive/trivial-features/2025-06-22/trivial-features-20250622-git.tgz
sbcl-bin	Install Rove	2026-09-29T04:12:45.7250134Z ##########################################################################
sbcl-bin	Install Rove	2026-09-29T04:12:45.7909167Z Downloading http://beta.quicklisp.org/archive/global-vars/2014-11-06/global-vars-20141106-git.tgz
sbcl-bin	Install Rove	2026-09-29T04:12:45.7910302Z ##########################################################################
sbcl-bin	Install Rove	2026-09-29T04:12:45.8571980Z Downloading http://beta.quicklisp.org/archive/alexandria/2024-10-12/alexandria-20241012-git.tgz
sbcl-bin	Install Rove	2026-09-29T04:12:45.8573010Z ##########################################################################
sbcl-bin	Install Rove	2026-09-29T04:12:45.9577963Z Downloading http://beta.quicklisp.org/archive/bordeaux-threads/2024-10-12/bordeaux-threads-v0.9.4.tgz
sbcl-bin	Install Rove	2026-09-29T04:12:45.9578815Z ##########################################################################
sbcl-bin	Install Rove	2026-09-29T04:12:46.0507548Z Downloading http://beta.quicklisp.org/archive/rove/2026-01-01/rove-20260101-git.tgz
sbcl-bin	Install Rove	2026-09-29T04:12:46.0508581Z ##########################################################################
sbcl-bin	Install Rove	2026-09-29T04:12:46.0801459Z ; Loading "rove"
sbcl-bin	Install Rove	2026-09-29T04:12:46.1222752Z ..................................................
sbcl-bin	Install Rove	2026-09-29T04:12:46.1527626Z [package rove/core/result]........................
sbcl-bin	Install Rove	2026-09-29T04:12:46.2012124Z [package rove/stats]..............................
sbcl-bin	Install Rove	2026-09-29T04:12:46.2910315Z [package dissect].................................
sbcl-bin	Install Rove	2026-09-29T04:12:46.3359249Z [package rove/core/assertion].....................
sbcl-bin	Install Rove	2026-09-29T04:12:46.3565737Z [package rove/core/suite/file]....................
sbcl-bin	Install Rove	2026-09-29T04:12:46.3803767Z [package rove/core/suite/package].................
sbcl-bin	Install Rove	2026-09-29T04:12:46.4021697Z [package rove/core/test]..........................
sbcl-bin	Install Rove	2026-09-29T04:12:46.4149724Z [package rove/core/suite].........................
sbcl-bin	Install Rove	2026-09-29T04:12:46.4256696Z [package rove/reporter/registry]..................
sbcl-bin	Install Rove	2026-09-29T04:12:46.4390135Z [package global-vars].............................
sbcl-bin	Install Rove	2026-09-29T04:12:46.4571902Z [package trivial-garbage].........................
sbcl-bin	Install Rove	2026-09-29T04:12:46.5462239Z [package bordeaux-threads]........................
sbcl-bin	Install Rove	2026-09-29T04:12:46.6707755Z [package bt2].....................................
sbcl-bin	Install Rove	2026-09-29T04:12:46.6952760Z [package rove/reporter]...........................
sbcl-bin	Install Rove	2026-09-29T04:12:46.7016635Z [package rove/misc/color].........................
sbcl-bin	Install Rove	2026-09-29T04:12:46.7145049Z [package rove/misc/stream]........................
sbcl-bin	Install Rove	2026-09-29T04:12:46.7429031Z [package rove/utils/reporter].....................
sbcl-bin	Install Rove	2026-09-29T04:12:46.7746727Z [package rove/reporter/spec]......................
sbcl-bin	Install Rove	2026-09-29T04:12:46.8087516Z [1/3] System 'rove' found. Loading the system..
sbcl-bin	Install Rove	2026-09-29T04:12:46.8088522Z [package rove/reporter/dot]..
sbcl-bin	Install Rove	2026-09-29T04:12:46.8088980Z [2/3] Processing build-hook..
sbcl-bin	Install Rove	2026-09-29T04:12:46.8089634Z [3/3] Attempting to install the scripts in roswell/ subdirectory of the system...
sbcl-bin	Install Rove	2026-09-29T04:12:46.8100557Z Found 1 scripts: rove
sbcl-bin	Install Rove	2026-09-29T04:12:46.8102942Z /home/runner/.roswell/bin/rove
sbcl-bin	Run tests	﻿2026-09-29T04:12:47.4174109Z ##[group]Run ulimit -n 256
sbcl-bin	Run tests	2026-09-29T04:12:47.4174443Z ^[[36;1mulimit -n 256^[[0m
sbcl-bin	Run tests	2026-09-29T04:12:47.4174695Z ^[[36;1mPATH="$HOME/.roswell/bin:$PATH"^[[0m
sbcl-bin	Run tests	2026-09-29T04:12:47.4174974Z ^[[36;1mexport PATH^[[0m
sbcl-bin	Run tests	2026-09-29T04:12:47.4175210Z ^[[36;1mros dynamic-space-size=4096 \^[[0m
sbcl-bin	Run tests	2026-09-29T04:12:47.4175551Z ^[[36;1m  -e '(push (truename "./") asdf:*central-registry*)' \^[[0m
sbcl-bin	Run tests	2026-09-29T04:12:47.4175911Z ^[[36;1m  -s woo-test \^[[0m
sbcl-bin	Run tests	2026-09-29T04:12:47.4176200Z ^[[36;1m  -e '(unless (rove:run :woo-test) (uiop:quit 1))'^[[0m
sbcl-bin	Run tests	2026-09-29T04:12:47.4241206Z shell: /usr/bin/bash -e {0}
sbcl-bin	Run tests	2026-09-29T04:12:47.4241468Z env:
sbcl-bin	Run tests	2026-09-29T04:12:47.4241664Z   LISP: sbcl-bin
sbcl-bin	Run tests	2026-09-29T04:12:47.4241872Z ##[endgroup]
sbcl-bin	Run tests	2026-09-29T04:12:47.9375942Z While evaluating the form starting at line 1, column 0
sbcl-bin	Run tests	2026-09-29T04:12:47.9376636Z   of #P"/home/runner/work/woo/woo/woo.asd":
sbcl-bin	Run tests	2026-09-29T04:12:47.9376998Z ; 
sbcl-bin	Run tests	2026-09-29T04:12:47.9377235Z ; compilation unit aborted
sbcl-bin	Run tests	2026-09-29T04:12:47.9377538Z ;   caught 1 fatal ERROR condition
sbcl-bin	Run tests	2026-09-29T04:13:13.3694441Z ; cc -o /home/runner/.cache/common-lisp/sbcl-2.6.9.roswell-linux-x64/home/runner/work/woo/woo/src/syscall/types__grovel-tmp4FJCN3GX.o -c -g -Wall -Wundef -Wsign-compare -Wpointer-arith -O3 -D_LARGEFILE_SOURCE -D_LARGEFILE64_SOURCE -D_FILE_OFFSET_BITS=64 -Wunused-parameter -fno-omit-frame-pointer -momit-leaf-frame-pointer -fPIC -I/home/runner/.roswell/lisp/quicklisp/dists/quicklisp/software/cffi-20260101-git/ /home/runner/.cache/common-lisp/sbcl-2.6.9.roswell-linux-x64/home/runner/work/woo/woo/src/syscall/types__grovel.c
sbcl-bin	Run tests	2026-09-29T04:13:13.4031100Z /home/runner/.cache/common-lisp/sbcl-2.6.9.roswell-linux-x64/home/runner/work/woo/woo/src/syscall/types__grovel.c: In function ‘main’:
sbcl-bin	Run tests	2026-09-29T04:13:13.4033037Z /home/runner/.cache/common-lisp/sbcl-2.6.9.roswell-linux-x64/home/runner/work/woo/woo/src/syscall/types__grovel.c:13:7: warning: unused variable ‘autotype_tmp’ [-Wunused-variable]
sbcl-bin	Run tests	2026-09-29T04:13:13.4034220Z    13 |   int autotype_tmp;
sbcl-bin	Run tests	2026-09-29T04:13:13.4034551Z       |       ^~~~~~~~~~~~
sbcl-bin	Run tests	2026-09-29T04:13:13.4545475Z ; cc -o /home/runner/.cache/common-lisp/sbcl-2.6.9.roswell-linux-x64/home/runner/work/woo/woo/src/syscall/types__grovel-tmpWO4JLIQB -g -Wl,--export-dynamic /home/runner/.cache/common-lisp/sbcl-2.6.9.roswell-linux-x64/home/runner/work/woo/woo/src/syscall/types__grovel.o
sbcl-bin	Run tests	2026-09-29T04:13:13.4769745Z ; /home/runner/.cache/common-lisp/sbcl-2.6.9.roswell-linux-x64/home/runner/work/woo/woo/src/syscall/types__grovel /home/runner/.cache/common-lisp/sbcl-2.6.9.roswell-linux-x64/home/runner/work/woo/woo/src/syscall/types__grovel.grovel-tmp.lisp
sbcl-bin	Run tests	2026-09-29T04:13:13.5288311Z ; cc -o /home/runner/.cache/common-lisp/sbcl-2.6.9.roswell-linux-x64/home/runner/work/woo/woo/src/llsocket/grovel__grovel-tmpAMNCEZSG.o -c -g -Wall -Wundef -Wsign-compare -Wpointer-arith -O3 -D_LARGEFILE_SOURCE -D_LARGEFILE64_SOURCE -D_FILE_OFFSET_BITS=64 -Wunused-parameter -fno-omit-frame-pointer -momit-leaf-frame-pointer -fPIC -I/home/runner/.roswell/lisp/quicklisp/dists/quicklisp/software/cffi-20260101-git/ /home/runner/.cache/common-lisp/sbcl-2.6.9.roswell-linux-x64/home/runner/work/woo/woo/src/llsocket/grovel__grovel.c
sbcl-bin	Run tests	2026-09-29T04:13:13.5787684Z /home/runner/.cache/common-lisp/sbcl-2.6.9.roswell-linux-x64/home/runner/work/woo/woo/src/llsocket/grovel__grovel.c: In function ‘main’:
sbcl-bin	Run tests	2026-09-29T04:13:13.5789330Z /home/runner/.cache/common-lisp/sbcl-2.6.9.roswell-linux-x64/home/runner/work/woo/woo/src/llsocket/grovel__grovel.c:14:7: warning: unused variable ‘autotype_tmp’ [-Wunused-variable]
sbcl-bin	Run tests	2026-09-29T04:13:13.5790342Z    14 |   int autotype_tmp;
sbcl-bin	Run tests	2026-09-29T04:13:13.5790626Z       |       ^~~~~~~~~~~~
sbcl-bin	Run tests	2026-09-29T04:13:13.7160707Z ; cc -o /home/runner/.cache/common-lisp/sbcl-2.6.9.roswell-linux-x64/home/runner/work/woo/woo/src/llsocket/grovel__grovel-tmpVQGQLFW2 -g -Wl,--export-dynamic /home/runner/.cache/common-lisp/sbcl-2.6.9.roswell-linux-x64/home/runner/work/woo/woo/src/llsocket/grovel__grovel.o
sbcl-bin	Run tests	2026-09-29T04:13:13.7395262Z ; /home/runner/.cache/common-lisp/sbcl-2.6.9.roswell-linux-x64/home/runner/work/woo/woo/src/llsocket/grovel__grovel /home/runner/.cache/common-lisp/sbcl-2.6.9.roswell-linux-x64/home/runner/work/woo/woo/src/llsocket/grovel__grovel.grovel-tmp.lisp
sbcl-bin	Run tests	2026-09-29T04:13:52.9357013Z 
sbcl-bin	Run tests	2026-09-29T04:13:52.9357613Z Testing System woo-test
sbcl-bin	Run tests	2026-09-29T04:13:52.9379821Z 
sbcl-bin	Run tests	2026-09-29T04:13:52.9380084Z ;; testing 'woo-test.event-loop'
sbcl-bin	Run tests	2026-09-29T04:13:52.9381319Z ^[[37mevent-loop-backend-descriptors-close^[[0m
sbcl-bin	Run tests	2026-09-29T04:13:52.9418310Z   ^[[32m✓ ^[[0m^[[90mdescriptors before=6 after=6^[[0m
sbcl-bin	Run tests	2026-09-29T04:13:52.9449648Z 
sbcl-bin	Run tests	2026-09-29T04:13:52.9449902Z ;; testing 'woo-test'
sbcl-bin	Run tests	2026-09-29T04:13:52.9450533Z ^[[37mwoo-server-tests^[[0m
sbcl-bin	Run tests	2026-09-29T04:13:52.9517285Z 
sbcl-bin	Run tests	2026-09-29T04:13:52.9517540Z ;; testing 'clack.test.suite'
sbcl-bin	Run tests	2026-09-29T04:13:52.9518110Z ^[[37mresponse-tests^[[0m
sbcl-bin	Run tests	2026-09-29T04:13:52.9644165Z NOTICE: Running in debug mode. Debugger will be invoked on errors.
sbcl-bin	Run tests	2026-09-29T04:13:52.9844221Z   Specify ':debug nil' to turn it off on remote environments.  ^[[37mlist^[[0m
sbcl-bin	Run tests	2026-09-29T04:13:53.0446950Z     ^[[32m✓ ^[[0m^[[90mExpect (EQL STATUS 200) to be true.^[[0m
sbcl-bin	Run tests	2026-09-29T04:13:53.0448344Z     ^[[32m✓ ^[[0m^[[90mExpect (EQUAL BODY "HelloWorld") to be true.^[[0m
sbcl-bin	Run tests	2026-09-29T04:13:53.5472680Z NOTICE: Running in debug mode. Debugger will be invoked on errors.
sbcl-bin	Run tests	2026-09-29T04:13:53.6482659Z   Specify ':debug nil' to turn it off on remote environments.  ^[[37mpathname (plain/text)^[[0m
sbcl-bin	Run tests	2026-09-29T04:13:53.6517573Z     ^[[32m✓ ^[[0m^[[90mExpect (EQL STATUS 200) to be true.^[[0m
sbcl-bin	Run tests	2026-09-29T04:13:53.6518883Z     ^[[32m✓ ^[[0m^[[90mExpect (EQUAL (GET-HEADER HEADERS :CONTENT-TYPE) "text/plain; charset=utf-8") to be true.^[[0m
sbcl-bin	Run tests	2026-09-29T04:13:53.6557343Z     ^[[32m✓ ^[[0m^[[90mExpect (SCAN "This is a text for test." BODY) to be true.^[[0m
sbcl-bin	Run tests	2026-09-29T04:13:54.1565259Z NOTICE: Running in debug mode. Debugger will be invoked on errors.
sbcl-bin	Run tests	2026-09-29T04:13:54.2575260Z   Specify ':debug nil' to turn it off on remote environments.  ^[[37mpathname (binary)^[[0m
sbcl-bin	Run tests	2026-09-29T04:13:54.2581807Z     ^[[32m✓ ^[[0m^[[90mExpect (EQL STATUS 200) to be true.^[[0m
sbcl-bin	Run tests	2026-09-29T04:13:54.2582994Z     ^[[32m✓ ^[[0m^[[90mExpect (EQUAL (GET-HEADER HEADERS :CONTENT-TYPE) "image/png") to be true.^[[0m
sbcl-bin	Run tests	2026-09-29T04:13:54.2584241Z     ^[[32m✓ ^[[0m^[[90mExpect (GET-HEADER HEADERS :CONTENT-LENGTH) to be true.^[[0m
sbcl-bin	Run tests	2026-09-29T04:13:54.2585351Z     ^[[32m✓ ^[[0m^[[90mExpect (EQL (LENGTH BODY) 12155) to be true.^[[0m
sbcl-bin	Run tests	2026-09-29T04:13:54.7589440Z NOTICE: Running in debug mode. Debugger will be invoked on errors.
sbcl-bin	Run tests	2026-09-29T04:13:54.8597953Z   Specify ':debug nil' to turn it off on remote environments.  ^[[37mbigger file^[[0m
sbcl-bin	Run tests	2026-09-29T04:13:54.8605606Z     ^[[32m✓ ^[[0m^[[90mExpect (EQL STATUS 200) to be true.^[[0m
sbcl-bin	Run tests	2026-09-29T04:13:54.8606778Z     ^[[32m✓ ^[[0m^[[90mExpect (EQUAL (GET-HEADER HEADERS :CONTENT-TYPE) "image/jpeg") to be true.^[[0m
sbcl-bin	Run tests	2026-09-29T04:13:54.8607623Z     ^[[32m✓ ^[[0m^[[90mExpect (GET-HEADER HEADERS :CONTENT-LENGTH) to be true.^[[0m
sbcl-bin	Run tests	2026-09-29T04:13:54.8608273Z     ^[[32m✓ ^[[0m^[[90mExpect (EQL (LENGTH BODY) 139616) to be true.^[[0m
sbcl-bin	Run tests	2026-09-29T04:13:55.3613738Z NOTICE: Running in debug mode. Debugger will be invoked on errors.
sbcl-bin	Run tests	2026-09-29T04:13:55.4622908Z   Specify ':debug nil' to turn it off on remote environments.  ^[[37mmulti headers (response)^[[0m
sbcl-bin	Run tests	2026-09-29T04:13:55.4629042Z     ^[[32m✓ ^[[0m^[[90mExpect (SCAN "foo,\\s*bar,\\s*baz" (GET-HEADER HEADERS :X-FOO)) to be true.^[[0m
sbcl-bin	Run tests	2026-09-29T04:13:55.9635518Z NOTICE: Running in debug mode. Debugger will be invoked on errors.
sbcl-bin	Run tests	2026-09-29T04:13:56.0646396Z   Specify ':debug nil' to turn it off on remote environments.  ^[[37mno entity headers on 304^[[0m
sbcl-bin	Run tests	2026-09-29T04:13:56.0650523Z     ^[[32m✓ ^[[0m^[[90mExpect (EQL STATUS 304) to be true.^[[0m
sbcl-bin	Run tests	2026-09-29T04:13:56.0651875Z     ^[[32m✓ ^[[0m^[[90mExpect (EQUALP BODY #()) to be true.^[[0m
sbcl-bin	Run tests	2026-09-29T04:13:56.0652521Z     ^[[32m✓ ^[[0m^[[90mNo Content-Type^[[0m
sbcl-bin	Run tests	2026-09-29T04:13:56.0652968Z     ^[[32m✓ ^[[0m^[[90mNo Content-Length^[[0m
sbcl-bin	Run tests	2026-09-29T04:13:56.0653418Z     ^[[32m✓ ^[[0m^[[90mNo Transfer-Encoding^[[0m
sbcl-bin	Run tests	2026-09-29T04:13:56.5657204Z NOTICE: Running in debug mode. Debugger will be invoked on errors.
sbcl-bin	Run tests	2026-09-29T04:13:56.6666485Z   Specify ':debug nil' to turn it off on remote environments.  ^[[37mCRLF output^[[0m
sbcl-bin	Run tests	2026-09-29T04:13:56.6670928Z     ^[[32m✓ ^[[0m^[[90mExpect (EQL STATUS 200) to be true.^[[0m
sbcl-bin	Run tests	2026-09-29T04:13:56.6672295Z     ^[[32m✓ ^[[0m^[[90mExpect (NULL (GET-HEADER HEADERS :FOO)) to be true.^[[0m
sbcl-bin	Run tests	2026-09-29T04:13:56.6673238Z     ^[[32m✓ ^[[0m^[[90mExpect (EQUAL BODY
sbcl-bin	Run tests	2026-09-29T04:13:56.6673839Z                     (FORMAT NIL "Foo: Bar~A~A~A~AHello World" #\Return #\Newline
sbcl-bin	Run tests	2026-09-29T04:13:56.6674513Z                             #\Return #\Newline)) to be true.^[[0m
sbcl-bin	Run tests	2026-09-29T04:13:57.1680340Z NOTICE: Running in debug mode. Debugger will be invoked on errors.
sbcl-bin	Run tests	2026-09-29T04:13:57.2690037Z   Specify ':debug nil' to turn it off on remote environments.  ^[[37mtest 404^[[0m
sbcl-bin	Run tests	2026-09-29T04:13:57.2694697Z     ^[[32m✓ ^[[0m^[[90mExpect (EQL STATUS 404) to be true.^[[0m
sbcl-bin	Run tests	2026-09-29T04:13:57.2695472Z     ^[[32m✓ ^[[0m^[[90mExpect (EQUAL BODY "Not Found") to be true.^[[0m
sbcl-bin	Run tests	2026-09-29T04:13:57.7701111Z NOTICE: Running in debug mode. Debugger will be invoked on errors.
sbcl-bin	Run tests	2026-09-29T04:13:57.8711483Z   Specify ':debug nil' to turn it off on remote environments.  ^[[37mContent-Length 0 is not set Transfer-Encoding^[[0m
sbcl-bin	Run tests	2026-09-29T04:13:57.8714661Z     ^[[32m✓ ^[[0m^[[90mExpect (EQL STATUS 200) to be true.^[[0m
sbcl-bin	Run tests	2026-09-29T04:13:57.8716288Z     ^[[32m✓ ^[[0m^[[90mExpect (NULL (GET-HEADER HEADERS :CLIENT-TRANSFER-ENCODING)) to be true.^[[0m
sbcl-bin	Run tests	2026-09-29T04:13:57.8717030Z     ^[[32m✓ ^[[0m^[[90mExpect (EQUAL BODY "") to be true.^[[0m
sbcl-bin	Run tests	2026-09-29T04:13:58.3720578Z ^[[37menv-tests^[[0m
sbcl-bin	Run tests	2026-09-29T04:13:58.3721654Z NOTICE: Running in debug mode. Debugger will be invoked on errors.
sbcl-bin	Run tests	2026-09-29T04:13:58.4731541Z   Specify ':debug nil' to turn it off on remote environments.  ^[[37mSCRIPT-NAME^[[0m
sbcl-bin	Run tests	2026-09-29T04:13:58.4735546Z     ^[[32m✓ ^[[0m^[[90mExpect (MEMBER (DEXADOR:GET (LOCALHOST)) '(NIL "") :TEST #'EQUAL) to be true.^[[0m
sbcl-bin	Run tests	2026-09-29T04:13:58.9740541Z NOTICE: Running in debug mode. Debugger will be invoked on errors.
sbcl-bin	Run tests	2026-09-29T04:13:59.0751298Z   Specify ':debug nil' to turn it off on remote environments.  ^[[37murl-scheme^[[0m
sbcl-bin	Run tests	2026-09-29T04:13:59.0754825Z     ^[[32m✓ ^[[0m^[[90mExpect (EQL STATUS 200) to be true.^[[0m
sbcl-bin	Run tests	2026-09-29T04:13:59.0755898Z     ^[[32m✓ ^[[0m^[[90mExpect (EQUAL (GET-HEADER HEADERS :CONTENT-TYPE) "text/plain; charset=utf-8") to be true.^[[0m
sbcl-bin	Run tests	2026-09-29T04:13:59.0757041Z     ^[[32m✓ ^[[0m^[[90mExpect (EQUAL BODY "http") to be true.^[[0m
sbcl-bin	Run tests	2026-09-29T04:13:59.5760431Z NOTICE: Running in debug mode. Debugger will be invoked on errors.
sbcl-bin	Run tests	2026-09-29T04:13:59.6769210Z   Specify ':debug nil' to turn it off on remote environments.  ^[[37mhandle HTTP-Header^[[0m
sbcl-bin	Run tests	2026-09-29T04:13:59.6772698Z     ^[[32m✓ ^[[0m^[[90mExpect (EQL STATUS 200) to be true.^[[0m
sbcl-bin	Run tests	2026-09-29T04:13:59.6773554Z     ^[[32m✓ ^[[0m^[[90mExpect (EQUAL (GET-HEADER HEADERS :CONTENT-TYPE) "text/plain; charset=utf-8") to be true.^[[0m
sbcl-bin	Run tests	2026-09-29T04:13:59.6774907Z     ^[[32m✓ ^[[0m^[[90mExpect (EQUAL BODY "Bar") to be true.^[[0m
sbcl-bin	Run tests	2026-09-29T04:14:00.1778796Z NOTICE: Running in debug mode. Debugger will be invoked on errors.
sbcl-bin	Run tests	2026-09-29T04:14:00.2788631Z   Specify ':debug nil' to turn it off on remote environments.  ^[[37mvalidate env^[[0m
sbcl-bin	Run tests	2026-09-29T04:14:00.2792826Z     ^[[32m✓ ^[[0m^[[90mExpect (EQL STATUS 200) to be true.^[[0m
sbcl-bin	Run tests	2026-09-29T04:14:00.2793998Z     ^[[32m✓ ^[[0m^[[90mExpect (EQUAL (GET-HEADER HEADERS :CONTENT-TYPE) "text/plain; charset=utf-8") to be true.^[[0m
sbcl-bin	Run tests	2026-09-29T04:14:00.2794944Z     ^[[32m✓ ^[[0m^[[90mExpect (EQUAL BODY
sbcl-bin	Run tests	2026-09-29T04:14:00.2795320Z                     (FORMAT NIL "~{~A~%~}"
sbcl-bin	Run tests	2026-09-29T04:14:00.2802412Z                             `("REQUEST-METHOD::GET" "PATH-INFO:\"/foo/\""
sbcl-bin	Run tests	2026-09-29T04:14:00.2802844Z                               "QUERY-STRING:\"ediweitz=weitzedi\""
sbcl-bin	Run tests	2026-09-29T04:14:00.2803184Z                               "SERVER-NAME:\"127.0.0.1\""
sbcl-bin	Run tests	2026-09-29T04:14:00.2803497Z                               ,(FORMAT NIL "SERVER-PORT:~D"
sbcl-bin	Run tests	2026-09-29T04:14:00.2803965Z                                        *CLACK-TEST-ACCESS-PORT*)))) to be true.^[[0m
sbcl-bin	Run tests	2026-09-29T04:14:00.7798551Z NOTICE: Running in debug mode. Debugger will be invoked on errors.
sbcl-bin	Run tests	2026-09-29T04:14:00.8808460Z   Specify ':debug nil' to turn it off on remote environments.  ^[[37mvalidate env (must be integer)^[[0m
sbcl-bin	Run tests	2026-09-29T04:14:00.8812490Z     ^[[32m✓ ^[[0m^[[90mExpect (EQL STATUS 200) to be true.^[[0m
sbcl-bin	Run tests	2026-09-29T04:14:00.8813726Z     ^[[32m✓ ^[[0m^[[90mExpect (EQUAL (GET-HEADER HEADERS :CONTENT-TYPE) "text/plain; charset=utf-8") to be true.^[[0m
sbcl-bin	Run tests	2026-09-29T04:14:00.8814619Z     ^[[32m✓ ^[[0m^[[90mExpect (EQUAL BODY
sbcl-bin	Run tests	2026-09-29T04:14:00.8814984Z                     (FORMAT NIL "~{~{~A:~A~%~}~}"
sbcl-bin	Run tests	2026-09-29T04:14:00.8815619Z                             `((:SERVER-PORT T) (:REMOTE-PORT T) (:CONTENT-LENGTH T)))) to be true.^[[0m
sbcl-bin	Run tests	2026-09-29T04:14:01.3819393Z NOTICE: Running in debug mode. Debugger will be invoked on errors.
sbcl-bin	Run tests	2026-09-29T04:14:01.4829196Z   Specify ':debug nil' to turn it off on remote environments.  ^[[37m% encoding in PATH-INFO^[[0m
sbcl-bin	Run tests	2026-09-29T04:14:01.4834348Z     ^[[32m✓ ^[[0m^[[90mExpect (EQUAL (DEXADOR:GET (LOCALHOST "/foo/bar%2cbaz")) "/foo/bar,baz") to be true.^[[0m
sbcl-bin	Run tests	2026-09-29T04:14:01.9839480Z NOTICE: Running in debug mode. Debugger will be invoked on errors.
sbcl-bin	Run tests	2026-09-29T04:14:02.0849637Z   Specify ':debug nil' to turn it off on remote environments.  ^[[37m% double encoding in PATH-INFO^[[0m
sbcl-bin	Run tests	2026-09-29T04:14:02.0854311Z     ^[[32m✓ ^[[0m^[[90mExpect (EQUAL (DEXADOR:GET (LOCALHOST "/foo/bar%252cbaz")) "/foo/bar%2cbaz") to be true.^[[0m
sbcl-bin	Run tests	2026-09-29T04:14:02.5859852Z NOTICE: Running in debug mode. Debugger will be invoked on errors.
sbcl-bin	Run tests	2026-09-29T04:14:02.6869418Z   Specify ':debug nil' to turn it off on remote environments.  ^[[37m% encoding in PATH-INFO (outside of URI characters)^[[0m
sbcl-bin	Run tests	2026-09-29T04:14:02.6917532Z     ^[[32m✓ ^[[0m^[[90mExpect (EQUAL (DEXADOR:GET (LOCALHOST "/foo%E3%81%82"))
sbcl-bin	Run tests	2026-09-29T04:14:02.6917989Z                     (FORMAT NIL "/foo~A"
sbcl-bin	Run tests	2026-09-29T04:14:02.6918347Z                             (OCTETS-TO-STRING #(227 129 130) :EXTERNAL-FORMAT
sbcl-bin	Run tests	2026-09-29T04:14:02.6918786Z                                               :UTF-8))) to be true.^[[0m
sbcl-bin	Run tests	2026-09-29T04:14:03.1923865Z NOTICE: Running in debug mode. Debugger will be invoked on errors.
sbcl-bin	Run tests	2026-09-29T04:14:03.2934099Z   Specify ':debug nil' to turn it off on remote environments.  ^[[37mInvalid UTF-8 encoded PATH-INFO^[[0m
sbcl-bin	Run tests	2026-09-29T04:14:03.2938914Z     ^[[32m✓ ^[[0m^[[90mExpect (SCAN (FORMAT NIL "/あ~A" #\REPLACEMENT_CHARACTER)
sbcl-bin	Run tests	2026-09-29T04:14:03.2939854Z                    (DEXADOR:GET (LOCALHOST "/%E3%81%82%BF%27%22%28"))) to be true.^[[0m
sbcl-bin	Run tests	2026-09-29T04:14:03.7945542Z NOTICE: Running in debug mode. Debugger will be invoked on errors.
sbcl-bin	Run tests	2026-09-29T04:14:03.8955135Z   Specify ':debug nil' to turn it off on remote environments.  ^[[37mSERVER-PROTOCOL is required^[[0m
sbcl-bin	Run tests	2026-09-29T04:14:03.8958634Z     ^[[32m✓ ^[[0m^[[90mExpect (EQL STATUS 200) to be true.^[[0m
sbcl-bin	Run tests	2026-09-29T04:14:03.8959842Z     ^[[32m✓ ^[[0m^[[90mExpect (EQUAL (GET-HEADER HEADERS :CONTENT-TYPE) "text/plain; charset=utf-8") to be true.^[[0m
sbcl-bin	Run tests	2026-09-29T04:14:03.8961137Z     ^[[32m✓ ^[[0m^[[90mExpect (SCAN "^:HTTP/1\\.[01]$" BODY) to be true.^[[0m
sbcl-bin	Run tests	2026-09-29T04:14:04.3966488Z NOTICE: Running in debug mode. Debugger will be invoked on errors.
sbcl-bin	Run tests	2026-09-29T04:14:04.4976088Z   Specify ':debug nil' to turn it off on remote environments.  ^[[37mSCRIPT-NAME should not be nil^[[0m
sbcl-bin	Run tests	2026-09-29T04:14:04.4980708Z     ^[[32m✓ ^[[0m^[[90mExpect (EQUAL (DEXADOR:GET (LOCALHOST "/foo/?ediweitz=weitzedi")) (STRING T)) to be true.^[[0m
sbcl-bin	Run tests	2026-09-29T04:14:04.9986743Z NOTICE: Running in debug mode. Debugger will be invoked on errors.
sbcl-bin	Run tests	2026-09-29T04:14:05.0997399Z   Specify ':debug nil' to turn it off on remote environments.  ^[[37mDo not set COOKIE^[[0m
sbcl-bin	Run tests	2026-09-29T04:14:05.1000759Z     ^[[32m✓ ^[[0m^[[90mExpect (EQL STATUS 200) to be true.^[[0m
sbcl-bin	Run tests	2026-09-29T04:14:05.1002085Z     ^[[32m✓ ^[[0m^[[90mExpect (NULL (GET-HEADER HEADERS :X-COOKIE)) to be true.^[[0m
sbcl-bin	Run tests	2026-09-29T04:14:05.1002772Z     ^[[32m✓ ^[[0m^[[90mExpect (EQUAL BODY "foo=bar") to be true.^[[0m
sbcl-bin	Run tests	2026-09-29T04:14:05.6007520Z NOTICE: Running in debug mode. Debugger will be invoked on errors.
sbcl-bin	Run tests	2026-09-29T04:14:05.7018706Z   Specify ':debug nil' to turn it off on remote environments.  ^[[37mREQUEST-URI is set^[[0m
sbcl-bin	Run tests	2026-09-29T04:14:05.7022295Z     ^[[32m✓ ^[[0m^[[90mExpect (EQUAL (DEXADOR:GET (LOCALHOST "/foo/bar%20baz%73?x=a"))
sbcl-bin	Run tests	2026-09-29T04:14:05.7022957Z                     "/foo/bar%20baz%73?x=a") to be true.^[[0m
sbcl-bin	Run tests	2026-09-29T04:14:06.2027810Z ^[[37mrequest-tests^[[0m
sbcl-bin	Run tests	2026-09-29T04:14:06.2028593Z NOTICE: Running in debug mode. Debugger will be invoked on errors.
sbcl-bin	Run tests	2026-09-29T04:14:06.3039800Z   Specify ':debug nil' to turn it off on remote environments.  ^[[37mGET^[[0m
sbcl-bin	Run tests	2026-09-29T04:14:06.3043025Z     ^[[32m✓ ^[[0m^[[90mExpect (EQL STATUS 200) to be true.^[[0m
sbcl-bin	Run tests	2026-09-29T04:14:06.3043903Z     ^[[32m✓ ^[[0m^[[90mExpect (EQUAL (GET-HEADER HEADERS :CONTENT-TYPE) "text/plain; charset=utf-8") to be true.^[[0m
sbcl-bin	Run tests	2026-09-29T04:14:06.3044869Z     ^[[32m✓ ^[[0m^[[90mExpect (EQUAL BODY "Hello, name=fukamachi") to be true.^[[0m
sbcl-bin	Run tests	2026-09-29T04:14:06.8049834Z NOTICE: Running in debug mode. Debugger will be invoked on errors.
sbcl-bin	Run tests	2026-09-29T04:14:06.9059548Z   Specify ':debug nil' to turn it off on remote environments.  ^[[37mPOST^[[0m
sbcl-bin	Run tests	2026-09-29T04:14:06.9131048Z     ^[[32m✓ ^[[0m^[[90mExpect (EQL STATUS 200) to be true.^[[0m
sbcl-bin	Run tests	2026-09-29T04:14:06.9132128Z     ^[[32m✓ ^[[0m^[[90mExpect (EQUAL (GET-HEADER HEADERS :CLIENT-CONTENT-LENGTH) "11") to be true.^[[0m
sbcl-bin	Run tests	2026-09-29T04:14:06.9132993Z     ^[[32m✓ ^[[0m^[[90mExpect (EQUAL (GET-HEADER HEADERS :CLIENT-CONTENT-TYPE)
sbcl-bin	Run tests	2026-09-29T04:14:06.9133564Z                     "application/x-www-form-urlencoded") to be true.^[[0m
sbcl-bin	Run tests	2026-09-29T04:14:06.9134128Z     ^[[32m✓ ^[[0m^[[90mExpect (EQUAL BODY "Hello, name=eitaro") to be true.^[[0m
sbcl-bin	Run tests	2026-09-29T04:14:07.4138301Z NOTICE: Running in debug mode. Debugger will be invoked on errors.
sbcl-bin	Run tests	2026-09-29T04:14:07.5148632Z   Specify ':debug nil' to turn it off on remote environments.  ^[[37mbig POST^[[0m
sbcl-bin	Run tests	2026-09-29T04:14:07.5221712Z     ^[[32m✓ ^[[0m^[[90mExpect (EQL STATUS 200) to be true.^[[0m
sbcl-bin	Run tests	2026-09-29T04:14:07.5222572Z     ^[[32m✓ ^[[0m^[[90mExpect (EQUAL (GET-HEADER HEADERS :CLIENT-CONTENT-LENGTH) (PRINC-TO-STRING LEN)) to be true.^[[0m
sbcl-bin	Run tests	2026-09-29T04:14:07.5223678Z     ^[[32m✓ ^[[0m^[[90mExpect (EQUAL (LENGTH BODY) LEN) to be true.^[[0m
sbcl-bin	Run tests	2026-09-29T04:14:08.0227973Z NOTICE: Running in debug mode. Debugger will be invoked on errors.
sbcl-bin	Run tests	2026-09-29T04:14:08.1238282Z   Specify ':debug nil' to turn it off on remote environments.  ^[[37mbig POST (chunked)^[[0m
sbcl-bin	Run tests	2026-09-29T04:14:08.1410708Z     ^[[32m✓ ^[[0m^[[90mExpect (EQL STATUS 200) to be true.^[[0m
sbcl-bin	Run tests	2026-09-29T04:14:08.1412061Z     ^[[32m✓ ^[[0m^[[90mExpect (NULL (GET-HEADER HEADERS :CLIENT-CONTENT-LENGTH)) to be true.^[[0m
sbcl-bin	Run tests	2026-09-29T04:14:08.1412635Z     ^[[32m✓ ^[[0m^[[90mExpect (EQUAL (LENGTH BODY) LEN) to be true.^[[0m
sbcl-bin	Run tests	2026-09-29T04:14:08.6417480Z NOTICE: Running in debug mode. Debugger will be invoked on errors.
sbcl-bin	Run tests	2026-09-29T04:14:08.7426269Z   Specify ':debug nil' to turn it off on remote environments.  ^[[37mmulti headers (request)^[[0m
sbcl-bin	Run tests	2026-09-29T04:14:08.7430973Z     ^[[32m✓ ^[[0m^[[90mExpect (SCAN "^bar,\\s*baz$"
sbcl-bin	Run tests	2026-09-29T04:14:08.7431694Z                    (DEXADOR:GET (LOCALHOST) :HEADERS
sbcl-bin	Run tests	2026-09-29T04:14:08.7432249Z                                 '(("Foo" . "bar") ("Foo" . "baz")))) to be true.^[[0m
sbcl-bin	Run tests	2026-09-29T04:14:09.2437737Z NOTICE: Running in debug mode. Debugger will be invoked on errors.
sbcl-bin	Run tests	2026-09-29T04:14:09.3447810Z   Specify ':debug nil' to turn it off on remote environments.  ^[[37ma big header value > 128 bytes^[[0m
sbcl-bin	Run tests	2026-09-29T04:14:09.3486061Z     ^[[32m✓ ^[[0m^[[90mExpect (EQL STATUS 200) to be true.^[[0m
sbcl-bin	Run tests	2026-09-29T04:14:09.3486595Z     ^[[32m✓ ^[[0m^[[90mExpect (EQUAL BODY CHUNK) to be true.^[[0m
sbcl-bin	Run tests	2026-09-29T04:14:09.8492550Z NOTICE: Running in debug mode. Debugger will be invoked on errors.
sbcl-bin	Run tests	2026-09-29T04:14:09.9501886Z   Specify ':debug nil' to turn it off on remote environments.  ^[[37mrequest -> input seekable^[[0m
sbcl-bin	Run tests	2026-09-29T04:14:09.9505389Z     ^[[32m✓ ^[[0m^[[90mExpect (EQUAL (DEXADOR:POST (LOCALHOST) :CONTENT "body") "body") to be true.^[[0m
sbcl-bin	Run tests	2026-09-29T04:14:10.4512477Z NOTICE: Running in debug mode. Debugger will be invoked on errors.
sbcl-bin	Run tests	2026-09-29T04:14:10.5522323Z   Specify ':debug nil' to turn it off on remote environments.  ^[[37mhandle Authorization header^[[0m
sbcl-bin	Run tests	2026-09-29T04:14:10.5526352Z     ^[[32m✓ ^[[0m^[[90mExpect (EQL STATUS 200) to be true.^[[0m
sbcl-bin	Run tests	2026-09-29T04:14:10.5527476Z     ^[[32m✓ ^[[0m^[[90mExpect (EQUAL (GET-HEADER HEADERS :X-AUTHORIZATION) (STRING T)) to be true.^[[0m
sbcl-bin	Run tests	2026-09-29T04:14:10.5528769Z     ^[[32m✓ ^[[0m^[[90mExpect (EQUAL BODY "Basic XXXX") to be true.^[[0m
sbcl-bin	Run tests	2026-09-29T04:14:10.5530051Z     ^[[32m✓ ^[[0m^[[90mExpect (EQL STATUS 200) to be true.^[[0m
sbcl-bin	Run tests	2026-09-29T04:14:10.5531269Z     ^[[32m✓ ^[[0m^[[90mExpect (NULL (GET-HEADER HEADERS :X-AUTHORIZATION)) to be true.^[[0m
sbcl-bin	Run tests	2026-09-29T04:14:10.5532102Z     ^[[32m✓ ^[[0m^[[90mExpect (MEMBER BODY '(NIL "") :TEST #'EQUAL) to be true.^[[0m
sbcl-bin	Run tests	2026-09-29T04:14:11.0539293Z NOTICE: Running in debug mode. Debugger will be invoked on errors.
sbcl-bin	Run tests	2026-09-29T04:14:11.1549621Z   Specify ':debug nil' to turn it off on remote environments.  ^[[37mrepeated slashes^[[0m
sbcl-bin	Run tests	2026-09-29T04:14:11.1553467Z     ^[[32m✓ ^[[0m^[[90mExpect (EQL STATUS 200) to be true.^[[0m
sbcl-bin	Run tests	2026-09-29T04:14:11.1554516Z     ^[[32m✓ ^[[0m^[[90mExpect (EQUAL (GET-HEADER HEADERS :CONTENT-TYPE) "text/plain; charset=utf-8") to be true.^[[0m
sbcl-bin	Run tests	2026-09-29T04:14:11.1555723Z     ^[[32m✓ ^[[0m^[[90mExpect (EQUAL BODY "/foo///bar/baz") to be true.^[[0m
sbcl-bin	Run tests	2026-09-29T04:14:11.6560591Z NOTICE: Running in debug mode. Debugger will be invoked on errors.
sbcl-bin	Run tests	2026-09-29T04:14:11.7570635Z   Specify ':debug nil' to turn it off on remote environments.  ^[[37mfile upload^[[0m
sbcl-bin	Run tests	2026-09-29T04:14:11.7576215Z     ^[[32m✓ ^[[0m^[[90mExpect (EQL STATUS 200) to be true.^[[0m
sbcl-bin	Run tests	2026-09-29T04:14:11.7577252Z     ^[[32m✓ ^[[0m^[[90mExpect (EQUAL BODY "This is a text for test.
sbcl-bin	Run tests	2026-09-29T04:14:11.7626317Z       ") to be true.^[[0m
sbcl-bin	Run tests	2026-09-29T04:14:12.2582824Z NOTICE: Running in debug mode. Debugger will be invoked on errors.
sbcl-bin	Run tests	2026-09-29T04:14:12.3593226Z   Specify ':debug nil' to turn it off on remote environments.  ^[[37mlarge file upload^[[0m
sbcl-bin	Run tests	2026-09-29T04:14:12.3858274Z     ^[[32m✓ ^[[0m^[[90mExpect (EQL STATUS 200) to be true.^[[0m
sbcl-bin	Run tests	2026-09-29T04:14:12.3859295Z     ^[[32m✓ ^[[0m^[[90mExpect (EQUAL BODY "ok") to be true.^[[0m
sbcl-bin	Run tests	2026-09-29T04:14:12.8864935Z NOTICE: Running in debug mode. Debugger will be invoked on errors.
sbcl-bin	Run tests	2026-09-29T04:14:12.9874011Z   Specify ':debug nil' to turn it off on remote environments.  ^[[37mstreaming^[[0m
sbcl-bin	Run tests	2026-09-29T04:14:15.9885699Z     ^[[32m✓ ^[[0m^[[90mExpect (EQL STATUS 200) to be true.^[[0m
sbcl-bin	Run tests	2026-09-29T04:14:15.9886363Z     ^[[32m✓ ^[[0m^[[90mExpect (EQUAL BODY (FORMAT NIL "0~%1~%2~%")) to be true.^[[0m
sbcl-bin	Run tests	2026-09-29T04:14:16.4889812Z ^[[37mdebug-tests^[[0m
sbcl-bin	Run tests	2026-09-29T04:14:16.5902481Z   ^[[37mDo not crash when the app dies^[[0m
sbcl-bin	Run tests	2026-09-29T04:14:16.5925571Z  <ERROR> [04:14:16] woo - #<FLEXI-STREAMS::VECTOR-INPUT-STREAM {120FA67B93}> cannot be printed readably.
sbcl-bin	Run tests	2026-09-29T04:14:16.5947318Z     ^[[32m✓ ^[[0m^[[90m500 Internal Server Error^[[0m
sbcl-bin	Run tests	2026-09-29T04:14:17.0956109Z 
sbcl-bin	Run tests	2026-09-29T04:14:17.0957084Z ^[[32m✓ 4 tests completed^[[0m
sbcl-bin	Run tests	2026-09-29T04:14:17.0957507Z 
sbcl-bin	Run tests	2026-09-29T04:14:17.0957626Z Summary:
sbcl-bin	Run tests	2026-09-29T04:14:17.0957952Z   All 4 tests passed.
sbcl-bin	Run tests	2026-09-29T04:14:17.0958419Z ^[[37mwoo-ssl-server-tests^[[0m
sbcl-bin	Run tests	2026-09-29T04:14:17.0980665Z 
sbcl-bin	Run tests	2026-09-29T04:14:17.0981163Z ;; testing 'clack.test.suite'
sbcl-bin	Run tests	2026-09-29T04:14:17.0982033Z ^[[37mresponse-tests^[[0m
sbcl-bin	Run tests	2026-09-29T04:14:17.0986700Z NOTICE: Running in debug mode. Debugger will be invoked on errors.
sbcl-bin	Run tests	2026-09-29T04:14:17.1992174Z   Specify ':debug nil' to turn it off on remote environments.  ^[[37mlist^[[0m
sbcl-bin	Run tests	2026-09-29T04:14:17.2685587Z     ^[[32m✓ ^[[0m^[[90mExpect (EQL STATUS 200) to be true.^[[0m
sbcl-bin	Run tests	2026-09-29T04:14:17.2686304Z     ^[[32m✓ ^[[0m^[[90mExpect (EQUAL BODY "HelloWorld") to be true.^[[0m
sbcl-bin	Run tests	2026-09-29T04:14:17.7692246Z NOTICE: Running in debug mode. Debugger will be invoked on errors.
sbcl-bin	Run tests	2026-09-29T04:14:17.8702696Z   Specify ':debug nil' to turn it off on remote environments.  ^[[37mpathname (plain/text)^[[0m
sbcl-bin	Run tests	2026-09-29T04:14:17.9317065Z     ^[[32m✓ ^[[0m^[[90mExpect (EQL STATUS 200) to be true.^[[0m
sbcl-bin	Run tests	2026-09-29T04:14:17.9318004Z     ^[[32m✓ ^[[0m^[[90mExpect (EQUAL (GET-HEADER HEADERS :CONTENT-TYPE) "text/plain; charset=utf-8") to be true.^[[0m
sbcl-bin	Run tests	2026-09-29T04:14:17.9318886Z     ^[[32m✓ ^[[0m^[[90mExpect (SCAN "This is a text for test." BODY) to be true.^[[0m
sbcl-bin	Run tests	2026-09-29T04:14:18.4323720Z NOTICE: Running in debug mode. Debugger will be invoked on errors.
sbcl-bin	Run tests	2026-09-29T04:14:18.5332543Z   Specify ':debug nil' to turn it off on remote environments.  ^[[37mpathname (binary)^[[0m
sbcl-bin	Run tests	2026-09-29T04:14:18.5944762Z     ^[[32m✓ ^[[0m^[[90mExpect (EQL STATUS 200) to be true.^[[0m
sbcl-bin	Run tests	2026-09-29T04:14:18.5945603Z     ^[[32m✓ ^[[0m^[[90mExpect (EQUAL (GET-HEADER HEADERS :CONTENT-TYPE) "image/png") to be true.^[[0m
sbcl-bin	Run tests	2026-09-29T04:14:18.5946364Z     ^[[32m✓ ^[[0m^[[90mExpect (GET-HEADER HEADERS :CONTENT-LENGTH) to be true.^[[0m
sbcl-bin	Run tests	2026-09-29T04:14:18.5946979Z     ^[[32m✓ ^[[0m^[[90mExpect (EQL (LENGTH BODY) 12155) to be true.^[[0m
sbcl-bin	Run tests	2026-09-29T04:14:19.0952009Z NOTICE: Running in debug mode. Debugger will be invoked on errors.
sbcl-bin	Run tests	2026-09-29T04:14:19.1961618Z   Specify ':debug nil' to turn it off on remote environments.  ^[[37mbigger file^[[0m
sbcl-bin	Run tests	2026-09-29T04:14:19.2585100Z     ^[[32m✓ ^[[0m^[[90mExpect (EQL STATUS 200) to be true.^[[0m
sbcl-bin	Run tests	2026-09-29T04:14:19.2586115Z     ^[[32m✓ ^[[0m^[[90mExpect (EQUAL (GET-HEADER HEADERS :CONTENT-TYPE) "image/jpeg") to be true.^[[0m
sbcl-bin	Run tests	2026-09-29T04:14:19.2587095Z     ^[[32m✓ ^[[0m^[[90mExpect (GET-HEADER HEADERS :CONTENT-LENGTH) to be true.^[[0m
sbcl-bin	Run tests	2026-09-29T04:14:19.2587743Z     ^[[32m✓ ^[[0m^[[90mExpect (EQL (LENGTH BODY) 139616) to be true.^[[0m
sbcl-bin	Run tests	2026-09-29T04:14:19.7589921Z NOTICE: Running in debug mode. Debugger will be invoked on errors.
sbcl-bin	Run tests	2026-09-29T04:14:19.8599700Z   Specify ':debug nil' to turn it off on remote environments.  ^[[37mmulti headers (response)^[[0m
sbcl-bin	Run tests	2026-09-29T04:14:19.9217137Z     ^[[32m✓ ^[[0m^[[90mExpect (SCAN "foo,\\s*bar,\\s*baz" (GET-HEADER HEADERS :X-FOO)) to be true.^[[0m
sbcl-bin	Run tests	2026-09-29T04:14:20.4222855Z NOTICE: Running in debug mode. Debugger will be invoked on errors.
sbcl-bin	Run tests	2026-09-29T04:14:20.5233140Z   Specify ':debug nil' to turn it off on remote environments.  ^[[37mno entity headers on 304^[[0m
sbcl-bin	Run tests	2026-09-29T04:14:20.5855754Z     ^[[32m✓ ^[[0m^[[90mExpect (EQL STATUS 304) to be true.^[[0m
sbcl-bin	Run tests	2026-09-29T04:14:20.5856627Z     ^[[32m✓ ^[[0m^[[90mExpect (EQUALP BODY #()) to be true.^[[0m
sbcl-bin	Run tests	2026-09-29T04:14:20.5857164Z     ^[[32m✓ ^[[0m^[[90mNo Content-Type^[[0m
sbcl-bin	Run tests	2026-09-29T04:14:20.5857569Z     ^[[32m✓ ^[[0m^[[90mNo Content-Length^[[0m
sbcl-bin	Run tests	2026-09-29T04:14:20.5857982Z     ^[[32m✓ ^[[0m^[[90mNo Transfer-Encoding^[[0m
sbcl-bin	Run tests	2026-09-29T04:14:21.0861450Z NOTICE: Running in debug mode. Debugger will be invoked on errors.
sbcl-bin	Run tests	2026-09-29T04:14:21.1871484Z   Specify ':debug nil' to turn it off on remote environments.  ^[[37mCRLF output^[[0m
sbcl-bin	Run tests	2026-09-29T04:14:21.2486138Z     ^[[32m✓ ^[[0m^[[90mExpect (EQL STATUS 200) to be true.^[[0m
sbcl-bin	Run tests	2026-09-29T04:14:21.2487000Z     ^[[32m✓ ^[[0m^[[90mExpect (NULL (GET-HEADER HEADERS :FOO)) to be true.^[[0m
sbcl-bin	Run tests	2026-09-29T04:14:21.2487670Z     ^[[32m✓ ^[[0m^[[90mExpect (EQUAL BODY
sbcl-bin	Run tests	2026-09-29T04:14:21.2488240Z                     (FORMAT NIL "Foo: Bar~A~A~A~AHello World" #\Return #\Newline
sbcl-bin	Run tests	2026-09-29T04:14:21.2488966Z                             #\Return #\Newline)) to be true.^[[0m
sbcl-bin	Run tests	2026-09-29T04:14:21.7492262Z NOTICE: Running in debug mode. Debugger will be invoked on errors.
sbcl-bin	Run tests	2026-09-29T04:14:21.8501911Z   Specify ':debug nil' to turn it off on remote environments.  ^[[37mtest 404^[[0m
sbcl-bin	Run tests	2026-09-29T04:14:21.9115629Z     ^[[32m✓ ^[[0m^[[90mExpect (EQL STATUS 404) to be true.^[[0m
sbcl-bin	Run tests	2026-09-29T04:14:21.9116715Z     ^[[32m✓ ^[[0m^[[90mExpect (EQUAL BODY "Not Found") to be true.^[[0m
sbcl-bin	Run tests	2026-09-29T04:14:22.4121504Z NOTICE: Running in debug mode. Debugger will be invoked on errors.
sbcl-bin	Run tests	2026-09-29T04:14:22.5130549Z   Specify ':debug nil' to turn it off on remote environments.  ^[[37mContent-Length 0 is not set Transfer-Encoding^[[0m
sbcl-bin	Run tests	2026-09-29T04:14:22.5744751Z     ^[[32m✓ ^[[0m^[[90mExpect (EQL STATUS 200) to be true.^[[0m
sbcl-bin	Run tests	2026-09-29T04:14:22.5746189Z     ^[[32m✓ ^[[0m^[[90mExpect (NULL (GET-HEADER HEADERS :CLIENT-TRANSFER-ENCODING)) to be true.^[[0m
sbcl-bin	Run tests	2026-09-29T04:14:22.5747496Z     ^[[32m✓ ^[[0m^[[90mExpect (EQUAL BODY "") to be true.^[[0m
sbcl-bin	Run tests	2026-09-29T04:14:23.0750004Z ^[[37menv-tests^[[0m
sbcl-bin	Run tests	2026-09-29T04:14:23.0750630Z NOTICE: Running in debug mode. Debugger will be invoked on errors.
sbcl-bin	Run tests	2026-09-29T04:14:23.1760197Z   Specify ':debug nil' to turn it off on remote environments.  ^[[37mSCRIPT-NAME^[[0m
sbcl-bin	Run tests	2026-09-29T04:14:23.2374608Z     ^[[32m✓ ^[[0m^[[90mExpect (MEMBER (DEXADOR:GET (LOCALHOST)) '(NIL "") :TEST #'EQUAL) to be true.^[[0m^[[33m (62ms)^[[0m
sbcl-bin	Run tests	2026-09-29T04:14:23.7380210Z NOTICE: Running in debug mode. Debugger will be invoked on errors.
sbcl-bin	Run tests	2026-09-29T04:14:23.8389189Z   Specify ':debug nil' to turn it off on remote environments.  ^[[37murl-scheme^[[0m
sbcl-bin	Run tests	2026-09-29T04:14:23.9005286Z     ^[[32m✓ ^[[0m^[[90mExpect (EQL STATUS 200) to be true.^[[0m
sbcl-bin	Run tests	2026-09-29T04:14:23.9006728Z     ^[[32m✓ ^[[0m^[[90mExpect (EQUAL (GET-HEADER HEADERS :CONTENT-TYPE) "text/plain; charset=utf-8") to be true.^[[0m
sbcl-bin	Run tests	2026-09-29T04:14:23.9007710Z     ^[[32m✓ ^[[0m^[[90mExpect (EQUAL BODY "http") to be true.^[[0m
sbcl-bin	Run tests	2026-09-29T04:14:24.4011598Z NOTICE: Running in debug mode. Debugger will be invoked on errors.
sbcl-bin	Run tests	2026-09-29T04:14:24.5021119Z   Specify ':debug nil' to turn it off on remote environments.  ^[[37mhandle HTTP-Header^[[0m
sbcl-bin	Run tests	2026-09-29T04:14:24.5634688Z     ^[[32m✓ ^[[0m^[[90mExpect (EQL STATUS 200) to be true.^[[0m
sbcl-bin	Run tests	2026-09-29T04:14:24.5636322Z     ^[[32m✓ ^[[0m^[[90mExpect (EQUAL (GET-HEADER HEADERS :CONTENT-TYPE) "text/plain; charset=utf-8") to be true.^[[0m
sbcl-bin	Run tests	2026-09-29T04:14:24.5637423Z     ^[[32m✓ ^[[0m^[[90mExpect (EQUAL BODY "Bar") to be true.^[[0m
sbcl-bin	Run tests	2026-09-29T04:14:25.0641519Z NOTICE: Running in debug mode. Debugger will be invoked on errors.
sbcl-bin	Run tests	2026-09-29T04:14:25.1651450Z   Specify ':debug nil' to turn it off on remote environments.  ^[[37mvalidate env^[[0m
sbcl-bin	Run tests	2026-09-29T04:14:25.2266207Z     ^[[32m✓ ^[[0m^[[90mExpect (EQL STATUS 200) to be true.^[[0m
sbcl-bin	Run tests	2026-09-29T04:14:25.2267265Z     ^[[32m✓ ^[[0m^[[90mExpect (EQUAL (GET-HEADER HEADERS :CONTENT-TYPE) "text/plain; charset=utf-8") to be true.^[[0m
sbcl-bin	Run tests	2026-09-29T04:14:25.2271883Z     ^[[32m✓ ^[[0m^[[90mExpect (EQUAL BODY
sbcl-bin	Run tests	2026-09-29T04:14:25.2272296Z                     (FORMAT NIL "~{~A~%~}"
sbcl-bin	Run tests	2026-09-29T04:14:25.2272759Z                             `("REQUEST-METHOD::GET" "PATH-INFO:\"/foo/\""
sbcl-bin	Run tests	2026-09-29T04:14:25.2273204Z                               "QUERY-STRING:\"ediweitz=weitzedi\""
sbcl-bin	Run tests	2026-09-29T04:14:25.2273598Z                               "SERVER-NAME:\"127.0.0.1\""
sbcl-bin	Run tests	2026-09-29T04:14:25.2274002Z                               ,(FORMAT NIL "SERVER-PORT:~D"
sbcl-bin	Run tests	2026-09-29T04:14:25.2274517Z                                        *CLACK-TEST-ACCESS-PORT*)))) to be true.^[[0m
sbcl-bin	Run tests	2026-09-29T04:14:25.7273178Z NOTICE: Running in debug mode. Debugger will be invoked on errors.
sbcl-bin	Run tests	2026-09-29T04:14:25.8284013Z   Specify ':debug nil' to turn it off on remote environments.  ^[[37mvalidate env (must be integer)^[[0m
sbcl-bin	Run tests	2026-09-29T04:14:25.8906184Z     ^[[32m✓ ^[[0m^[[90mExpect (EQL STATUS 200) to be true.^[[0m
sbcl-bin	Run tests	2026-09-29T04:14:25.8907711Z     ^[[32m✓ ^[[0m^[[90mExpect (EQUAL (GET-HEADER HEADERS :CONTENT-TYPE) "text/plain; charset=utf-8") to be true.^[[0m
sbcl-bin	Run tests	2026-09-29T04:14:25.8908844Z     ^[[32m✓ ^[[0m^[[90mExpect (EQUAL BODY
sbcl-bin	Run tests	2026-09-29T04:14:25.8909590Z                     (FORMAT NIL "~{~{~A:~A~%~}~}"
sbcl-bin	Run tests	2026-09-29T04:14:25.8911106Z                             `((:SERVER-PORT T) (:REMOTE-PORT T) (:CONTENT-LENGTH T)))) to be true.^[[0m
sbcl-bin	Run tests	2026-09-29T04:14:26.3912296Z NOTICE: Running in debug mode. Debugger will be invoked on errors.
sbcl-bin	Run tests	2026-09-29T04:14:26.4921284Z   Specify ':debug nil' to turn it off on remote environments.  ^[[37m% encoding in PATH-INFO^[[0m
sbcl-bin	Run tests	2026-09-29T04:14:26.5536460Z     ^[[32m✓ ^[[0m^[[90mExpect (EQUAL (DEXADOR:GET (LOCALHOST "/foo/bar%2cbaz")) "/foo/bar,baz") to be true.^[[0m^[[33m (62ms)^[[0m
sbcl-bin	Run tests	2026-09-29T04:14:27.0541376Z NOTICE: Running in debug mode. Debugger will be invoked on errors.
sbcl-bin	Run tests	2026-09-29T04:14:27.1551849Z   Specify ':debug nil' to turn it off on remote environments.  ^[[37m% double encoding in PATH-INFO^[[0m
sbcl-bin	Run tests	2026-09-29T04:14:27.2166676Z     ^[[32m✓ ^[[0m^[[90mExpect (EQUAL (DEXADOR:GET (LOCALHOST "/foo/bar%252cbaz")) "/foo/bar%2cbaz") to be true.^[[0m^[[33m (62ms)^[[0m
sbcl-bin	Run tests	2026-09-29T04:14:27.7171732Z NOTICE: Running in debug mode. Debugger will be invoked on errors.
sbcl-bin	Run tests	2026-09-29T04:14:27.8182210Z   Specify ':debug nil' to turn it off on remote environments.  ^[[37m% encoding in PATH-INFO (outside of URI characters)^[[0m
sbcl-bin	Run tests	2026-09-29T04:14:27.8797326Z     ^[[32m✓ ^[[0m^[[90mExpect (EQUAL (DEXADOR:GET (LOCALHOST "/foo%E3%81%82"))
sbcl-bin	Run tests	2026-09-29T04:14:27.8798629Z                     (FORMAT NIL "/foo~A"
sbcl-bin	Run tests	2026-09-29T04:14:27.8799065Z                             (OCTETS-TO-STRING #(227 129 130) :EXTERNAL-FORMAT
sbcl-bin	Run tests	2026-09-29T04:14:27.8799689Z                                               :UTF-8))) to be true.^[[0m^[[33m (62ms)^[[0m
sbcl-bin	Run tests	2026-09-29T04:14:28.3803137Z NOTICE: Running in debug mode. Debugger will be invoked on errors.
sbcl-bin	Run tests	2026-09-29T04:14:28.4812674Z   Specify ':debug nil' to turn it off on remote environments.  ^[[37mInvalid UTF-8 encoded PATH-INFO^[[0m
sbcl-bin	Run tests	2026-09-29T04:14:28.5425375Z     ^[[32m✓ ^[[0m^[[90mExpect (SCAN (FORMAT NIL "/あ~A" #\REPLACEMENT_CHARACTER)
sbcl-bin	Run tests	2026-09-29T04:14:28.5426643Z                    (DEXADOR:GET (LOCALHOST "/%E3%81%82%BF%27%22%28"))) to be true.^[[0m^[[33m (61ms)^[[0m
sbcl-bin	Run tests	2026-09-29T04:14:29.0431067Z NOTICE: Running in debug mode. Debugger will be invoked on errors.
sbcl-bin	Run tests	2026-09-29T04:14:29.1441415Z   Specify ':debug nil' to turn it off on remote environments.  ^[[37mSERVER-PROTOCOL is required^[[0m
sbcl-bin	Run tests	2026-09-29T04:14:29.2056042Z     ^[[32m✓ ^[[0m^[[90mExpect (EQL STATUS 200) to be true.^[[0m
sbcl-bin	Run tests	2026-09-29T04:14:29.2057185Z     ^[[32m✓ ^[[0m^[[90mExpect (EQUAL (GET-HEADER HEADERS :CONTENT-TYPE) "text/plain; charset=utf-8") to be true.^[[0m
sbcl-bin	Run tests	2026-09-29T04:14:29.2062299Z     ^[[32m✓ ^[[0m^[[90mExpect (SCAN "^:HTTP/1\\.[01]$" BODY) to be true.^[[0m
sbcl-bin	Run tests	2026-09-29T04:14:29.7063527Z NOTICE: Running in debug mode. Debugger will be invoked on errors.
sbcl-bin	Run tests	2026-09-29T04:14:29.8074264Z   Specify ':debug nil' to turn it off on remote environments.  ^[[37mSCRIPT-NAME should not be nil^[[0m
sbcl-bin	Run tests	2026-09-29T04:14:29.8686676Z     ^[[32m✓ ^[[0m^[[90mExpect (EQUAL (DEXADOR:GET (LOCALHOST "/foo/?ediweitz=weitzedi")) (STRING T)) to be true.^[[0m^[[33m (61ms)^[[0m
sbcl-bin	Run tests	2026-09-29T04:14:30.3692067Z NOTICE: Running in debug mode. Debugger will be invoked on errors.
sbcl-bin	Run tests	2026-09-29T04:14:30.4702640Z   Specify ':debug nil' to turn it off on remote environments.  ^[[37mDo not set COOKIE^[[0m
sbcl-bin	Run tests	2026-09-29T04:14:30.5316524Z     ^[[32m✓ ^[[0m^[[90mExpect (EQL STATUS 200) to be true.^[[0m
sbcl-bin	Run tests	2026-09-29T04:14:30.5317794Z     ^[[32m✓ ^[[0m^[[90mExpect (NULL (GET-HEADER HEADERS :X-COOKIE)) to be true.^[[0m
sbcl-bin	Run tests	2026-09-29T04:14:30.5318805Z     ^[[32m✓ ^[[0m^[[90mExpect (EQUAL BODY "foo=bar") to be true.^[[0m
sbcl-bin	Run tests	2026-09-29T04:14:31.0322554Z NOTICE: Running in debug mode. Debugger will be invoked on errors.
sbcl-bin	Run tests	2026-09-29T04:14:31.1334208Z   Specify ':debug nil' to turn it off on remote environments.  ^[[37mREQUEST-URI is set^[[0m
sbcl-bin	Run tests	2026-09-29T04:14:31.1956097Z     ^[[32m✓ ^[[0m^[[90mExpect (EQUAL (DEXADOR:GET (LOCALHOST "/foo/bar%20baz%73?x=a"))
sbcl-bin	Run tests	2026-09-29T04:14:31.1956986Z                     "/foo/bar%20baz%73?x=a") to be true.^[[0m^[[33m (62ms)^[[0m
sbcl-bin	Run tests	2026-09-29T04:14:31.6961583Z ^[[37mrequest-tests^[[0m
sbcl-bin	Run tests	2026-09-29T04:14:31.6962308Z NOTICE: Running in debug mode. Debugger will be invoked on errors.
sbcl-bin	Run tests	2026-09-29T04:14:31.7973991Z   Specify ':debug nil' to turn it off on remote environments.  ^[[37mGET^[[0m
sbcl-bin	Run tests	2026-09-29T04:14:31.8586195Z     ^[[32m✓ ^[[0m^[[90mExpect (EQL STATUS 200) to be true.^[[0m
sbcl-bin	Run tests	2026-09-29T04:14:31.8587346Z     ^[[32m✓ ^[[0m^[[90mExpect (EQUAL (GET-HEADER HEADERS :CONTENT-TYPE) "text/plain; charset=utf-8") to be true.^[[0m
sbcl-bin	Run tests	2026-09-29T04:14:31.8588428Z     ^[[32m✓ ^[[0m^[[90mExpect (EQUAL BODY "Hello, name=fukamachi") to be true.^[[0m
sbcl-bin	Run tests	2026-09-29T04:14:32.3592355Z NOTICE: Running in debug mode. Debugger will be invoked on errors.
sbcl-bin	Run tests	2026-09-29T04:14:32.4602976Z   Specify ':debug nil' to turn it off on remote environments.  ^[[37mPOST^[[0m
sbcl-bin	Run tests	2026-09-29T04:14:32.5215750Z     ^[[32m✓ ^[[0m^[[90mExpect (EQL STATUS 200) to be true.^[[0m
sbcl-bin	Run tests	2026-09-29T04:14:32.5216701Z     ^[[32m✓ ^[[0m^[[90mExpect (EQUAL (GET-HEADER HEADERS :CLIENT-CONTENT-LENGTH) "11") to be true.^[[0m
sbcl-bin	Run tests	2026-09-29T04:14:32.5217437Z     ^[[32m✓ ^[[0m^[[90mExpect (EQUAL (GET-HEADER HEADERS :CLIENT-CONTENT-TYPE)
sbcl-bin	Run tests	2026-09-29T04:14:32.5218041Z                     "application/x-www-form-urlencoded") to be true.^[[0m
sbcl-bin	Run tests	2026-09-29T04:14:32.5218635Z     ^[[32m✓ ^[[0m^[[90mExpect (EQUAL BODY "Hello, name=eitaro") to be true.^[[0m
sbcl-bin	Run tests	2026-09-29T04:14:33.0222650Z NOTICE: Running in debug mode. Debugger will be invoked on errors.
sbcl-bin	Run tests	2026-09-29T04:14:33.1233289Z   Specify ':debug nil' to turn it off on remote environments.  ^[[37mbig POST^[[0m
sbcl-bin	Run tests	2026-09-29T04:14:33.1924724Z     ^[[32m✓ ^[[0m^[[90mExpect (EQL STATUS 200) to be true.^[[0m
sbcl-bin	Run tests	2026-09-29T04:14:33.1925945Z     ^[[32m✓ ^[[0m^[[90mExpect (EQUAL (GET-HEADER HEADERS :CLIENT-CONTENT-LENGTH) (PRINC-TO-STRING LEN)) to be true.^[[0m
sbcl-bin	Run tests	2026-09-29T04:14:33.1927067Z     ^[[32m✓ ^[[0m^[[90mExpect (EQUAL (LENGTH BODY) LEN) to be true.^[[0m
sbcl-bin	Run tests	2026-09-29T04:14:33.6931560Z NOTICE: Running in debug mode. Debugger will be invoked on errors.
sbcl-bin	Run tests	2026-09-29T04:14:33.7941905Z   Specify ':debug nil' to turn it off on remote environments.  ^[[37mbig POST (chunked)^[[0m
sbcl-bin	Run tests	2026-09-29T04:14:33.8635338Z     ^[[32m✓ ^[[0m^[[90mExpect (EQL STATUS 200) to be true.^[[0m
sbcl-bin	Run tests	2026-09-29T04:14:33.8636376Z     ^[[32m✓ ^[[0m^[[90mExpect (NULL (GET-HEADER HEADERS :CLIENT-CONTENT-LENGTH)) to be true.^[[0m
sbcl-bin	Run tests	2026-09-29T04:14:33.8637332Z     ^[[32m✓ ^[[0m^[[90mExpect (EQUAL (LENGTH BODY) LEN) to be true.^[[0m
sbcl-bin	Run tests	2026-09-29T04:14:34.3641654Z NOTICE: Running in debug mode. Debugger will be invoked on errors.
sbcl-bin	Run tests	2026-09-29T04:14:34.4651729Z   Specify ':debug nil' to turn it off on remote environments.  ^[[37mmulti headers (request)^[[0m
sbcl-bin	Run tests	2026-09-29T04:14:34.5267581Z     ^[[32m✓ ^[[0m^[[90mExpect (SCAN "^bar,\\s*baz$"
sbcl-bin	Run tests	2026-09-29T04:14:34.5268467Z                    (DEXADOR:GET (LOCALHOST) :HEADERS
sbcl-bin	Run tests	2026-09-29T04:14:34.5269671Z                                 '(("Foo" . "bar") ("Foo" . "baz")))) to be true.^[[0m^[[33m (62ms)^[[0m
sbcl-bin	Run tests	2026-09-29T04:14:35.0272001Z NOTICE: Running in debug mode. Debugger will be invoked on errors.
sbcl-bin	Run tests	2026-09-29T04:14:35.1282591Z   Specify ':debug nil' to turn it off on remote environments.  ^[[37ma big header value > 128 bytes^[[0m
sbcl-bin	Run tests	2026-09-29T04:14:35.2855446Z     ^[[32m✓ ^[[0m^[[90mExpect (EQL STATUS 200) to be true.^[[0m
sbcl-bin	Run tests	2026-09-29T04:14:35.2856397Z     ^[[32m✓ ^[[0m^[[90mExpect (EQUAL BODY CHUNK) to be true.^[[0m
sbcl-bin	Run tests	2026-09-29T04:14:35.7861684Z NOTICE: Running in debug mode. Debugger will be invoked on errors.
sbcl-bin	Run tests	2026-09-29T04:14:35.8871363Z   Specify ':debug nil' to turn it off on remote environments.  ^[[37mrequest -> input seekable^[[0m
sbcl-bin	Run tests	2026-09-29T04:14:35.9487058Z     ^[[32m✓ ^[[0m^[[90mExpect (EQUAL (DEXADOR:POST (LOCALHOST) :CONTENT "body") "body") to be true.^[[0m^[[33m (62ms)^[[0m
sbcl-bin	Run tests	2026-09-29T04:14:36.4492024Z NOTICE: Running in debug mode. Debugger will be invoked on errors.
sbcl-bin	Run tests	2026-09-29T04:14:36.5501360Z   Specify ':debug nil' to turn it off on remote environments.  ^[[37mhandle Authorization header^[[0m
sbcl-bin	Run tests	2026-09-29T04:14:36.6115919Z     ^[[32m✓ ^[[0m^[[90mExpect (EQL STATUS 200) to be true.^[[0m
sbcl-bin	Run tests	2026-09-29T04:14:36.6117271Z     ^[[32m✓ ^[[0m^[[90mExpect (EQUAL (GET-HEADER HEADERS :X-AUTHORIZATION) (STRING T)) to be true.^[[0m
sbcl-bin	Run tests	2026-09-29T04:14:36.6118640Z     ^[[32m✓ ^[[0m^[[90mExpect (EQUAL BODY "Basic XXXX") to be true.^[[0m
sbcl-bin	Run tests	2026-09-29T04:14:36.6726490Z     ^[[32m✓ ^[[0m^[[90mExpect (EQL STATUS 200) to be true.^[[0m
sbcl-bin	Run tests	2026-09-29T04:14:36.6727411Z     ^[[32m✓ ^[[0m^[[90mExpect (NULL (GET-HEADER HEADERS :X-AUTHORIZATION)) to be true.^[[0m
sbcl-bin	Run tests	2026-09-29T04:14:36.6728371Z     ^[[32m✓ ^[[0m^[[90mExpect (MEMBER BODY '(NIL "") :TEST #'EQUAL) to be true.^[[0m
sbcl-bin	Run tests	2026-09-29T04:14:37.1731589Z NOTICE: Running in debug mode. Debugger will be invoked on errors.
sbcl-bin	Run tests	2026-09-29T04:14:37.2740677Z   Specify ':debug nil' to turn it off on remote environments.  ^[[37mrepeated slashes^[[0m
sbcl-bin	Run tests	2026-09-29T04:14:37.3354731Z     ^[[32m✓ ^[[0m^[[90mExpect (EQL STATUS 200) to be true.^[[0m
sbcl-bin	Run tests	2026-09-29T04:14:37.3355817Z     ^[[32m✓ ^[[0m^[[90mExpect (EQUAL (GET-HEADER HEADERS :CONTENT-TYPE) "text/plain; charset=utf-8") to be true.^[[0m
sbcl-bin	Run tests	2026-09-29T04:14:37.3356647Z     ^[[32m✓ ^[[0m^[[90mExpect (EQUAL BODY "/foo///bar/baz") to be true.^[[0m
sbcl-bin	Run tests	2026-09-29T04:14:37.8360733Z NOTICE: Running in debug mode. Debugger will be invoked on errors.
sbcl-bin	Run tests	2026-09-29T04:14:37.9371373Z   Specify ':debug nil' to turn it off on remote environments.  ^[[37mfile upload^[[0m
sbcl-bin	Run tests	2026-09-29T04:14:37.9584933Z     ^[[32m✓ ^[[0m^[[90mExpect (EQL STATUS 200) to be true.^[[0m
sbcl-bin	Run tests	2026-09-29T04:14:37.9585786Z     ^[[32m✓ ^[[0m^[[90mExpect (EQUAL BODY "This is a text for test.
sbcl-bin	Run tests	2026-09-29T04:14:37.9586857Z       ") to be true.^[[0m
sbcl-bin	Run tests	2026-09-29T04:14:38.4591563Z NOTICE: Running in debug mode. Debugger will be invoked on errors.
sbcl-bin	Run tests	2026-09-29T04:14:38.5600337Z   Specify ':debug nil' to turn it off on remote environments.  ^[[37mlarge file upload^[[0m
sbcl-bin	Run tests	2026-09-29T04:14:38.5893553Z     ^[[32m✓ ^[[0m^[[90mExpect (EQL STATUS 200) to be true.^[[0m
sbcl-bin	Run tests	2026-09-29T04:14:38.5894254Z     ^[[32m✓ ^[[0m^[[90mExpect (EQUAL BODY "ok") to be true.^[[0m
sbcl-bin	Run tests	2026-09-29T04:14:39.0899866Z NOTICE: Running in debug mode. Debugger will be invoked on errors.
sbcl-bin	Run tests	2026-09-29T04:14:39.1909161Z   Specify ':debug nil' to turn it off on remote environments.  ^[[37mstreaming^[[0m
sbcl-bin	Run tests	2026-09-29T04:14:42.2126134Z     ^[[32m✓ ^[[0m^[[90mExpect (EQL STATUS 200) to be true.^[[0m
sbcl-bin	Run tests	2026-09-29T04:14:42.2127435Z     ^[[32m✓ ^[[0m^[[90mExpect (EQUAL BODY (FORMAT NIL "0~%1~%2~%")) to be true.^[[0m
sbcl-bin	Run tests	2026-09-29T04:14:42.7130350Z ^[[37mdebug-tests^[[0m
sbcl-bin	Run tests	2026-09-29T04:14:42.8142241Z   ^[[37mDo not crash when the app dies^[[0m
sbcl-bin	Run tests	2026-09-29T04:14:42.8359494Z  <ERROR> [04:14:42] woo - #<FLEXI-STREAMS::VECTOR-INPUT-STREAM {12016102D3}> cannot be printed readably.
sbcl-bin	Run tests	2026-09-29T04:14:42.8755648Z     ^[[32m✓ ^[[0m^[[90m500 Internal Server Error^[[0m
sbcl-bin	Run tests	2026-09-29T04:14:43.3759721Z 
sbcl-bin	Run tests	2026-09-29T04:14:43.3761095Z ^[[32m✓ 4 tests completed^[[0m
sbcl-bin	Run tests	2026-09-29T04:14:43.3761512Z 
sbcl-bin	Run tests	2026-09-29T04:14:43.3761629Z Summary:
sbcl-bin	Run tests	2026-09-29T04:14:43.3761943Z   All 4 tests passed.
sbcl-bin	Run tests	2026-09-29T04:14:43.3762394Z ^[[37mgraceful-stop-by-server-thread^[[0m
sbcl-bin	Run tests	2026-09-29T04:14:43.3865656Z   ^[[32m✓ ^[[0m^[[90mthe running server is addressable by its thread^[[0m
sbcl-bin	Run tests	2026-09-29T04:14:43.4369195Z   ^[[32m✓ ^[[0m^[[90mthe thread stop request is accepted^[[0m
sbcl-bin	Run tests	2026-09-29T04:14:43.4469389Z   ^[[32m✓ ^[[0m^[[90mthe server thread exits within five seconds^[[0m
sbcl-bin	Run tests	2026-09-29T04:14:43.4470280Z   ^[[32m✓ ^[[0m^[[90mthe accepted socket closes on stop^[[0m
sbcl-bin	Run tests	2026-09-29T04:14:43.4471237Z   ^[[32m✓ ^[[0m^[[90mthe thread control is removed after cleanup^[[0m
sbcl-bin	Run tests	2026-09-29T04:14:43.4471825Z ^[[37mgraceful-stop-closes-worker-sockets^[[0m
sbcl-bin	Run tests	2026-09-29T04:14:43.6495525Z   ^[[32m✓ ^[[0m^[[90mclustered server registers a graceful stop control^[[0m
sbcl-bin	Run tests	2026-09-29T04:14:43.7516791Z   ^[[32m✓ ^[[0m^[[90mclustered stop request is accepted^[[0m
sbcl-bin	Run tests	2026-09-29T04:14:43.8527509Z   ^[[32m✓ ^[[0m^[[90mclustered server exits within twelve seconds^[[0m
sbcl-bin	Run tests	2026-09-29T04:14:43.8528847Z   ^[[32m✓ ^[[0m^[[90man accepted worker socket closes on stop^[[0m
sbcl-bin	Run tests	2026-09-29T04:14:43.8530086Z   ^[[32m✓ ^[[0m^[[90man accepted worker socket closes on stop^[[0m
sbcl-bin	Run tests	2026-09-29T04:14:43.8551923Z   ^[[32m✓ ^[[0m^[[90man accepted worker socket closes on stop^[[0m
sbcl-bin	Run tests	2026-09-29T04:14:43.8572170Z   ^[[32m✓ ^[[0m^[[90man accepted worker socket closes on stop^[[0m
sbcl-bin	Run tests	2026-09-29T04:14:43.8573112Z   ^[[32m✓ ^[[0m^[[90man accepted worker socket closes on stop^[[0m
sbcl-bin	Run tests	2026-09-29T04:14:43.8573722Z   ^[[32m✓ ^[[0m^[[90man accepted worker socket closes on stop^[[0m
sbcl-bin	Run tests	2026-09-29T04:14:43.8574309Z   ^[[32m✓ ^[[0m^[[90man accepted worker socket closes on stop^[[0m
sbcl-bin	Run tests	2026-09-29T04:14:43.8574905Z   ^[[32m✓ ^[[0m^[[90man accepted worker socket closes on stop^[[0m
sbcl-bin	Run tests	2026-09-29T04:14:43.8575484Z   ^[[32m✓ ^[[0m^[[90man accepted worker socket closes on stop^[[0m
sbcl-bin	Run tests	2026-09-29T04:14:43.8576086Z   ^[[32m✓ ^[[0m^[[90man accepted worker socket closes on stop^[[0m
sbcl-bin	Run tests	2026-09-29T04:14:43.8576666Z   ^[[32m✓ ^[[0m^[[90man accepted worker socket closes on stop^[[0m
sbcl-bin	Run tests	2026-09-29T04:14:43.8577250Z   ^[[32m✓ ^[[0m^[[90man accepted worker socket closes on stop^[[0m
sbcl-bin	Run tests	2026-09-29T04:14:43.8577822Z ^[[37mevent-loop-backend-descriptors-close^[[0m
sbcl-bin	Run tests	2026-09-29T04:14:43.8644302Z   ^[[32m✓ ^[[0m^[[90mdescriptors before=78 after=78^[[0m
sbcl-bin	Run tests	2026-09-29T04:14:43.8645037Z ^[[37mhttp2-preface-detection^[[0m
sbcl-bin	Run tests	2026-09-29T04:14:43.8645678Z   ^[[37mcomplete PRI preface is HTTP/2^[[0m
sbcl-bin	Run tests	2026-09-29T04:14:43.8646298Z     ^[[32m✓ ^[[0m^[[90m24-byte connection preface^[[0m
sbcl-bin	Run tests	2026-09-29T04:14:43.8646967Z     ^[[32m✓ ^[[0m^[[90mExpect (WOO:HTTP2-CONNECTION-PREFACE-MATCH PREFACE 0 24) to be true.^[[0m
sbcl-bin	Run tests	2026-09-29T04:14:43.8647626Z   ^[[37mpartial matching prefix needs more data^[[0m
sbcl-bin	Run tests	2026-09-29T04:14:43.8648357Z     ^[[32m✓ ^[[0m^[[90mExpect (EQ (WOO:LOOKS-LIKE-HTTP2-PREFACE PARTIAL 0 8) :NEED-MORE) to be true.^[[0m
sbcl-bin	Run tests	2026-09-29T04:14:43.8649364Z   ^[[37mHTTP/1 request is not a preface^[[0m
sbcl-bin	Run tests	2026-09-29T04:14:43.8650064Z     ^[[32m✓ ^[[0m^[[90mExpect (EQ (WOO:LOOKS-LIKE-HTTP2-PREFACE GET 0 (LENGTH GET)) :HTTP1) to be true.^[[0m
sbcl-bin	Run tests	2026-09-29T04:14:43.8651000Z   ^[[37mempty buffer waits^[[0m
sbcl-bin	Run tests	2026-09-29T04:14:43.8652043Z     ^[[32m✓ ^[[0m^[[90mExpect (EQ (WOO:LOOKS-LIKE-HTTP2-PREFACE EMPTY 0 0) :NEED-MORE) to be true.^[[0m
sbcl-bin	Run tests	2026-09-29T04:14:43.8652914Z ^[[37mhttp1-replay-after-protocol-detection^[[0m
sbcl-bin	Run tests	2026-09-29T04:14:43.9658179Z   ^[[37mHTTP/1 requests survive the detection replay^[[0m
sbcl-bin	Run tests	2026-09-29T04:14:43.9661455Z     ^[[32m✓ ^[[0m^[[90mheaders and body in the first packet^[[0m
sbcl-bin	Run tests	2026-09-29T04:14:43.9662503Z     ^[[32m✓ ^[[0m^[[90mExpect (SEARCH "POST /echo [hello]" RES) to be true.^[[0m
sbcl-bin	Run tests	2026-09-29T04:14:43.9664562Z     ^[[32m✓ ^[[0m^[[90mfirst packet is a preface prefix^[[0m
sbcl-bin	Run tests	2026-09-29T04:14:43.9665617Z     ^[[32m✓ ^[[0m^[[90mExpect (SEARCH "POST /echo [world]" RES) to be true.^[[0m
sbcl-bin	Run tests	2026-09-29T04:14:43.9667248Z     ^[[32m✓ ^[[0m^[[90mrequest line split after the method^[[0m
sbcl-bin	Run tests	2026-09-29T04:14:43.9668252Z     ^[[32m✓ ^[[0m^[[90mExpect (SEARCH "GET /split []" RES) to be true.^[[0m
sbcl-bin	Run tests	2026-09-29T04:14:43.9669028Z     ^[[32m✓ ^[[0m^[[90mno server thread errors: ^[[0m
sbcl-bin	Run tests	2026-09-29T04:14:44.4673304Z 
sbcl-bin	Run tests	2026-09-29T04:14:44.4674078Z ;; testing 'woo-test.ipv6'
sbcl-bin	Run tests	2026-09-29T04:14:44.4675026Z ^[[37mipv6-tests^[[0m
sbcl-bin	Run tests	2026-09-29T04:14:44.4675846Z NOTICE: Running in debug mode. Debugger will be invoked on errors.
sbcl-bin	Run tests	2026-09-29T04:14:44.5684914Z   Specify ':debug nil' to turn it off on remote environments.  ^[[37mIPv6^[[0m
sbcl-bin	Run tests	2026-09-29T04:14:44.6174441Z     ^[[32m✓ ^[[0m^[[90mExpect (EQL STATUS 200) to be true.^[[0m
sbcl-bin	Run tests	2026-09-29T04:14:44.6175344Z     ^[[32m✓ ^[[0m^[[90mExpect (EQUAL BODY "HelloWorld") to be true.^[[0m
sbcl-bin	Run tests	2026-09-29T04:14:45.1178060Z 
sbcl-bin	Run tests	2026-09-29T04:14:45.1178734Z ;; testing 'woo-test.file-size'
sbcl-bin	Run tests	2026-09-29T04:14:45.1179806Z ^[[37mfd-file-size-single-threaded-tests^[[0m
sbcl-bin	Run tests	2026-09-29T04:14:45.1181122Z   ^[[37mreports the true size of the file behind the fd^[[0m
sbcl-bin	Run tests	2026-09-29T04:14:45.1182779Z     ^[[32m✓ ^[[0m^[[90mExpect (= (WOO::FD-FILE-SIZE FD) *SMALL-SIZE*) to be true.^[[0m
sbcl-bin	Run tests	2026-09-29T04:14:45.1211554Z ^[[37mfd-file-size-concurrency-tests^[[0m
sbcl-bin	Run tests	2026-09-29T04:14:45.1271405Z   ^[[37mconcurrent callers each get their own file's size^[[0m
sbcl-bin	Run tests	2026-09-29T04:14:45.1438553Z     ^[[32m✓ ^[[0m^[[90m0/80000 concurrent fd-file-size calls returned another file's size^[[0m
sbcl-bin	Run tests	2026-09-29T04:14:45.1439926Z ^[[37mfd-file-size-closed-descriptor-tests^[[0m
sbcl-bin	Run tests	2026-09-29T04:14:45.1441008Z   ^[[37ma closed descriptor fails instead of returning stale metadata^[[0m
sbcl-bin	Run tests	2026-09-29T04:14:45.1442521Z     ^[[32m✓ ^[[0m^[[90mExpect (WOO::FD-FILE-SIZE FD) to signal ERROR.^[[0m
sbcl-bin	Run tests	2026-09-29T04:14:45.1443220Z 
sbcl-bin	Run tests	2026-09-29T04:14:45.1443478Z ;; testing 'woo-test.worker'
sbcl-bin	Run tests	2026-09-29T04:14:45.1444190Z ^[[37mlegacy-worker-random-bindings-are-private^[[0m
sbcl-bin	Run tests	2026-09-29T04:14:45.1445205Z   ^[[37mactual legacy workers receive distinct random states^[[0m
sbcl-bin	Run tests	2026-09-29T04:14:45.3453729Z     ^[[32m✓ ^[[0m^[[90mExpect (BT2:WAIT-ON-SEMAPHORE DONE :TIMEOUT 5) to be true.^[[0m
sbcl-bin	Run tests	2026-09-29T04:14:45.3455023Z     ^[[32m✓ ^[[0m^[[90mExpect (BT2:WAIT-ON-SEMAPHORE DONE :TIMEOUT 5) to be true.^[[0m
sbcl-bin	Run tests	2026-09-29T04:14:45.3456158Z     ^[[32m✓ ^[[0m^[[90mExpect (= 2 (LENGTH (REMOVE-DUPLICATES STATES :TEST #'EQ))) to be true.^[[0m
sbcl-bin	Run tests	2026-09-29T04:14:45.3457169Z     ^[[32m✓ ^[[0m^[[90mExpect (MEMBER *RANDOM-STATE* STATES :TEST #'EQ) to be false.^[[0m
sbcl-bin	Run tests	2026-09-29T04:14:45.4456214Z 
sbcl-bin	Run tests	2026-09-29T04:14:45.4456960Z ;; testing 'woo-test.response'
sbcl-bin	Run tests	2026-09-29T04:14:45.4458079Z ^[[37mstatus-code-to-text-tests^[[0m
sbcl-bin	Run tests	2026-09-29T04:14:45.4459038Z   ^[[37mreturns the reason phrase for known codes^[[0m
sbcl-bin	Run tests	2026-09-29T04:14:45.4460209Z     ^[[32m✓ ^[[0m^[[90mExpect (EQUAL (REASON-PHRASE 200) "OK") to be true.^[[0m
sbcl-bin	Run tests	2026-09-29T04:14:45.4461880Z     ^[[32m✓ ^[[0m^[[90mExpect (EQUAL (REASON-PHRASE 404) "Not Found") to be true.^[[0m
sbcl-bin	Run tests	2026-09-29T04:14:45.4463416Z     ^[[32m✓ ^[[0m^[[90mExpect (EQUAL (REASON-PHRASE 500) "Internal Server Error") to be true.^[[0m
sbcl-bin	Run tests	2026-09-29T04:14:45.4464544Z   ^[[37mreturns NIL for unassigned codes^[[0m
sbcl-bin	Run tests	2026-09-29T04:14:45.4465496Z     ^[[32m✓ ^[[0m^[[90mExpect (NULL (REASON-PHRASE 306)) to be true.^[[0m
sbcl-bin	Run tests	2026-09-29T04:14:45.4467101Z     ^[[32m✓ ^[[0m^[[90mExpect (NULL (REASON-PHRASE 419)) to be true.^[[0m
sbcl-bin	Run tests	2026-09-29T04:14:45.4468228Z     ^[[32m✓ ^[[0m^[[90mExpect (NULL (REASON-PHRASE 499)) to be true.^[[0m
sbcl-bin	Run tests	2026-09-29T04:14:45.4469338Z     ^[[32m✓ ^[[0m^[[90mExpect (NULL (REASON-PHRASE 599)) to be true.^[[0m
sbcl-bin	Run tests	2026-09-29T04:14:45.4470099Z   ^[[37mreturns NIL outside the HTTP status range^[[0m
sbcl-bin	Run tests	2026-09-29T04:14:45.4471005Z     ^[[32m✓ ^[[0m^[[90mExpect (NULL (REASON-PHRASE 99)) to be true.^[[0m
sbcl-bin	Run tests	2026-09-29T04:14:45.4471763Z     ^[[32m✓ ^[[0m^[[90mExpect (NULL (REASON-PHRASE 600)) to be true.^[[0m
sbcl-bin	Run tests	2026-09-29T04:14:45.4472449Z ^[[37mstatus-line-format-tests^[[0m
sbcl-bin	Run tests	2026-09-29T04:14:45.4473040Z   ^[[37ma status line is HTTP/1.1 SP code SP reason CRLF^[[0m
sbcl-bin	Run tests	2026-09-29T04:14:45.4473692Z     ^[[32m✓ ^[[0m^[[90mExpect (EQUAL (STATUS-LINE-STRING 200)
sbcl-bin	Run tests	2026-09-29T04:14:45.4474501Z                     (FORMAT NIL "HTTP/1.1 200 OK~C~C" #\Return #\Newline)) to be true.^[[0m
sbcl-bin	Run tests	2026-09-29T04:14:45.4475304Z     ^[[32m✓ ^[[0m^[[90mExpect (EQUAL (STATUS-LINE-STRING 404)
sbcl-bin	Run tests	2026-09-29T04:14:45.4476172Z                     (FORMAT NIL "HTTP/1.1 404 Not Found~C~C" #\Return #\Newline)) to be true.^[[0m
sbcl-bin	Run tests	2026-09-29T04:14:45.4476984Z   ^[[37mevery registered status line is well formed^[[0m
sbcl-bin	Run tests	2026-09-29T04:14:45.4477674Z     ^[[32m✓ ^[[0m^[[90mmalformed status lines for: NIL^[[0m
sbcl-bin	Run tests	2026-09-29T04:14:45.4478360Z   ^[[37mstatus lines are octet vectors, not strings^[[0m
sbcl-bin	Run tests	2026-09-29T04:14:45.4479018Z     ^[[32m✓ ^[[0m^[[90mnon-octet status lines for: NIL^[[0m
sbcl-bin	Run tests	2026-09-29T04:14:45.4479650Z ^[[37mstatus-line-table-consistency-tests^[[0m
sbcl-bin	Run tests	2026-09-29T04:14:45.4480382Z   ^[[37mevery code with a reason phrase is registered in *status-line*^[[0m
sbcl-bin	Run tests	2026-09-29T04:14:45.4481510Z     ^[[32m✓ ^[[0m^[[90mcodes with a reason phrase but no status line: NIL^[[0m
sbcl-bin	Run tests	2026-09-29T04:14:45.4482094Z   ^[[37mevery registered code has a reason phrase^[[0m
sbcl-bin	Run tests	2026-09-29T04:14:45.4482536Z     ^[[32m✓ ^[[0m^[[90mregistered codes with no reason phrase: NIL^[[0m
sbcl-bin	Run tests	2026-09-29T04:14:45.4483020Z   ^[[37mno reason phrase exists beyond the loop's upper bound^[[0m
sbcl-bin	Run tests	2026-09-29T04:14:45.4483493Z     ^[[32m✓ ^[[0m^[[90mreason phrases outside the built range: NIL^[[0m
sbcl-bin	Run tests	2026-09-29T04:14:45.4483872Z ^[[37mrfc-6585-and-8470-status-tests^[[0m
sbcl-bin	Run tests	2026-09-29T04:14:45.4484182Z   ^[[37mRFC 6585 codes are present^[[0m
sbcl-bin	Run tests	2026-09-29T04:14:45.4484657Z     ^[[32m✓ ^[[0m^[[90mExpect (EQUAL (REASON-PHRASE 429) "Too Many Requests") to be true.^[[0m
sbcl-bin	Run tests	2026-09-29T04:14:45.4485516Z     ^[[32m✓ ^[[0m^[[90mExpect (EQUAL (REASON-PHRASE 428) "Precondition Required") to be true.^[[0m
sbcl-bin	Run tests	2026-09-29T04:14:45.4486196Z     ^[[32m✓ ^[[0m^[[90mExpect (EQUAL (REASON-PHRASE 431) "Request Header Fields Too Large") to be true.^[[0m
sbcl-bin	Run tests	2026-09-29T04:14:45.4486904Z     ^[[32m✓ ^[[0m^[[90mExpect (EQUAL (REASON-PHRASE 511) "Network Authentication Required") to be true.^[[0m
sbcl-bin	Run tests	2026-09-29T04:14:45.4487417Z   ^[[37mRFC 8470 425 Too Early is present^[[0m
sbcl-bin	Run tests	2026-09-29T04:14:45.4487861Z     ^[[32m✓ ^[[0m^[[90mExpect (EQUAL (REASON-PHRASE 425) "Too Early") to be true.^[[0m
sbcl-bin	Run tests	2026-09-29T04:14:45.4488306Z   ^[[37mthey render as complete status lines^[[0m
sbcl-bin	Run tests	2026-09-29T04:14:45.4488653Z     ^[[32m✓ ^[[0m^[[90m425 has a status line^[[0m
sbcl-bin	Run tests	2026-09-29T04:14:45.4488979Z     ^[[32m✓ ^[[0m^[[90m428 has a status line^[[0m
sbcl-bin	Run tests	2026-09-29T04:14:45.4489287Z     ^[[32m✓ ^[[0m^[[90m429 has a status line^[[0m
sbcl-bin	Run tests	2026-09-29T04:14:45.4489591Z     ^[[32m✓ ^[[0m^[[90m431 has a status line^[[0m
sbcl-bin	Run tests	2026-09-29T04:14:45.4489895Z     ^[[32m✓ ^[[0m^[[90m511 has a status line^[[0m
sbcl-bin	Run tests	2026-09-29T04:14:45.4490302Z   ^[[37m511 specifically, as it sits on the loop's upper bound^[[0m
sbcl-bin	Run tests	2026-09-29T04:14:45.4491051Z     ^[[32m✓ ^[[0m^[[90mExpect (EQUAL (STATUS-LINE-STRING 511)
sbcl-bin	Run tests	2026-09-29T04:14:45.4491508Z                     (FORMAT NIL "HTTP/1.1 511 Network Authentication Required~C~C"
sbcl-bin	Run tests	2026-09-29T04:14:45.4491978Z                             #\Return #\Newline)) to be true.^[[0m
sbcl-bin	Run tests	2026-09-29T04:14:45.4492339Z ^[[37mcommon-status-coverage-tests^[[0m
sbcl-bin	Run tests	2026-09-29T04:14:45.4492737Z   ^[[37mthe codes a typical app returns are all registered^[[0m
sbcl-bin	Run tests	2026-09-29T04:14:45.4493124Z     ^[[32m✓ ^[[0m^[[90m200 is registered^[[0m
sbcl-bin	Run tests	2026-09-29T04:14:45.4493599Z     ^[[32m✓ ^[[0m^[[90m201 is registered^[[0m
sbcl-bin	Run tests	2026-09-29T04:14:45.4493896Z     ^[[32m✓ ^[[0m^[[90m204 is registered^[[0m
sbcl-bin	Run tests	2026-09-29T04:14:45.4494185Z     ^[[32m✓ ^[[0m^[[90m206 is registered^[[0m
sbcl-bin	Run tests	2026-09-29T04:14:45.4494475Z     ^[[32m✓ ^[[0m^[[90m301 is registered^[[0m
sbcl-bin	Run tests	2026-09-29T04:14:45.4494762Z     ^[[32m✓ ^[[0m^[[90m302 is registered^[[0m
sbcl-bin	Run tests	2026-09-29T04:14:45.4495057Z     ^[[32m✓ ^[[0m^[[90m303 is registered^[[0m
sbcl-bin	Run tests	2026-09-29T04:14:45.4495344Z     ^[[32m✓ ^[[0m^[[90m304 is registered^[[0m
sbcl-bin	Run tests	2026-09-29T04:14:45.4495632Z     ^[[32m✓ ^[[0m^[[90m307 is registered^[[0m
sbcl-bin	Run tests	2026-09-29T04:14:45.4495926Z     ^[[32m✓ ^[[0m^[[90m308 is registered^[[0m
sbcl-bin	Run tests	2026-09-29T04:14:45.4496211Z     ^[[32m✓ ^[[0m^[[90m400 is registered^[[0m
sbcl-bin	Run tests	2026-09-29T04:14:45.4496498Z     ^[[32m✓ ^[[0m^[[90m401 is registered^[[0m
sbcl-bin	Run tests	2026-09-29T04:14:45.4496789Z     ^[[32m✓ ^[[0m^[[90m403 is registered^[[0m
sbcl-bin	Run tests	2026-09-29T04:14:45.4497087Z     ^[[32m✓ ^[[0m^[[90m404 is registered^[[0m
sbcl-bin	Run tests	2026-09-29T04:14:45.4497372Z     ^[[32m✓ ^[[0m^[[90m405 is registered^[[0m
sbcl-bin	Run tests	2026-09-29T04:14:45.4497660Z     ^[[32m✓ ^[[0m^[[90m409 is registered^[[0m
sbcl-bin	Run tests	2026-09-29T04:14:45.4497956Z     ^[[32m✓ ^[[0m^[[90m410 is registered^[[0m
sbcl-bin	Run tests	2026-09-29T04:14:45.4498240Z     ^[[32m✓ ^[[0m^[[90m413 is registered^[[0m
sbcl-bin	Run tests	2026-09-29T04:14:45.4498534Z     ^[[32m✓ ^[[0m^[[90m415 is registered^[[0m
sbcl-bin	Run tests	2026-09-29T04:14:45.4498861Z     ^[[32m✓ ^[[0m^[[90m422 is registered^[[0m
sbcl-bin	Run tests	2026-09-29T04:14:45.4499154Z     ^[[32m✓ ^[[0m^[[90m500 is registered^[[0m
sbcl-bin	Run tests	2026-09-29T04:14:45.4499447Z     ^[[32m✓ ^[[0m^[[90m501 is registered^[[0m
sbcl-bin	Run tests	2026-09-29T04:14:45.4499732Z     ^[[32m✓ ^[[0m^[[90m502 is registered^[[0m
sbcl-bin	Run tests	2026-09-29T04:14:45.4500016Z     ^[[32m✓ ^[[0m^[[90m503 is registered^[[0m
sbcl-bin	Run tests	2026-09-29T04:14:45.4500300Z     ^[[32m✓ ^[[0m^[[90m504 is registered^[[0m
sbcl-bin	Run tests	2026-09-29T04:14:45.4500593Z ^[[37mfinal-status-wire-range^[[0m
sbcl-bin	Run tests	2026-09-29T04:14:45.5483971Z   ^[[37mAll final HTTP statuses reach the wire^[[0m
sbcl-bin	Run tests	2026-09-29T04:14:45.6219511Z     ^[[32m✓ ^[[0m^[[90mbad final statuses: NIL^[[0m
sbcl-bin	Run tests	2026-09-29T04:14:46.1225143Z ^[[37mmalformed-response-is-contained^[[0m
sbcl-bin	Run tests	2026-09-29T04:14:46.2236392Z   ^[[37mMalformed response receives one 500^[[0m
sbcl-bin	Run tests	2026-09-29T04:14:46.2242241Z     ^[[32m✓ ^[[0m^[[90mExpect (UIOP/UTILITY:STRING-PREFIX-P "HTTP/1.1 500 " RESULT) to be true.^[[0m
sbcl-bin	Run tests	2026-09-29T04:14:46.2243290Z     ^[[32m✓ ^[[0m^[[90mExpect (SEARCH "HTTP/1.1 " RESULT :START2 1) to be false.^[[0m
sbcl-bin	Run tests	2026-09-29T04:14:46.8256545Z   ^[[37mMalformed response receives one 500^[[0m
sbcl-bin	Run tests	2026-09-29T04:14:46.8260492Z     ^[[32m✓ ^[[0m^[[90mExpect (UIOP/UTILITY:STRING-PREFIX-P "HTTP/1.1 500 " RESULT) to be true.^[[0m
sbcl-bin	Run tests	2026-09-29T04:14:46.8262132Z     ^[[32m✓ ^[[0m^[[90mExpect (SEARCH "HTTP/1.1 " RESULT :START2 1) to be false.^[[0m
sbcl-bin	Run tests	2026-09-29T04:14:47.4275227Z   ^[[37mMalformed response receives one 500^[[0m
sbcl-bin	Run tests	2026-09-29T04:14:47.4279280Z     ^[[32m✓ ^[[0m^[[90mExpect (UIOP/UTILITY:STRING-PREFIX-P "HTTP/1.1 500 " RESULT) to be true.^[[0m
sbcl-bin	Run tests	2026-09-29T04:14:47.4280125Z     ^[[32m✓ ^[[0m^[[90mExpect (SEARCH "HTTP/1.1 " RESULT :START2 1) to be false.^[[0m
sbcl-bin	Run tests	2026-09-29T04:14:48.0294623Z   ^[[37mMalformed response receives one 500^[[0m
sbcl-bin	Run tests	2026-09-29T04:14:48.0297942Z     ^[[32m✓ ^[[0m^[[90mExpect (UIOP/UTILITY:STRING-PREFIX-P "HTTP/1.1 500 " RESULT) to be true.^[[0m
sbcl-bin	Run tests	2026-09-29T04:14:48.0298814Z     ^[[32m✓ ^[[0m^[[90mExpect (SEARCH "HTTP/1.1 " RESULT :START2 1) to be false.^[[0m
sbcl-bin	Run tests	2026-09-29T04:14:48.6312916Z   ^[[37mMalformed response receives one 500^[[0m
sbcl-bin	Run tests	2026-09-29T04:14:48.6317396Z     ^[[32m✓ ^[[0m^[[90mExpect (UIOP/UTILITY:STRING-PREFIX-P "HTTP/1.1 500 " RESULT) to be true.^[[0m
sbcl-bin	Run tests	2026-09-29T04:14:48.6319045Z     ^[[32m✓ ^[[0m^[[90mExpect (SEARCH "HTTP/1.1 " RESULT :START2 1) to be false.^[[0m
sbcl-bin	Run tests	2026-09-29T04:14:49.2332267Z   ^[[37mMalformed response receives one 500^[[0m
sbcl-bin	Run tests	2026-09-29T04:14:49.2336121Z     ^[[32m✓ ^[[0m^[[90mExpect (UIOP/UTILITY:STRING-PREFIX-P "HTTP/1.1 500 " RESULT) to be true.^[[0m
sbcl-bin	Run tests	2026-09-29T04:14:49.2337516Z     ^[[32m✓ ^[[0m^[[90mExpect (SEARCH "HTTP/1.1 " RESULT :START2 1) to be false.^[[0m
sbcl-bin	Run tests	2026-09-29T04:14:49.8350468Z   ^[[37mMalformed response receives one 500^[[0m
sbcl-bin	Run tests	2026-09-29T04:14:49.8355548Z     ^[[32m✓ ^[[0m^[[90mExpect (UIOP/UTILITY:STRING-PREFIX-P "HTTP/1.1 500 " RESULT) to be true.^[[0m
sbcl-bin	Run tests	2026-09-29T04:14:49.8356416Z     ^[[32m✓ ^[[0m^[[90mExpect (SEARCH "HTTP/1.1 " RESULT :START2 1) to be false.^[[0m
sbcl-bin	Run tests	2026-09-29T04:14:50.4368135Z   ^[[37mMalformed response receives one 500^[[0m
sbcl-bin	Run tests	2026-09-29T04:14:50.4371860Z     ^[[32m✓ ^[[0m^[[90mExpect (UIOP/UTILITY:STRING-PREFIX-P "HTTP/1.1 500 " RESULT) to be true.^[[0m
sbcl-bin	Run tests	2026-09-29T04:14:50.4372960Z     ^[[32m✓ ^[[0m^[[90mExpect (SEARCH "HTTP/1.1 " RESULT :START2 1) to be false.^[[0m
sbcl-bin	Run tests	2026-09-29T04:14:51.0385836Z   ^[[37mMalformed response receives one 500^[[0m
sbcl-bin	Run tests	2026-09-29T04:14:51.0389659Z     ^[[32m✓ ^[[0m^[[90mExpect (UIOP/UTILITY:STRING-PREFIX-P "HTTP/1.1 500 " RESULT) to be true.^[[0m
sbcl-bin	Run tests	2026-09-29T04:14:51.0391043Z     ^[[32m✓ ^[[0m^[[90mExpect (SEARCH "HTTP/1.1 " RESULT :START2 1) to be false.^[[0m
sbcl-bin	Run tests	2026-09-29T04:14:51.6403670Z   ^[[37mMalformed response receives one 500^[[0m
sbcl-bin	Run tests	2026-09-29T04:14:51.6407128Z     ^[[32m✓ ^[[0m^[[90mExpect (UIOP/UTILITY:STRING-PREFIX-P "HTTP/1.1 500 " RESULT) to be true.^[[0m
sbcl-bin	Run tests	2026-09-29T04:14:51.6408091Z     ^[[32m✓ ^[[0m^[[90mExpect (SEARCH "HTTP/1.1 " RESULT :START2 1) to be false.^[[0m
sbcl-bin	Run tests	2026-09-29T04:14:52.2422423Z   ^[[37mMalformed response receives one 500^[[0m
sbcl-bin	Run tests	2026-09-29T04:14:52.2426170Z     ^[[32m✓ ^[[0m^[[90mExpect (UIOP/UTILITY:STRING-PREFIX-P "HTTP/1.1 500 " RESULT) to be true.^[[0m
sbcl-bin	Run tests	2026-09-29T04:14:52.2427298Z     ^[[32m✓ ^[[0m^[[90mExpect (SEARCH "HTTP/1.1 " RESULT :START2 1) to be false.^[[0m
sbcl-bin	Run tests	2026-09-29T04:14:52.8440384Z   ^[[37mMalformed response receives one 500^[[0m
sbcl-bin	Run tests	2026-09-29T04:14:52.8445026Z     ^[[32m✓ ^[[0m^[[90mExpect (UIOP/UTILITY:STRING-PREFIX-P "HTTP/1.1 500 " RESULT) to be true.^[[0m
sbcl-bin	Run tests	2026-09-29T04:14:52.8446193Z     ^[[32m✓ ^[[0m^[[90mExpect (SEARCH "HTTP/1.1 " RESULT :START2 1) to be false.^[[0m
sbcl-bin	Run tests	2026-09-29T04:14:53.3451101Z   ^[[32m✓ ^[[0m^[[90mExpect (EQUAL (WOO::VALIDATE-RESPONSE '(200 NIL "hello")) '(200 NIL ("hello"))) to be true.^[[0m
sbcl-bin	Run tests	2026-09-29T04:14:53.3452842Z   ^[[32m✓ ^[[0m^[[90mExpect (EQUAL (WOO::VALIDATE-RESPONSE '(200 NIL)) '(200 NIL)) to be true.^[[0m
sbcl-bin	Run tests	2026-09-29T04:14:53.3453987Z ^[[37mworker-random-bindings-are-private^[[0m
sbcl-bin	Run tests	2026-09-29T04:14:53.3454847Z   ^[[32m✓ ^[[0m^[[90mExpect A to be an instance of RANDOM-STATE.^[[0m
sbcl-bin	Run tests	2026-09-29T04:14:53.3455794Z   ^[[32m✓ ^[[0m^[[90mExpect B to be an instance of RANDOM-STATE.^[[0m
sbcl-bin	Run tests	2026-09-29T04:14:53.3456595Z   ^[[32m✓ ^[[0m^[[90mExpect (EQ A B) to be false.^[[0m
sbcl-bin	Run tests	2026-09-29T04:14:53.3457422Z   ^[[32m✓ ^[[0m^[[90mExpect (EQ A *RANDOM-STATE*) to be false.^[[0m
sbcl-bin	Run tests	2026-09-29T04:14:53.3458186Z   ^[[32m✓ ^[[0m^[[90mExpect (= (RANDOM 1000000 CALLER)
sbcl-bin	Run tests	2026-09-29T04:14:53.3459573Z               (RANDOM 1000000 (MAKE-RANDOM-STATE *RANDOM-STATE*))) to be true.^[[0m
sbcl-bin	Run tests	2026-09-29T04:14:53.3460333Z ^[[37mempty-status-framing^[[0m
sbcl-bin	Run tests	2026-09-29T04:14:53.4467215Z   ^[[37mBodyless statuses ignore application payload^[[0m
sbcl-bin	Run tests	2026-09-29T04:14:53.4469633Z     ^[[32m✓ ^[[0m^[[90mExpect (SEARCH "must-not-send" RESPONSE) to be false.^[[0m
sbcl-bin	Run tests	2026-09-29T04:14:53.4470378Z     ^[[32m✓ ^[[0m^[[90mExpect (SEARCH "Content-Length:" RESPONSE) to be false.^[[0m
sbcl-bin	Run tests	2026-09-29T04:14:54.0485719Z   ^[[37mBodyless statuses ignore application payload^[[0m
sbcl-bin	Run tests	2026-09-29T04:14:54.0489340Z     ^[[32m✓ ^[[0m^[[90mExpect (SEARCH "must-not-send" RESPONSE) to be false.^[[0m
sbcl-bin	Run tests	2026-09-29T04:14:54.0490400Z     ^[[32m✓ ^[[0m^[[90mExpect (SEARCH "Content-Length: 0" RESPONSE) to be true.^[[0m
sbcl-bin	Run tests	2026-09-29T04:14:54.6505305Z   ^[[37mBodyless statuses ignore application payload^[[0m
sbcl-bin	Run tests	2026-09-29T04:14:54.6509578Z     ^[[32m✓ ^[[0m^[[90mExpect (SEARCH "must-not-send" RESPONSE) to be false.^[[0m
sbcl-bin	Run tests	2026-09-29T04:14:55.1515427Z ^[[37mresponse-framing-and-header-storage^[[0m
sbcl-bin	Run tests	2026-09-29T04:14:55.1517376Z   ^[[32m✓ ^[[0m^[[90mExpect (EQUAL (WOO::VALIDATE-RESPONSE '(200 (:CONTENT-LENGTH 2) ("λ")))
sbcl-bin	Run tests	2026-09-29T04:14:55.1518808Z                   '(200 (:CONTENT-LENGTH 2) ("λ"))) to be true.^[[0m
sbcl-bin	Run tests	2026-09-29T04:14:55.1520314Z   ^[[32m✓ ^[[0m^[[90mExpect (EQUAL (WOO::VALIDATE-RESPONSE '(200 (:CONTENT-LENGTH 0) NIL))
sbcl-bin	Run tests	2026-09-29T04:14:55.1521864Z                   '(200 (:CONTENT-LENGTH 0) NIL)) to be true.^[[0m
sbcl-bin	Run tests	2026-09-29T04:14:55.1523318Z   ^[[32m✓ ^[[0m^[[90mExpect (EQUAL (WOO::VALIDATE-RESPONSE '(200 (:CONTENT-LENGTH 10) NIL) T)
sbcl-bin	Run tests	2026-09-29T04:14:55.1524451Z                   '(200 (:CONTENT-LENGTH 10) NIL)) to be true.^[[0m
sbcl-bin	Run tests	2026-09-29T04:14:55.1525483Z   ^[[32m✓ ^[[0m^[[90mExpect (STRINGP (FIRST NORMALIZED)) to be true.^[[0m
sbcl-bin	Run tests	2026-09-29T04:14:55.1526281Z   ^[[32m✓ ^[[0m^[[90mExpect (NULL (FIND-SYMBOL (STRING-UPCASE KEY) :KEYWORD)) to be true.^[[0m
sbcl-bin	Run tests	2026-09-29T04:14:55.1526944Z   ^[[32m✓ ^[[0m^[[90mExpect (NULL
sbcl-bin	Run tests	2026-09-29T04:14:55.1527270Z             (GETF
sbcl-bin	Run tests	2026-09-29T04:14:55.1527552Z              (SECOND
sbcl-bin	Run tests	2026-09-29T04:14:55.1527878Z               (WOO::VALIDATE-RESPONSE
sbcl-bin	Run tests	2026-09-29T04:14:55.1528303Z                '(200 (:TRANSFER-ENCODING "chunked") ("ok"))))
sbcl-bin	Run tests	2026-09-29T04:14:55.1528855Z              :TRANSFER-ENCODING)) to be true.^[[0m
sbcl-bin	Run tests	2026-09-29T04:14:55.1529445Z ^[[37mlegacy-head-persistent-pipeline-and-utf8-length^[[0m
sbcl-bin	Run tests	2026-09-29T04:14:55.2530464Z   ^[[37mHEAD preserves metadata and pipeline has no HEAD body^[[0m
sbcl-bin	Run tests	2026-09-29T04:14:55.2533730Z     ^[[32m✓ ^[[0m^[[90mExpect FIRST-END to be true.^[[0m
sbcl-bin	Run tests	2026-09-29T04:14:55.2534585Z     ^[[32m✓ ^[[0m^[[90mExpect (SEARCH "content-length: 100" (SUBSEQ WIRE 0 FIRST-END) :TEST
sbcl-bin	Run tests	2026-09-29T04:14:55.2535213Z                      #'CHAR-EQUAL) to be true.^[[0m
sbcl-bin	Run tests	2026-09-29T04:14:55.2535987Z     ^[[32m✓ ^[[0m^[[90mthe pipelined GET starts immediately after HEAD headers^[[0m
sbcl-bin	Run tests	2026-09-29T04:14:55.2536792Z     ^[[32m✓ ^[[0m^[[90mExpect (= 2
sbcl-bin	Run tests	2026-09-29T04:14:55.2537102Z                 (LOOP WITH START = 0
sbcl-bin	Run tests	2026-09-29T04:14:55.2537485Z                       FOR POS = (SEARCH "HTTP/1.1 200" WIRE :START2 START)
sbcl-bin	Run tests	2026-09-29T04:14:55.2537903Z                       WHILE POS
sbcl-bin	Run tests	2026-09-29T04:14:55.2538180Z                       COUNT 1
sbcl-bin	Run tests	2026-09-29T04:14:55.2538818Z                       DO (SETF START (+ POS 1)))) to be true.^[[0m
sbcl-bin	Run tests	2026-09-29T04:14:55.2539922Z     ^[[32m✓ ^[[0m^[[90mExpect (AND GET-END (STRING= (SUBSEQ UTF8-WIRE (+ GET-END 4)) EXPECTED)) to be true.^[[0m
sbcl-bin	Run tests	2026-09-29T04:14:55.2541150Z     ^[[32m✓ ^[[0m^[[90mExpect (AND HEAD-END (= (LENGTH HEAD-WIRE) (+ HEAD-END 4))) to be true.^[[0m
sbcl-bin	Run tests	2026-09-29T04:14:55.2543603Z     ^[[32m✓ ^[[0m^[[90mExpect (SEARCH
sbcl-bin	Run tests	2026-09-29T04:14:55.2544037Z               (FORMAT NIL "content-length: ~D"
sbcl-bin	Run tests	2026-09-29T04:14:55.2544772Z                       (REDUCE #'+ UTF8 :KEY #'TRIVIAL-UTF-8:UTF-8-BYTE-LENGTH))
sbcl-bin	Run tests	2026-09-29T04:14:55.2545411Z               (WOO-TEST::RAW-EXCHANGE CLACK.TEST:*CLACK-TEST-PORT*
sbcl-bin	Run tests	2026-09-29T04:14:55.2545873Z                                       (WOO-TEST::CRLF-LINES "HEAD /utf8 HTTP/1.1"
sbcl-bin	Run tests	2026-09-29T04:14:55.2546308Z                                                             "Host: localhost"
sbcl-bin	Run tests	2026-09-29T04:14:55.2547077Z                                                             "Connection: close" ""))
sbcl-bin	Run tests	2026-09-29T04:14:55.2547554Z               :TEST #'CHAR-EQUAL) to be true.^[[0m
sbcl-bin	Run tests	2026-09-29T04:14:55.7550435Z ^[[37mlegacy-head-pathname-plain-no-payload^[[0m
sbcl-bin	Run tests	2026-09-29T04:14:55.8562094Z   ^[[37mpathname HEAD has no payload^[[0m
sbcl-bin	Run tests	2026-09-29T04:14:55.8568289Z     ^[[32m✓ ^[[0m^[[90mExpect (SEARCH "content-length: 13" WIRE :TEST #'CHAR-EQUAL) to be true.^[[0m
sbcl-bin	Run tests	2026-09-29T04:14:55.8569250Z     ^[[32m✓ ^[[0m^[[90mExpect (AND SECOND-START
sbcl-bin	Run tests	2026-09-29T04:14:55.8569603Z                   (= SECOND-START
sbcl-bin	Run tests	2026-09-29T04:14:55.8570240Z                      (OR (SEARCH "HTTP/1.1 200" WIRE :START2 SECOND-START) -1))) to be true.^[[0m
sbcl-bin	Run tests	2026-09-29T04:14:55.8571566Z     ^[[32m✓ ^[[0m^[[90mExpect (AND SECOND-END (STRING= (SUBSEQ WIRE (+ SECOND-END 4)) "pathname body")) to be true.^[[0m
sbcl-bin	Run tests	2026-09-29T04:14:56.3575615Z ^[[37mlegacy-head-pathname-tls-no-payload^[[0m
sbcl-bin	Run tests	2026-09-29T04:14:56.4588214Z   ^[[37mTLS pathname HEAD has no payload^[[0m
sbcl-bin	Run tests	2026-09-29T04:14:56.5242265Z     ^[[32m✓ ^[[0m^[[90mExpect (= STATUS 200) to be true.^[[0m
sbcl-bin	Run tests	2026-09-29T04:14:56.5243241Z     ^[[32m✓ ^[[0m^[[90mExpect (ZEROP (LENGTH BODY)) to be true.^[[0m
sbcl-bin	Run tests	2026-09-29T04:14:56.5244182Z     ^[[32m✓ ^[[0m^[[90mExpect (STRING= (GETHASH "content-length" HEADERS) "12") to be true.^[[0m
sbcl-bin	Run tests	2026-09-29T04:14:56.5853415Z     ^[[32m✓ ^[[0m^[[90mExpect (STRING=
sbcl-bin	Run tests	2026-09-29T04:14:56.5853944Z               (DEXADOR:GET
sbcl-bin	Run tests	2026-09-29T04:14:56.5854520Z                (FORMAT NIL "https://127.0.0.1:~D/" CLACK.TEST:*CLACK-TEST-PORT*)
sbcl-bin	Run tests	2026-09-29T04:14:56.5855186Z                :KEEP-ALIVE NIL :FORCE-STRING T)
sbcl-bin	Run tests	2026-09-29T04:14:56.5856284Z               "tls pathname") to be true.^[[0m^[[33m (60ms)^[[0m
sbcl-bin	Run tests	2026-09-29T04:14:57.0861719Z 
sbcl-bin	Run tests	2026-09-29T04:14:57.0862475Z ;; testing 'woo-test.tls-stream'
sbcl-bin	Run tests	2026-09-29T04:14:57.0863431Z ^[[37mtls-completed-error-paths-retry-shutdown^[[0m
sbcl-bin	Run tests	2026-09-29T04:14:57.1873487Z   ^[[37mcompleted TLS error closes gracefully^[[0m
sbcl-bin	Run tests	2026-09-29T04:14:57.2383223Z     ^[[32m✓ ^[[0m^[[90mExpect (SEARCH (FORMAT NIL "HTTP/1.1 ~D " STATUS) RESPONSE) to be true.^[[0m
sbcl-bin	Run tests	2026-09-29T04:14:57.2385057Z     ^[[32m✓ ^[[0m^[[90mExpect (SEARCH "Content-Length: 0" RESPONSE) to be true.^[[0m
sbcl-bin	Run tests	2026-09-29T04:14:57.2386458Z     ^[[32m✓ ^[[0m^[[90mserver retried SSL_shutdown after WANT_WRITE^[[0m
sbcl-bin	Run tests	2026-09-29T04:14:57.8397776Z   ^[[37mcompleted TLS error closes gracefully^[[0m
sbcl-bin	Run tests	2026-09-29T04:14:57.8836938Z     ^[[32m✓ ^[[0m^[[90mExpect (SEARCH (FORMAT NIL "HTTP/1.1 ~D " STATUS) RESPONSE) to be true.^[[0m
sbcl-bin	Run tests	2026-09-29T04:14:57.8838378Z     ^[[32m✓ ^[[0m^[[90mExpect (SEARCH "Content-Length: 0" RESPONSE) to be true.^[[0m
sbcl-bin	Run tests	2026-09-29T04:14:57.8839456Z     ^[[32m✓ ^[[0m^[[90mserver retried SSL_shutdown after WANT_WRITE^[[0m
sbcl-bin	Run tests	2026-09-29T04:14:58.3842698Z ^[[37mtls-static-stream-pumps-bounded-chunks^[[0m
sbcl-bin	Run tests	2026-09-29T04:14:58.3843616Z   ^[[37mTLS pathname sends keep at most one 64 KiB chunk pending^[[0m
sbcl-bin	Run tests	2026-09-29T04:14:58.3859300Z     ^[[32m✓ ^[[0m^[[90mExpect (= (WOO.EV.SOCKET::SOCKET-SEND-STREAM-OFFSET SOCKET) 65536) to be true.^[[0m
sbcl-bin	Run tests	2026-09-29T04:14:58.3860720Z     ^[[32m✓ ^[[0m^[[90mExpect (<= (FAST-IO::OUTPUT-BUFFER-LEN (WOO.EV.SOCKET::SOCKET-BUFFER SOCKET))
sbcl-bin	Run tests	2026-09-29T04:14:58.3861806Z                  65536) to be true.^[[0m
sbcl-bin	Run tests	2026-09-29T04:14:58.3862370Z ^[[37mtls-pending-write-isolated-from-new-output^[[0m
sbcl-bin	Run tests	2026-09-29T04:14:58.3863099Z   ^[[37mapplication writes do not mutate bytes awaiting TLS retry^[[0m
sbcl-bin	Run tests	2026-09-29T04:14:58.3863928Z     ^[[32m✓ ^[[0m^[[90mExpect (EQUALP PENDING #(1 2 3 4)) to be true.^[[0m
sbcl-bin	Run tests	2026-09-29T04:14:58.3864998Z     ^[[32m✓ ^[[0m^[[90mExpect (= (WOO.EV.SOCKET::SOCKET-PENDING-WRITE-OFFSET SOCKET) 1) to be true.^[[0m
sbcl-bin	Run tests	2026-09-29T04:14:58.3866453Z     ^[[32m✓ ^[[0m^[[90mExpect (= (FAST-IO::OUTPUT-BUFFER-LEN (WOO.EV.SOCKET::SOCKET-BUFFER SOCKET)) 2) to be true.^[[0m
sbcl-bin	Run tests	2026-09-29T04:14:58.3867327Z ^[[37mtls-ffi-retry-hooks-are-injectable^[[0m
sbcl-bin	Run tests	2026-09-29T04:14:58.3868069Z   ^[[37mWANT results can be supplied without changing the OpenSSL ABI^[[0m
sbcl-bin	Run tests	2026-09-29T04:14:58.3869149Z     ^[[32m✓ ^[[0m^[[90mExpect (= (FUNCALL WOO.EV.SOCKET:*SSL-WRITE-FUNCTION* NIL NIL 8) -1) to be true.^[[0m
sbcl-bin	Run tests	2026-09-29T04:14:58.3870673Z     ^[[32m✓ ^[[0m^[[90mExpect (= (FUNCALL WOO.EV.SOCKET:*SSL-ERROR-FUNCTION* NIL -1)
sbcl-bin	Run tests	2026-09-29T04:14:58.3871826Z                 CL+SSL::+SSL-ERROR-WANT-READ+) to be true.^[[0m
sbcl-bin	Run tests	2026-09-29T04:14:58.3872516Z     ^[[32m✓ ^[[0m^[[90mExpect (= CALLS 1) to be true.^[[0m
sbcl-bin	Run tests	2026-09-29T04:14:58.3873277Z ^[[37mtls-alpn-setup-failure-releases-listener-context^[[0m
sbcl-bin	Run tests	2026-09-29T04:14:58.3874115Z   ^[[37ma failure after ALPN setup releases the listener context^[[0m
sbcl-bin	Run tests	2026-09-29T04:14:58.4050327Z     ^[[32m✓ ^[[0m^[[90mExpect (WOO:RUN (LAMBDA (ENV) (DECLARE (IGNORE ENV)) '(200 NIL ("ok"))) :DEBUG
sbcl-bin	Run tests	2026-09-29T04:14:58.4051550Z                       NIL :WORKER-NUM NIL :SSL-CERT-FILE #P"t/certs/localhost.crt"
sbcl-bin	Run tests	2026-09-29T04:14:58.4052503Z                       :SSL-KEY-FILE #P"t/certs/localhost.key") to signal ERROR.^[[0m
sbcl-bin	Run tests	2026-09-29T04:14:58.4053266Z     ^[[32m✓ ^[[0m^[[90mExpect CONFIGURED to be true.^[[0m
sbcl-bin	Run tests	2026-09-29T04:14:58.4053901Z     ^[[32m✓ ^[[0m^[[90mExpect (= FREED 1) to be true.^[[0m
sbcl-bin	Run tests	2026-09-29T04:14:58.4055049Z     ^[[32m✓ ^[[0m^[[90mExpect (= BASELINE (HASH-TABLE-COUNT WOO.SSL.ALPN::*ALPN-CTX-ARGS*)) to be true.^[[0m
sbcl-bin	Run tests	2026-09-29T04:14:58.4056005Z ^[[37mtls-pathname-live-exact-body-and-clean-eof^[[0m
sbcl-bin	Run tests	2026-09-29T04:14:58.4056825Z   ^[[37ma live TLS pathname response preserves bytes and closes cleanly^[[0m
sbcl-bin	Run tests	2026-09-29T04:14:58.4072295Z NOTICE: Running in debug mode. Debugger will be invoked on errors.
sbcl-bin	Run tests	2026-09-29T04:14:58.5081819Z   Specify ':debug nil' to turn it off on remote environments.    ^[[37mTLS pathname exact body^[[0m
sbcl-bin	Run tests	2026-09-29T04:14:58.5115477Z       ^[[32m✓ ^[[0m^[[90mExpect (SEARCH "HTTP/1.1 200" STATUS) to be true.^[[0m
sbcl-bin	Run tests	2026-09-29T04:14:58.5116613Z       ^[[32m✓ ^[[0m^[[90mExpect (=
sbcl-bin	Run tests	2026-09-29T04:14:58.5117225Z                 (PARSE-INTEGER (CDR (ASSOC "content-length" HEADERS :TEST #'STRING=)))
sbcl-bin	Run tests	2026-09-29T04:14:58.5117752Z                 SIZE) to be true.^[[0m
sbcl-bin	Run tests	2026-09-29T04:14:58.5118121Z       ^[[32m✓ ^[[0m^[[90mExpect (PLUSP N) to be true.^[[0m
sbcl-bin	Run tests	2026-09-29T04:14:58.5127687Z       ^[[32m✓ ^[[0m^[[90mExpect (PLUSP N) to be true.^[[0m
sbcl-bin	Run tests	2026-09-29T04:14:58.5138525Z       ^[[32m✓ ^[[0m^[[90mExpect (PLUSP N) to be true.^[[0m
sbcl-bin	Run tests	2026-09-29T04:14:58.5149470Z       ^[[32m✓ ^[[0m^[[90mExpect (PLUSP N) to be true.^[[0m
sbcl-bin	Run tests	2026-09-29T04:14:58.5160586Z       ^[[32m✓ ^[[0m^[[90mExpect (PLUSP N) to be true.^[[0m
sbcl-bin	Run tests	2026-09-29T04:14:58.5171518Z       ^[[32m✓ ^[[0m^[[90mExpect (PLUSP N) to be true.^[[0m
sbcl-bin	Run tests	2026-09-29T04:14:58.5182522Z       ^[[32m✓ ^[[0m^[[90mExpect (PLUSP N) to be true.^[[0m
sbcl-bin	Run tests	2026-09-29T04:14:58.5193367Z       ^[[32m✓ ^[[0m^[[90mExpect (PLUSP N) to be true.^[[0m
sbcl-bin	Run tests	2026-09-29T04:14:58.5204655Z       ^[[32m✓ ^[[0m^[[90mExpect (PLUSP N) to be true.^[[0m
sbcl-bin	Run tests	2026-09-29T04:14:58.5215503Z       ^[[32m✓ ^[[0m^[[90mExpect (PLUSP N) to be true.^[[0m
sbcl-bin	Run tests	2026-09-29T04:14:58.5226406Z       ^[[32m✓ ^[[0m^[[90mExpect (PLUSP N) to be true.^[[0m
sbcl-bin	Run tests	2026-09-29T04:14:58.5237375Z       ^[[32m✓ ^[[0m^[[90mExpect (PLUSP N) to be true.^[[0m
sbcl-bin	Run tests	2026-09-29T04:14:58.5248519Z       ^[[32m✓ ^[[0m^[[90mExpect (PLUSP N) to be true.^[[0m
sbcl-bin	Run tests	2026-09-29T04:14:58.5259395Z       ^[[32m✓ ^[[0m^[[90mExpect (PLUSP N) to be true.^[[0m
sbcl-bin	Run tests	2026-09-29T04:14:58.5270651Z       ^[[32m✓ ^[[0m^[[90mExpect (PLUSP N) to be true.^[[0m
sbcl-bin	Run tests	2026-09-29T04:14:58.5281755Z       ^[[32m✓ ^[[0m^[[90mExpect (PLUSP N) to be true.^[[0m
sbcl-bin	Run tests	2026-09-29T04:14:58.5292630Z       ^[[32m✓ ^[[0m^[[90mExpect (PLUSP N) to be true.^[[0m
sbcl-bin	Run tests	2026-09-29T04:14:58.5303503Z       ^[[32m✓ ^[[0m^[[90mExpect (PLUSP N) to be true.^[[0m
sbcl-bin	Run tests	2026-09-29T04:14:58.5314324Z       ^[[32m✓ ^[[0m^[[90mExpect (PLUSP N) to be true.^[[0m
sbcl-bin	Run tests	2026-09-29T04:14:58.5325284Z       ^[[32m✓ ^[[0m^[[90mExpect (PLUSP N) to be true.^[[0m
sbcl-bin	Run tests	2026-09-29T04:14:58.5336963Z       ^[[32m✓ ^[[0m^[[90mExpect (PLUSP N) to be true.^[[0m
sbcl-bin	Run tests	2026-09-29T04:14:58.5347938Z       ^[[32m✓ ^[[0m^[[90mExpect (PLUSP N) to be true.^[[0m
sbcl-bin	Run tests	2026-09-29T04:14:58.5358905Z       ^[[32m✓ ^[[0m^[[90mExpect (PLUSP N) to be true.^[[0m
sbcl-bin	Run tests	2026-09-29T04:14:58.5369855Z       ^[[32m✓ ^[[0m^[[90mExpect (PLUSP N) to be true.^[[0m
sbcl-bin	Run tests	2026-09-29T04:14:58.5380950Z       ^[[32m✓ ^[[0m^[[90mExpect (PLUSP N) to be true.^[[0m
sbcl-bin	Run tests	2026-09-29T04:14:58.5391913Z       ^[[32m✓ ^[[0m^[[90mExpect (PLUSP N) to be true.^[[0m
sbcl-bin	Run tests	2026-09-29T04:14:58.5402887Z       ^[[32m✓ ^[[0m^[[90mExpect (PLUSP N) to be true.^[[0m
sbcl-bin	Run tests	2026-09-29T04:14:58.5413779Z       ^[[32m✓ ^[[0m^[[90mExpect (PLUSP N) to be true.^[[0m
sbcl-bin	Run tests	2026-09-29T04:14:58.5424967Z       ^[[32m✓ ^[[0m^[[90mExpect (PLUSP N) to be true.^[[0m
sbcl-bin	Run tests	2026-09-29T04:14:58.5436130Z       ^[[32m✓ ^[[0m^[[90mExpect (PLUSP N) to be true.^[[0m
sbcl-bin	Run tests	2026-09-29T04:14:58.5446821Z       ^[[32m✓ ^[[0m^[[90mExpect (PLUSP N) to be true.^[[0m
sbcl-bin	Run tests	2026-09-29T04:14:58.5457809Z       ^[[32m✓ ^[[0m^[[90mExpect (PLUSP N) to be true.^[[0m
sbcl-bin	Run tests	2026-09-29T04:14:58.5468902Z       ^[[32m✓ ^[[0m^[[90mExpect (PLUSP N) to be true.^[[0m
sbcl-bin	Run tests	2026-09-29T04:14:58.5479789Z       ^[[32m✓ ^[[0m^[[90mExpect (PLUSP N) to be true.^[[0m
sbcl-bin	Run tests	2026-09-29T04:14:58.5490765Z       ^[[32m✓ ^[[0m^[[90mExpect (PLUSP N) to be true.^[[0m
sbcl-bin	Run tests	2026-09-29T04:14:58.5501761Z       ^[[32m✓ ^[[0m^[[90mExpect (PLUSP N) to be true.^[[0m
sbcl-bin	Run tests	2026-09-29T04:14:58.5513262Z       ^[[32m✓ ^[[0m^[[90mExpect (PLUSP N) to be true.^[[0m
sbcl-bin	Run tests	2026-09-29T04:14:58.5524199Z       ^[[32m✓ ^[[0m^[[90mExpect (PLUSP N) to be true.^[[0m
sbcl-bin	Run tests	2026-09-29T04:14:58.5535150Z       ^[[32m✓ ^[[0m^[[90mExpect (PLUSP N) to be true.^[[0m
sbcl-bin	Run tests	2026-09-29T04:14:58.5546060Z       ^[[32m✓ ^[[0m^[[90mExpect (PLUSP N) to be true.^[[0m
sbcl-bin	Run tests	2026-09-29T04:14:58.5556949Z       ^[[32m✓ ^[[0m^[[90mExpect (PLUSP N) to be true.^[[0m
sbcl-bin	Run tests	2026-09-29T04:14:58.5568123Z       ^[[32m✓ ^[[0m^[[90mExpect (PLUSP N) to be true.^[[0m
sbcl-bin	Run tests	2026-09-29T04:14:58.5579349Z       ^[[32m✓ ^[[0m^[[90mExpect (PLUSP N) to be true.^[[0m
sbcl-bin	Run tests	2026-09-29T04:14:58.5590092Z       ^[[32m✓ ^[[0m^[[90mExpect (PLUSP N) to be true.^[[0m
sbcl-bin	Run tests	2026-09-29T04:14:58.5601630Z       ^[[32m✓ ^[[0m^[[90mExpect (PLUSP N) to be true.^[[0m
sbcl-bin	Run tests	2026-09-29T04:14:58.5612515Z       ^[[32m✓ ^[[0m^[[90mExpect (PLUSP N) to be true.^[[0m
sbcl-bin	Run tests	2026-09-29T04:14:58.5623452Z       ^[[32m✓ ^[[0m^[[90mExpect (PLUSP N) to be true.^[[0m
sbcl-bin	Run tests	2026-09-29T04:14:58.5634373Z       ^[[32m✓ ^[[0m^[[90mExpect (PLUSP N) to be true.^[[0m
sbcl-bin	Run tests	2026-09-29T04:14:58.5645483Z       ^[[32m✓ ^[[0m^[[90mExpect (PLUSP N) to be true.^[[0m
sbcl-bin	Run tests	2026-09-29T04:14:58.5656405Z       ^[[32m✓ ^[[0m^[[90mExpect (PLUSP N) to be true.^[[0m
sbcl-bin	Run tests	2026-09-29T04:14:58.5667342Z       ^[[32m✓ ^[[0m^[[90mExpect (PLUSP N) to be true.^[[0m
sbcl-bin	Run tests	2026-09-29T04:14:58.5678257Z       ^[[32m✓ ^[[0m^[[90mExpect (PLUSP N) to be true.^[[0m
sbcl-bin	Run tests	2026-09-29T04:14:58.5689398Z       ^[[32m✓ ^[[0m^[[90mExpect (PLUSP N) to be true.^[[0m
sbcl-bin	Run tests	2026-09-29T04:14:58.5700306Z       ^[[32m✓ ^[[0m^[[90mExpect (PLUSP N) to be true.^[[0m
sbcl-bin	Run tests	2026-09-29T04:14:58.5711217Z       ^[[32m✓ ^[[0m^[[90mExpect (PLUSP N) to be true.^[[0m
sbcl-bin	Run tests	2026-09-29T04:14:58.5722128Z       ^[[32m✓ ^[[0m^[[90mExpect (PLUSP N) to be true.^[[0m
sbcl-bin	Run tests	2026-09-29T04:14:58.5733307Z       ^[[32m✓ ^[[0m^[[90mExpect (PLUSP N) to be true.^[[0m
sbcl-bin	Run tests	2026-09-29T04:14:58.5744172Z       ^[[32m✓ ^[[0m^[[90mExpect (PLUSP N) to be true.^[[0m
sbcl-bin	Run tests	2026-09-29T04:14:58.5755147Z       ^[[32m✓ ^[[0m^[[90mExpect (PLUSP N) to be true.^[[0m
sbcl-bin	Run tests	2026-09-29T04:14:58.5766040Z       ^[[32m✓ ^[[0m^[[90mExpect (PLUSP N) to be true.^[[0m
sbcl-bin	Run tests	2026-09-29T04:14:58.5777204Z       ^[[32m✓ ^[[0m^[[90mExpect (PLUSP N) to be true.^[[0m
sbcl-bin	Run tests	2026-09-29T04:14:58.5788140Z       ^[[32m✓ ^[[0m^[[90mExpect (PLUSP N) to be true.^[[0m
sbcl-bin	Run tests	2026-09-29T04:14:58.5799090Z       ^[[32m✓ ^[[0m^[[90mExpect (PLUSP N) to be true.^[[0m
sbcl-bin	Run tests	2026-09-29T04:14:58.5810067Z       ^[[32m✓ ^[[0m^[[90mExpect (PLUSP N) to be true.^[[0m
sbcl-bin	Run tests	2026-09-29T04:14:58.5821886Z       ^[[32m✓ ^[[0m^[[90mExpect (= OFFSET SIZE) to be true.^[[0m
sbcl-bin	Run tests	2026-09-29T04:14:58.5828010Z       ^[[32m✓ ^[[0m^[[90mExpect (LOOP FOR I BELOW SIZE
sbcl-bin	Run tests	2026-09-29T04:14:58.5828753Z                      ALWAYS (= (AREF GOT I) (MOD (+ I 17) 251))) to be true.^[[0m
sbcl-bin	Run tests	2026-09-29T04:14:58.5829621Z       ^[[32m✓ ^[[0m^[[90mExpect (NULL (READ-BYTE TLS NIL NIL)) to be true.^[[0m
sbcl-bin	Run tests	2026-09-29T04:14:59.0837277Z ^[[37mtls-static-preparation-failures-are-wire-visible^[[0m
sbcl-bin	Run tests	2026-09-29T04:14:59.0838580Z   ^[[37mTLS pathname preparation reports missing, directory, EACCES, and length errors^[[0m
sbcl-bin	Run tests	2026-09-29T04:14:59.0839647Z NOTICE: Running in debug mode. Debugger will be invoked on errors.
sbcl-bin	Run tests	2026-09-29T04:14:59.1849840Z   Specify ':debug nil' to turn it off on remote environments.    ^[[37mTLS pathname preparation failures^[[0m
sbcl-bin	Run tests	2026-09-29T04:14:59.2286206Z       ^[[32m✓ ^[[0m^[[90mExpect (SEARCH "404 Not Found" (REQUEST "/missing")) to be true.^[[0m^[[33m (44ms)^[[0m
sbcl-bin	Run tests	2026-09-29T04:14:59.2715869Z       ^[[32m✓ ^[[0m^[[90mExpect (SEARCH "403 Forbidden" (REQUEST "/directory")) to be true.^[[0m^[[33m (43ms)^[[0m
sbcl-bin	Run tests	2026-09-29T04:14:59.3147202Z       ^[[32m✓ ^[[0m^[[90mExpect (SEARCH "403 Forbidden" (REQUEST "/private")) to be true.^[[0m^[[33m (43ms)^[[0m
sbcl-bin	Run tests	2026-09-29T04:14:59.3577103Z       ^[[32m✓ ^[[0m^[[90mExpect (SEARCH "500 Internal Server Error" (REQUEST "/mismatch")) to be true.^[[0m^[[33m (43ms)^[[0m
sbcl-bin	Run tests	2026-09-29T04:14:59.8581747Z 
sbcl-bin	Run tests	2026-09-29T04:14:59.8582493Z ;; testing 'woo-test.tlsretry'
sbcl-bin	Run tests	2026-09-29T04:14:59.8583637Z ^[[37mtls-retry-keeps-pending-bytes-before-new-output^[[0m
sbcl-bin	Run tests	2026-09-29T04:14:59.8584752Z   ^[[37ma WANT_READ retry preserves order and queue accounting^[[0m
sbcl-bin	Run tests	2026-09-29T04:14:59.8586091Z     ^[[32m✓ ^[[0m^[[90mExpect (NULL (WOO.EV.SOCKET:FLUSH-BUFFER SOCKET)) to be true.^[[0m
sbcl-bin	Run tests	2026-09-29T04:14:59.8587483Z     ^[[32m✓ ^[[0m^[[90mExpect (WOO.EV.SOCKET:FLUSH-BUFFER SOCKET) to be true.^[[0m
sbcl-bin	Run tests	2026-09-29T04:14:59.8588755Z     ^[[32m✓ ^[[0m^[[90mExpect (WOO.EV.SOCKET:ASYNC-WRITE SOCKET) to be true.^[[0m
sbcl-bin	Run tests	2026-09-29T04:14:59.8589692Z     ^[[32m✓ ^[[0m^[[90mExpect (= CALLS 3) to be true.^[[0m
sbcl-bin	Run tests	2026-09-29T04:14:59.8591145Z     ^[[32m✓ ^[[0m^[[90mExpect (EQUAL (NREVERSE WRITES) '((1 2 3 4) (1 2 3 4) (9 8))) to be true.^[[0m
sbcl-bin	Run tests	2026-09-29T04:14:59.8592411Z     ^[[32m✓ ^[[0m^[[90mExpect (= ADMITTED 6) to be true.^[[0m
sbcl-bin	Run tests	2026-09-29T04:14:59.8593270Z     ^[[32m✓ ^[[0m^[[90mExpect (= RELEASED 6) to be true.^[[0m
sbcl-bin	Run tests	2026-09-29T04:14:59.8594831Z     ^[[32m✓ ^[[0m^[[90mExpect (NULL (WOO.EV.SOCKET::SOCKET-PENDING-WRITE-DATA SOCKET)) to be true.^[[0m
sbcl-bin	Run tests	2026-09-29T04:14:59.8595967Z     ^[[32m✓ ^[[0m^[[90mExpect (ZEROP
sbcl-bin	Run tests	2026-09-29T04:14:59.8597476Z               (FAST-IO::OUTPUT-BUFFER-LEN (WOO.EV.SOCKET::SOCKET-BUFFER SOCKET))) to be true.^[[0m
sbcl-bin	Run tests	2026-09-29T04:14:59.8598950Z ^[[37mtls-retry-partials-want-transitions-and-reentrant-release^[[0m
sbcl-bin	Run tests	2026-09-29T04:14:59.8600094Z   ^[[37mpartial progress and both readiness retries preserve accounting^[[0m
sbcl-bin	Run tests	2026-09-29T04:14:59.8601297Z     ^[[32m✓ ^[[0m^[[90mExpect (NULL (WOO.EV.SOCKET:FLUSH-BUFFER SOCKET)) to be true.^[[0m
sbcl-bin	Run tests	2026-09-29T04:14:59.8602612Z     ^[[32m✓ ^[[0m^[[90mExpect (= (WOO.EV.SOCKET::SOCKET-PENDING-WRITE-OFFSET SOCKET) 2) to be true.^[[0m
sbcl-bin	Run tests	2026-09-29T04:14:59.8603791Z     ^[[32m✓ ^[[0m^[[90mExpect (NULL (WOO.EV.SOCKET:FLUSH-BUFFER SOCKET)) to be true.^[[0m
sbcl-bin	Run tests	2026-09-29T04:14:59.8604846Z     ^[[32m✓ ^[[0m^[[90mExpect (NULL (WOO.EV.SOCKET:FLUSH-BUFFER SOCKET)) to be true.^[[0m
sbcl-bin	Run tests	2026-09-29T04:14:59.8606088Z     ^[[32m✓ ^[[0m^[[90mExpect (= (WOO.EV.SOCKET::SOCKET-PENDING-WRITE-OFFSET SOCKET) 4) to be true.^[[0m
sbcl-bin	Run tests	2026-09-29T04:14:59.8607230Z     ^[[32m✓ ^[[0m^[[90mExpect (NULL (WOO.EV.SOCKET:FLUSH-BUFFER SOCKET)) to be true.^[[0m
sbcl-bin	Run tests	2026-09-29T04:14:59.8608290Z     ^[[32m✓ ^[[0m^[[90mExpect (NULL (WOO.EV.SOCKET:FLUSH-BUFFER SOCKET)) to be true.^[[0m
sbcl-bin	Run tests	2026-09-29T04:14:59.8609465Z     ^[[32m✓ ^[[0m^[[90mExpect (WOO.EV.SOCKET::SOCKET-WRITE-WAIT-READ-P SOCKET) to be false.^[[0m
sbcl-bin	Run tests	2026-09-29T04:14:59.8611016Z     ^[[32m✓ ^[[0m^[[90mExpect (PLUSP (LEV:EV-IS-ACTIVE (WOO.EV.SOCKET:SOCKET-WRITE-WATCHER SOCKET))) to be true.^[[0m
sbcl-bin	Run tests	2026-09-29T04:14:59.8612648Z     ^[[32m✓ ^[[0m^[[90mExpect (WOO.EV.SOCKET:FLUSH-BUFFER SOCKET) to be true.^[[0m
sbcl-bin	Run tests	2026-09-29T04:14:59.8613670Z     ^[[32m✓ ^[[0m^[[90mExpect (WOO.EV.SOCKET:ASYNC-WRITE SOCKET) to be true.^[[0m
sbcl-bin	Run tests	2026-09-29T04:14:59.8614504Z     ^[[32m✓ ^[[0m^[[90mExpect (= CALLS 7) to be true.^[[0m
sbcl-bin	Run tests	2026-09-29T04:14:59.8615182Z     ^[[32m✓ ^[[0m^[[90mExpect (EQUAL (NREVERSE WRITES)
sbcl-bin	Run tests	2026-09-29T04:14:59.8616021Z                     '((1 2 3 4 5 6) (3 4 5 6) (3 4 5 6) (5 6) (5 6) (6) (9 8 7))) to be true.^[[0m
sbcl-bin	Run tests	2026-09-29T04:14:59.8616825Z     ^[[32m✓ ^[[0m^[[90mExpect (= ADMITTED 9) to be true.^[[0m
sbcl-bin	Run tests	2026-09-29T04:14:59.8617556Z     ^[[32m✓ ^[[0m^[[90mExpect (= RELEASED 9) to be true.^[[0m
sbcl-bin	Run tests	2026-09-29T04:14:59.8618626Z     ^[[32m✓ ^[[0m^[[90mExpect (NULL (WOO.EV.SOCKET::SOCKET-PENDING-WRITE-DATA SOCKET)) to be true.^[[0m
sbcl-bin	Run tests	2026-09-29T04:14:59.8619485Z     ^[[32m✓ ^[[0m^[[90mExpect (ZEROP
sbcl-bin	Run tests	2026-09-29T04:14:59.8620263Z               (FAST-IO::OUTPUT-BUFFER-LEN (WOO.EV.SOCKET::SOCKET-BUFFER SOCKET))) to be true.^[[0m
sbcl-bin	Run tests	2026-09-29T04:14:59.8621775Z ^[[37mtls-fatal-write-releases-once-and-closes^[[0m
sbcl-bin	Run tests	2026-09-29T04:14:59.8622619Z   ^[[37ma fatal TLS write closes safely and does not reuse its buffer^[[0m
sbcl-bin	Run tests	2026-09-29T04:14:59.8623423Z  <ERROR> [04:14:59] woo.ev.socket - Unexpected TLS write error (Code: 1)
sbcl-bin	Run tests	2026-09-29T04:14:59.8624365Z     ^[[32m✓ ^[[0m^[[90mExpect (WOO.EV.SOCKET:FLUSH-BUFFER SOCKET) to be true.^[[0m
sbcl-bin	Run tests	2026-09-29T04:14:59.8625320Z     ^[[32m✓ ^[[0m^[[90mExpect (WOO.EV.SOCKET:SOCKET-OPEN-P SOCKET) to be false.^[[0m
sbcl-bin	Run tests	2026-09-29T04:14:59.8626119Z     ^[[32m✓ ^[[0m^[[90mExpect (= RELEASED 4) to be true.^[[0m
sbcl-bin	Run tests	2026-09-29T04:14:59.8626873Z     ^[[32m✓ ^[[0m^[[90mExpect (WOO.EV.SOCKET:ASYNC-WRITE SOCKET) to be true.^[[0m
sbcl-bin	Run tests	2026-09-29T04:14:59.8627631Z     ^[[32m✓ ^[[0m^[[90mExpect (= RELEASED 4) to be true.^[[0m
sbcl-bin	Run tests	2026-09-29T04:14:59.8628725Z     ^[[32m✓ ^[[0m^[[90mExpect (NULL (WOO.EV.SOCKET::SOCKET-PENDING-WRITE-DATA SOCKET)) to be true.^[[0m
sbcl-bin	Run tests	2026-09-29T04:14:59.8629381Z ^[[37mtls-shutdown-want-write-survives-flush-completion^[[0m
sbcl-bin	Run tests	2026-09-29T04:14:59.8629848Z   ^[[32m✓ ^[[0m^[[90mExpect (= SHUTDOWN-CALLS 1) to be true.^[[0m
sbcl-bin	Run tests	2026-09-29T04:14:59.8630348Z   ^[[32m✓ ^[[0m^[[90mExpect (WOO.EV.SOCKET:SOCKET-TLS-SHUTDOWN-P SOCKET) to be true.^[[0m
sbcl-bin	Run tests	2026-09-29T04:14:59.8631440Z   ^[[32m✓ ^[[0m^[[90mExpect (PLUSP (LEV:EV-IS-ACTIVE (WOO.EV.SOCKET:SOCKET-WRITE-WATCHER SOCKET))) to be true.^[[0m
sbcl-bin	Run tests	2026-09-29T04:14:59.8632252Z   ^[[32m✓ ^[[0m^[[90mExpect (ZEROP (LEV:EV-IS-ACTIVE (WOO.EV.SOCKET:SOCKET-READ-WATCHER SOCKET))) to be true.^[[0m
sbcl-bin	Run tests	2026-09-29T04:14:59.8632882Z   ^[[32m✓ ^[[0m^[[90mExpect (= SHUTDOWN-CALLS 2) to be true.^[[0m
sbcl-bin	Run tests	2026-09-29T04:14:59.8633366Z   ^[[32m✓ ^[[0m^[[90mExpect (WOO.EV.SOCKET:SOCKET-OPEN-P SOCKET) to be false.^[[0m
sbcl-bin	Run tests	2026-09-29T04:14:59.8633914Z 
sbcl-bin	Run tests	2026-09-29T04:14:59.8634022Z ;; testing 'woo-test.tlsreadretry'
sbcl-bin	Run tests	2026-09-29T04:14:59.8634387Z ^[[37mtls-read-want-write-keeps-write-readiness^[[0m
sbcl-bin	Run tests	2026-09-29T04:14:59.8634883Z   ^[[37mSSL_read WANT_WRITE stops read polling and preserves write retry^[[0m
sbcl-bin	Run tests	2026-09-29T04:14:59.8635364Z     ^[[32m✓ ^[[0m^[[90mExpect (= READ-CALLS 1) to be true.^[[0m
sbcl-bin	Run tests	2026-09-29T04:14:59.8635973Z     ^[[32m✓ ^[[0m^[[90mExpect (WOO.EV.SOCKET::SOCKET-READ-WAIT-WRITE-P SOCKET) to be true.^[[0m
sbcl-bin	Run tests	2026-09-29T04:14:59.8636684Z     ^[[32m✓ ^[[0m^[[90mExpect (ZEROP (LEV:EV-IS-ACTIVE (WOO.EV.SOCKET:SOCKET-READ-WATCHER SOCKET))) to be true.^[[0m
sbcl-bin	Run tests	2026-09-29T04:14:59.8637460Z     ^[[32m✓ ^[[0m^[[90mExpect (PLUSP (LEV:EV-IS-ACTIVE (WOO.EV.SOCKET:SOCKET-WRITE-WATCHER SOCKET))) to be true.^[[0m
sbcl-bin	Run tests	2026-09-29T04:14:59.8638120Z     ^[[32m✓ ^[[0m^[[90mExpect (NULL (WOO.EV.SOCKET:ASYNC-WRITE SOCKET)) to be true.^[[0m
sbcl-bin	Run tests	2026-09-29T04:14:59.8638740Z     ^[[32m✓ ^[[0m^[[90mExpect (WOO.EV.SOCKET::SOCKET-READ-WAIT-WRITE-P SOCKET) to be true.^[[0m
sbcl-bin	Run tests	2026-09-29T04:14:59.8639455Z     ^[[32m✓ ^[[0m^[[90mExpect (PLUSP (LEV:EV-IS-ACTIVE (WOO.EV.SOCKET:SOCKET-WRITE-WATCHER SOCKET))) to be true.^[[0m
sbcl-bin	Run tests	2026-09-29T04:14:59.8640092Z     ^[[32m✓ ^[[0m^[[90mExpect (WOO.EV.SOCKET:ASYNC-WRITE SOCKET) to be true.^[[0m
sbcl-bin	Run tests	2026-09-29T04:14:59.8640551Z     ^[[32m✓ ^[[0m^[[90mExpect (= READ-CALLS 3) to be true.^[[0m
sbcl-bin	Run tests	2026-09-29T04:14:59.8641508Z     ^[[32m✓ ^[[0m^[[90mExpect (WOO.EV.SOCKET::SOCKET-READ-WAIT-WRITE-P SOCKET) to be false.^[[0m
sbcl-bin	Run tests	2026-09-29T04:14:59.8642227Z     ^[[32m✓ ^[[0m^[[90mExpect (PLUSP (LEV:EV-IS-ACTIVE (WOO.EV.SOCKET:SOCKET-READ-WATCHER SOCKET))) to be true.^[[0m
sbcl-bin	Run tests	2026-09-29T04:14:59.8642995Z     ^[[32m✓ ^[[0m^[[90mExpect (ZEROP (LEV:EV-IS-ACTIVE (WOO.EV.SOCKET:SOCKET-WRITE-WATCHER SOCKET))) to be true.^[[0m
sbcl-bin	Run tests	2026-09-29T04:14:59.8643401Z 
sbcl-bin	Run tests	2026-09-29T04:14:59.8643493Z ;; testing 'woo-test.alpn'
sbcl-bin	Run tests	2026-09-29T04:14:59.8643764Z ^[[37mtest-alpn-constants^[[0m
sbcl-bin	Run tests	2026-09-29T04:14:59.8644078Z   ^[[37mALPN error constants have correct values^[[0m
sbcl-bin	Run tests	2026-09-29T04:14:59.8644492Z     ^[[32m✓ ^[[0m^[[90mExpect (= +SSL-TLSEXT-ERR-OK+ 0) to be true.^[[0m
sbcl-bin	Run tests	2026-09-29T04:14:59.8644997Z     ^[[32m✓ ^[[0m^[[90mExpect (= +SSL-TLSEXT-ERR-ALERT-FATAL+ 2) to be true.^[[0m
sbcl-bin	Run tests	2026-09-29T04:14:59.8645495Z     ^[[32m✓ ^[[0m^[[90mExpect (= +SSL-TLSEXT-ERR-NOACK+ 3) to be true.^[[0m
sbcl-bin	Run tests	2026-09-29T04:14:59.8645901Z ^[[37mtest-parse-alpn-protocols-empty^[[0m
sbcl-bin	Run tests	2026-09-29T04:14:59.8646269Z   ^[[37mparse-alpn-protocols handles empty buffer^[[0m
sbcl-bin	Run tests	2026-09-29T04:14:59.8646827Z     ^[[32m✓ ^[[0m^[[90mExpect (NULL RESULT) to be true.^[[0m
sbcl-bin	Run tests	2026-09-29T04:14:59.8647188Z ^[[37mtest-parse-alpn-protocols-single^[[0m
sbcl-bin	Run tests	2026-09-29T04:14:59.8647600Z   ^[[37mparse-alpn-protocols parses single protocol^[[0m
sbcl-bin	Run tests	2026-09-29T04:14:59.8648018Z     ^[[32m✓ ^[[0m^[[90mExpect (EQUAL RESULT '("h2")) to be true.^[[0m
sbcl-bin	Run tests	2026-09-29T04:14:59.8648409Z ^[[37mtest-parse-alpn-protocols-multiple^[[0m
sbcl-bin	Run tests	2026-09-29T04:14:59.8648804Z   ^[[37mparse-alpn-protocols parses multiple protocols^[[0m
sbcl-bin	Run tests	2026-09-29T04:14:59.8649264Z     ^[[32m✓ ^[[0m^[[90mExpect (EQUAL RESULT '("h2" "http/1.1")) to be true.^[[0m
sbcl-bin	Run tests	2026-09-29T04:14:59.8649714Z ^[[37mtest-parse-alpn-protocols-three-protocols^[[0m
sbcl-bin	Run tests	2026-09-29T04:14:59.8650125Z   ^[[37mparse-alpn-protocols parses three protocols^[[0m
sbcl-bin	Run tests	2026-09-29T04:14:59.8650587Z     ^[[32m✓ ^[[0m^[[90mExpect (EQUAL RESULT '("h2" "http/1.1" "h3")) to be true.^[[0m
sbcl-bin	Run tests	2026-09-29T04:14:59.8651335Z ^[[37mtest-parse-alpn-protocols-zero-length-protocol^[[0m
sbcl-bin	Run tests	2026-09-29T04:14:59.8651785Z   ^[[37mparse-alpn-protocols skips zero-length protocol^[[0m
sbcl-bin	Run tests	2026-09-29T04:14:59.8652213Z     ^[[32m✓ ^[[0m^[[90mExpect (EQUAL RESULT '("h2")) to be true.^[[0m
sbcl-bin	Run tests	2026-09-29T04:14:59.8652602Z ^[[37mtest-parse-alpn-protocols-truncated^[[0m
sbcl-bin	Run tests	2026-09-29T04:14:59.8653037Z   ^[[37mparse-alpn-protocols handles truncated buffer gracefully^[[0m
sbcl-bin	Run tests	2026-09-29T04:14:59.8653470Z     ^[[32m✓ ^[[0m^[[90mExpect (NULL RESULT) to be true.^[[0m
sbcl-bin	Run tests	2026-09-29T04:14:59.8653874Z ^[[37mtest-parse-alpn-protocols-truncated-after-valid^[[0m
sbcl-bin	Run tests	2026-09-29T04:14:59.8654392Z   ^[[37ma truncated entry does not discard an earlier protocol or read past inlen^[[0m
sbcl-bin	Run tests	2026-09-29T04:14:59.8654897Z     ^[[32m✓ ^[[0m^[[90mExpect (EQUAL RESULT '("h2")) to be true.^[[0m
sbcl-bin	Run tests	2026-09-29T04:14:59.8655424Z ^[[37mtest-find-protocol-in-buffer-found^[[0m
sbcl-bin	Run tests	2026-09-29T04:14:59.8655812Z   ^[[37mfind-protocol-in-buffer finds existing protocol^[[0m
sbcl-bin	Run tests	2026-09-29T04:14:59.8656215Z     ^[[32m✓ ^[[0m^[[90mExpect (NULL PTR) to be false.^[[0m
sbcl-bin	Run tests	2026-09-29T04:14:59.8656577Z     ^[[32m✓ ^[[0m^[[90mExpect (= LEN 2) to be true.^[[0m
sbcl-bin	Run tests	2026-09-29T04:14:59.8657035Z     ^[[32m✓ ^[[0m^[[90mExpect (= (MEM-AREF PTR :UNSIGNED-CHAR 0) 104) to be true.^[[0m
sbcl-bin	Run tests	2026-09-29T04:14:59.8657565Z     ^[[32m✓ ^[[0m^[[90mExpect (= (MEM-AREF PTR :UNSIGNED-CHAR 1) 50) to be true.^[[0m
sbcl-bin	Run tests	2026-09-29T04:14:59.8658037Z ^[[37mtest-find-protocol-in-buffer-second-protocol^[[0m
sbcl-bin	Run tests	2026-09-29T04:14:59.8658454Z   ^[[37mfind-protocol-in-buffer finds second protocol^[[0m
sbcl-bin	Run tests	2026-09-29T04:14:59.8658838Z     ^[[32m✓ ^[[0m^[[90mExpect (NULL PTR) to be false.^[[0m
sbcl-bin	Run tests	2026-09-29T04:14:59.8659189Z     ^[[32m✓ ^[[0m^[[90mExpect (= LEN 8) to be true.^[[0m
sbcl-bin	Run tests	2026-09-29T04:14:59.8659626Z     ^[[32m✓ ^[[0m^[[90mExpect (= (MEM-AREF PTR :UNSIGNED-CHAR 0) 104) to be true.^[[0m
sbcl-bin	Run tests	2026-09-29T04:14:59.8660169Z     ^[[32m✓ ^[[0m^[[90mExpect (= (MEM-AREF PTR :UNSIGNED-CHAR 1) 116) to be true.^[[0m
sbcl-bin	Run tests	2026-09-29T04:14:59.8660943Z     ^[[32m✓ ^[[0m^[[90mExpect (= (MEM-AREF PTR :UNSIGNED-CHAR 2) 116) to be true.^[[0m
sbcl-bin	Run tests	2026-09-29T04:14:59.8661480Z ^[[37mtest-find-protocol-in-buffer-not-found^[[0m
sbcl-bin	Run tests	2026-09-29T04:14:59.8661952Z   ^[[37mfind-protocol-in-buffer returns nil when protocol not found^[[0m
sbcl-bin	Run tests	2026-09-29T04:14:59.8662420Z     ^[[32m✓ ^[[0m^[[90mExpect (NULL PTR) to be true.^[[0m
sbcl-bin	Run tests	2026-09-29T04:14:59.8662781Z     ^[[32m✓ ^[[0m^[[90mExpect (NULL LEN) to be true.^[[0m
sbcl-bin	Run tests	2026-09-29T04:14:59.8663130Z ^[[37mtest-find-protocol-in-buffer-empty^[[0m
sbcl-bin	Run tests	2026-09-29T04:14:59.8663507Z   ^[[37mfind-protocol-in-buffer handles empty buffer^[[0m
sbcl-bin	Run tests	2026-09-29T04:14:59.8663883Z     ^[[32m✓ ^[[0m^[[90mExpect (NULL PTR) to be true.^[[0m
sbcl-bin	Run tests	2026-09-29T04:14:59.8664231Z     ^[[32m✓ ^[[0m^[[90mExpect (NULL LEN) to be true.^[[0m
sbcl-bin	Run tests	2026-09-29T04:14:59.8664611Z ^[[37mtest-find-protocol-in-buffer-partial-match^[[0m
sbcl-bin	Run tests	2026-09-29T04:14:59.8665059Z   ^[[37mfind-protocol-in-buffer doesn't match partial strings^[[0m
sbcl-bin	Run tests	2026-09-29T04:14:59.8665480Z     ^[[32m✓ ^[[0m^[[90mExpect (NULL PTR) to be true.^[[0m
sbcl-bin	Run tests	2026-09-29T04:14:59.8665827Z     ^[[32m✓ ^[[0m^[[90mExpect (NULL LEN) to be true.^[[0m
sbcl-bin	Run tests	2026-09-29T04:14:59.8666202Z ^[[37mtest-find-protocol-in-buffer-truncated-entry^[[0m
sbcl-bin	Run tests	2026-09-29T04:14:59.8666739Z   ^[[37mfind-protocol-in-buffer does not read past inlen^[[0m
sbcl-bin	Run tests	2026-09-29T04:14:59.8667546Z     ^[[32m✓ ^[[0m^[[90mtruncated h2 is not a match^[[0m
sbcl-bin	Run tests	2026-09-29T04:14:59.8667904Z     ^[[32m✓ ^[[0m^[[90mExpect (NULL LEN) to be true.^[[0m
sbcl-bin	Run tests	2026-09-29T04:14:59.8668250Z     ^[[32m✓ ^[[0m^[[90min-bounds h3 is still found^[[0m
sbcl-bin	Run tests	2026-09-29T04:14:59.8668600Z     ^[[32m✓ ^[[0m^[[90mExpect (= LEN 2) to be true.^[[0m
sbcl-bin	Run tests	2026-09-29T04:14:59.8668947Z     ^[[32m✓ ^[[0m^[[90mExpect (NULL PTR) to be true.^[[0m
sbcl-bin	Run tests	2026-09-29T04:14:59.8669298Z     ^[[32m✓ ^[[0m^[[90mExpect (NULL LEN) to be true.^[[0m
sbcl-bin	Run tests	2026-09-29T04:14:59.8669638Z ^[[37mtest-make-alpn-selector-basic^[[0m
sbcl-bin	Run tests	2026-09-29T04:14:59.8669998Z   ^[[37mmake-alpn-selector creates working selector^[[0m
sbcl-bin	Run tests	2026-09-29T04:14:59.8670420Z     ^[[32m✓ ^[[0m^[[90mExpect (FUNCTIONP SELECTOR) to be true.^[[0m
sbcl-bin	Run tests	2026-09-29T04:14:59.8671195Z     ^[[32m✓ ^[[0m^[[90mExpect (STRING= RESULT "h2") to be true.^[[0m
sbcl-bin	Run tests	2026-09-29T04:14:59.8671689Z     ^[[32m✓ ^[[0m^[[90mExpect (STRING= RESULT "http/1.1") to be true.^[[0m
sbcl-bin	Run tests	2026-09-29T04:14:59.8672204Z ^[[37mtest-make-alpn-selector-order-preference^[[0m
sbcl-bin	Run tests	2026-09-29T04:14:59.8672657Z   ^[[37mmake-alpn-selector respects server preference order^[[0m
sbcl-bin	Run tests	2026-09-29T04:14:59.8673092Z     ^[[32m✓ ^[[0m^[[90mExpect (STRING= RESULT "h2") to be true.^[[0m
sbcl-bin	Run tests	2026-09-29T04:14:59.8673469Z ^[[37mtest-make-alpn-selector-no-match^[[0m
sbcl-bin	Run tests	2026-09-29T04:14:59.8673841Z   ^[[37mmake-alpn-selector returns nil when no match^[[0m
sbcl-bin	Run tests	2026-09-29T04:14:59.8674227Z     ^[[32m✓ ^[[0m^[[90mExpect (NULL RESULT) to be true.^[[0m
sbcl-bin	Run tests	2026-09-29T04:14:59.8674622Z ^[[37mtest-make-alpn-selector-empty-client-list^[[0m
sbcl-bin	Run tests	2026-09-29T04:14:59.8675027Z   ^[[37mmake-alpn-selector handles empty client list^[[0m
sbcl-bin	Run tests	2026-09-29T04:14:59.8675410Z     ^[[32m✓ ^[[0m^[[90mExpect (NULL RESULT) to be true.^[[0m
sbcl-bin	Run tests	2026-09-29T04:14:59.8675978Z ^[[37mtest-make-alpn-selector-empty-preferred-list^[[0m
sbcl-bin	Run tests	2026-09-29T04:14:59.8676442Z   ^[[37mmake-alpn-selector with empty preference list returns nil^[[0m
sbcl-bin	Run tests	2026-09-29T04:14:59.8676879Z     ^[[32m✓ ^[[0m^[[90mExpect (NULL RESULT) to be true.^[[0m
sbcl-bin	Run tests	2026-09-29T04:14:59.8677253Z ^[[37mtest-make-alpn-selector-single-protocol^[[0m
sbcl-bin	Run tests	2026-09-29T04:14:59.8677658Z   ^[[37mmake-alpn-selector works with single protocol^[[0m
sbcl-bin	Run tests	2026-09-29T04:14:59.8678087Z     ^[[32m✓ ^[[0m^[[90mExpect (STRING= RESULT "http/1.1") to be true.^[[0m
sbcl-bin	Run tests	2026-09-29T04:14:59.8678502Z     ^[[32m✓ ^[[0m^[[90mExpect (NULL RESULT) to be true.^[[0m
sbcl-bin	Run tests	2026-09-29T04:14:59.8678874Z ^[[37mtest-make-alpn-selector-case-sensitive^[[0m
sbcl-bin	Run tests	2026-09-29T04:14:59.8679249Z   ^[[37mmake-alpn-selector is case-sensitive^[[0m
sbcl-bin	Run tests	2026-09-29T04:14:59.8679608Z     ^[[32m✓ ^[[0m^[[90mExpect (NULL RESULT) to be true.^[[0m
sbcl-bin	Run tests	2026-09-29T04:14:59.8679992Z ^[[37mtest-make-alpn-selector-multiple-matches^[[0m
sbcl-bin	Run tests	2026-09-29T04:14:59.8680443Z   ^[[37mmake-alpn-selector returns first match in preference order^[[0m
sbcl-bin	Run tests	2026-09-29T04:14:59.8681108Z     ^[[32m✓ ^[[0m^[[90mExpect (STRING= RESULT "h2") to be true.^[[0m
sbcl-bin	Run tests	2026-09-29T04:14:59.8681525Z     ^[[32m✓ ^[[0m^[[90mExpect (STRING= RESULT "h3") to be true.^[[0m
sbcl-bin	Run tests	2026-09-29T04:14:59.8681893Z ^[[37mtest-alpn-protocols-default^[[0m
sbcl-bin	Run tests	2026-09-29T04:14:59.8682245Z   ^[[37m*alpn-protocols* has correct default value^[[0m
sbcl-bin	Run tests	2026-09-29T04:14:59.8682895Z     ^[[32m✓ ^[[0m^[[90mExpect (EQUAL (SYMBOL-VALUE (FIND-SYMBOL "*ALPN-PROTOCOLS*" :WOO.SSL))
sbcl-bin	Run tests	2026-09-29T04:14:59.8683369Z                     '("http/1.1")) to be true.^[[0m
sbcl-bin	Run tests	2026-09-29T04:14:59.8683709Z ^[[37mtest-alpn-callback-arg-roundtrip^[[0m
sbcl-bin	Run tests	2026-09-29T04:14:59.8684111Z   ^[[37mpreferred protocols encoded in a private callback arg^[[0m
sbcl-bin	Run tests	2026-09-29T04:14:59.8684554Z     ^[[32m✓ ^[[0m^[[90meach encode allocates its own buffer^[[0m
sbcl-bin	Run tests	2026-09-29T04:14:59.8685004Z     ^[[32m✓ ^[[0m^[[90mearlier buffer is not freed by a later encode^[[0m
sbcl-bin	Run tests	2026-09-29T04:14:59.8685675Z     ^[[32m✓ ^[[0m^[[90mExpect (EQUAL (WOO.SSL.ALPN::PROTOCOLS-FROM-ARG SECOND) '("http/1.1")) to be true.^[[0m
sbcl-bin	Run tests	2026-09-29T04:14:59.8686214Z ^[[37mtest-alpn-arg-per-context^[[0m
sbcl-bin	Run tests	2026-09-29T04:14:59.8686648Z   ^[[37meach SSL_CTX has its own callback arg and reconfigure does not free it^[[0m
sbcl-bin	Run tests	2026-09-29T04:14:59.8687151Z     ^[[32m✓ ^[[0m^[[90munchanged protocols keep the same pointer^[[0m
sbcl-bin	Run tests	2026-09-29T04:14:59.8687567Z     ^[[32m✓ ^[[0m^[[90mcontexts do not share one C buffer^[[0m
sbcl-bin	Run tests	2026-09-29T04:14:59.8688185Z     ^[[32m✓ ^[[0m^[[90mExpect (EQUAL (WOO.SSL.ALPN::PROTOCOLS-FROM-ARG A1) '("h2" "http/1.1")) to be true.^[[0m
sbcl-bin	Run tests	2026-09-29T04:14:59.8689004Z     ^[[32m✓ ^[[0m^[[90mExpect (EQUAL (WOO.SSL.ALPN::PROTOCOLS-FROM-ARG B1) '("http/1.1")) to be true.^[[0m
sbcl-bin	Run tests	2026-09-29T04:14:59.8689519Z     ^[[32m✓ ^[[0m^[[90ma new list gets a new buffer^[[0m
sbcl-bin	Run tests	2026-09-29T04:14:59.8689883Z     ^[[32m✓ ^[[0m^[[90mprevious arg is still readable^[[0m
sbcl-bin	Run tests	2026-09-29T04:14:59.8690429Z     ^[[32m✓ ^[[0m^[[90mExpect (EQUAL (WOO.SSL.ALPN::PROTOCOLS-FROM-ARG A3) '("h2")) to be true.^[[0m
sbcl-bin	Run tests	2026-09-29T04:14:59.8691069Z     ^[[32m✓ ^[[0m^[[90mthe other context is untouched^[[0m
sbcl-bin	Run tests	2026-09-29T04:14:59.8691594Z ^[[37mtest-alpn-callback-inbounds-and-truncated^[[0m
sbcl-bin	Run tests	2026-09-29T04:14:59.8692095Z   ^[[37mALPN callback selects an in-bounds protocol and rejects a truncated list^[[0m
sbcl-bin	Run tests	2026-09-29T04:14:59.8692621Z     ^[[32m✓ ^[[0m^[[90mExpect (= RC +SSL-TLSEXT-ERR-OK+) to be true.^[[0m
sbcl-bin	Run tests	2026-09-29T04:14:59.8693031Z     ^[[32m✓ ^[[0m^[[90mExpect (= OUTLEN 2) to be true.^[[0m
sbcl-bin	Run tests	2026-09-29T04:14:59.8693476Z     ^[[32m✓ ^[[0m^[[90mExpect (CFFI-SYS:NULL-POINTER-P OUT) to be false.^[[0m
sbcl-bin	Run tests	2026-09-29T04:14:59.8693994Z     ^[[32m✓ ^[[0m^[[90mExpect (= (MEM-AREF OUT :UNSIGNED-CHAR 0) 104) to be true.^[[0m
sbcl-bin	Run tests	2026-09-29T04:14:59.8694528Z     ^[[32m✓ ^[[0m^[[90mExpect (= (MEM-AREF OUT :UNSIGNED-CHAR 1) 50) to be true.^[[0m
sbcl-bin	Run tests	2026-09-29T04:14:59.8695027Z     ^[[32m✓ ^[[0m^[[90mExpect (= RC +SSL-TLSEXT-ERR-NOACK+) to be true.^[[0m
sbcl-bin	Run tests	2026-09-29T04:14:59.8695476Z     ^[[32m✓ ^[[0m^[[90mtruncated match must not publish a length^[[0m
sbcl-bin	Run tests	2026-09-29T04:14:59.8695954Z     ^[[32m✓ ^[[0m^[[90mtruncated match must not publish a pointer past inlen^[[0m
sbcl-bin	Run tests	2026-09-29T04:14:59.8696390Z ^[[37mtest-alpn-truncated-allocation^[[0m
sbcl-bin	Run tests	2026-09-29T04:14:59.8696810Z   ^[[37mscanner and callback do not read past a truncated ALPN buffer^[[0m
sbcl-bin	Run tests	2026-09-29T04:14:59.8697245Z     ^[[32m✓ ^[[0m^[[90mExpect (NULL PTR) to be true.^[[0m
sbcl-bin	Run tests	2026-09-29T04:14:59.8697599Z     ^[[32m✓ ^[[0m^[[90mExpect (NULL LEN) to be true.^[[0m
sbcl-bin	Run tests	2026-09-29T04:14:59.8697963Z     ^[[32m✓ ^[[0m^[[90mExpect (NULL PTR) to be false.^[[0m
sbcl-bin	Run tests	2026-09-29T04:14:59.8698323Z     ^[[32m✓ ^[[0m^[[90mExpect (= LEN 2) to be true.^[[0m
sbcl-bin	Run tests	2026-09-29T04:14:59.8698764Z     ^[[32m✓ ^[[0m^[[90mExpect (= (MEM-AREF PTR :UNSIGNED-CHAR 0) 104) to be true.^[[0m
sbcl-bin	Run tests	2026-09-29T04:14:59.8699297Z     ^[[32m✓ ^[[0m^[[90mExpect (= (MEM-AREF PTR :UNSIGNED-CHAR 1) 50) to be true.^[[0m
sbcl-bin	Run tests	2026-09-29T04:14:59.8699778Z     ^[[32m✓ ^[[0m^[[90mExpect (= RC +SSL-TLSEXT-ERR-OK+) to be true.^[[0m
sbcl-bin	Run tests	2026-09-29T04:14:59.8700188Z     ^[[32m✓ ^[[0m^[[90mExpect (= OUTLEN 2) to be true.^[[0m
sbcl-bin	Run tests	2026-09-29T04:14:59.8700614Z     ^[[32m✓ ^[[0m^[[90mExpect (CFFI-SYS:NULL-POINTER-P OUT) to be false.^[[0m
sbcl-bin	Run tests	2026-09-29T04:14:59.8701444Z     ^[[32m✓ ^[[0m^[[90mExpect (= (MEM-AREF OUT :UNSIGNED-CHAR 0) 104) to be true.^[[0m
sbcl-bin	Run tests	2026-09-29T04:14:59.8701995Z     ^[[32m✓ ^[[0m^[[90mExpect (= (MEM-AREF OUT :UNSIGNED-CHAR 1) 50) to be true.^[[0m
sbcl-bin	Run tests	2026-09-29T04:14:59.8702498Z     ^[[32m✓ ^[[0m^[[90mExpect (= RC +SSL-TLSEXT-ERR-NOACK+) to be true.^[[0m
sbcl-bin	Run tests	2026-09-29T04:14:59.8703068Z     ^[[32m✓ ^[[0m^[[90mExpect (= OUTLEN 0) to be true.^[[0m
sbcl-bin	Run tests	2026-09-29T04:14:59.8703494Z     ^[[32m✓ ^[[0m^[[90mExpect (CFFI-SYS:NULL-POINTER-P OUT) to be true.^[[0m
sbcl-bin	Run tests	2026-09-29T04:14:59.8703929Z ^[[37mtest-tls-slow-reader-preserves-exact-body^[[0m
sbcl-bin	Run tests	2026-09-29T04:14:59.8704365Z   ^[[37ma slow TLS reader receives every response byte in order^[[0m
sbcl-bin	Run tests	2026-09-29T04:14:59.8704788Z NOTICE: Running in debug mode. Debugger will be invoked on errors.
sbcl-bin	Run tests	2026-09-29T04:14:59.9636120Z   Specify ':debug nil' to turn it off on remote environments.    ^[[37mTLS slow reader^[[0m
sbcl-bin	Run tests	2026-09-29T04:15:00.2454463Z       ^[[32m✓ ^[[0m^[[90mExpect (= RECEIVED-SIZE (LENGTH BODY)) to be true.^[[0m
sbcl-bin	Run tests	2026-09-29T04:15:00.2455733Z       ^[[32m✓ ^[[0m^[[90mExpect EXACT-P to be true.^[[0m
sbcl-bin	Run tests	2026-09-29T04:15:00.7458670Z ^[[37mtest-fullchain-context-loads^[[0m
sbcl-bin	Run tests	2026-09-29T04:15:00.7459506Z   ^[[37ma listener context accepts a leaf followed by an intermediate^[[0m
sbcl-bin	Run tests	2026-09-29T04:15:00.7645111Z     ^[[32m✓ ^[[0m^[[90mExpect CTX to be true.^[[0m
sbcl-bin	Run tests	2026-09-29T04:15:00.7651600Z ^[[37mtest-listener-alpn-setup-failure-releases-context^[[0m
sbcl-bin	Run tests	2026-09-29T04:15:00.7652600Z   ^[[37ma failure after installing ALPN releases the listener context^[[0m
sbcl-bin	Run tests	2026-09-29T04:15:00.7834590Z     ^[[32m✓ ^[[0m^[[90mExpect (WOO:RUN (LAMBDA (ENV) (DECLARE (IGNORE ENV)) '(200 NIL ("ok"))) :DEBUG
sbcl-bin	Run tests	2026-09-29T04:15:00.7835513Z                       NIL :WORKER-NUM NIL :HANDLE-SIGNALS NIL :SSL-CERT-FILE
sbcl-bin	Run tests	2026-09-29T04:15:00.7836153Z                       (CERT-PATH "localhost.crt") :SSL-KEY-FILE
sbcl-bin	Run tests	2026-09-29T04:15:00.7836753Z                       (CERT-PATH "localhost.key")) to signal ERROR.^[[0m
sbcl-bin	Run tests	2026-09-29T04:15:00.7837280Z     ^[[32m✓ ^[[0m^[[90mExpect CONFIGURED to be true.^[[0m
sbcl-bin	Run tests	2026-09-29T04:15:00.7838109Z     ^[[32m✓ ^[[0m^[[90mExpect (= FREED 1) to be true.^[[0m
sbcl-bin	Run tests	2026-09-29T04:15:00.7839027Z     ^[[32m✓ ^[[0m^[[90mExpect (= BASELINE (HASH-TABLE-COUNT WOO.SSL.ALPN::*ALPN-CTX-ARGS*)) to be true.^[[0m
sbcl-bin	Run tests	2026-09-29T04:15:00.7839767Z ^[[37mtest-chain-trust-and-missing-intermediate^[[0m
sbcl-bin	Run tests	2026-09-29T04:15:00.7840466Z   ^[[37mOpenSSL trusts the complete chain and rejects a leaf without its intermediate^[[0m
sbcl-bin	Run tests	2026-09-29T04:35:43.7694838Z ##[error]The operation was canceled.
sbcl-bin	Post Run actions/checkout@v4	﻿2026-09-29T04:35:43.7827528Z Post job cleanup.
sbcl-bin	Post Run actions/checkout@v4	2026-09-29T04:35:43.8732250Z [command]/usr/bin/git version
sbcl-bin	Post Run actions/checkout@v4	2026-09-29T04:35:43.8777787Z git version 2.55.0
sbcl-bin	Post Run actions/checkout@v4	2026-09-29T04:35:43.8819521Z Temporarily overriding HOME='/home/runner/work/_temp/f65bbcbc-d3f3-4b48-88f5-736a65506b51' before making global git config changes
sbcl-bin	Post Run actions/checkout@v4	2026-09-29T04:35:43.8821037Z Adding repository directory to the temporary git global config as a safe directory
sbcl-bin	Post Run actions/checkout@v4	2026-09-29T04:35:43.8826964Z [command]/usr/bin/git config --global --add safe.directory /home/runner/work/woo/woo
sbcl-bin	Post Run actions/checkout@v4	2026-09-29T04:35:43.8869322Z [command]/usr/bin/git config --local --name-only --get-regexp core\.sshCommand
sbcl-bin	Post Run actions/checkout@v4	2026-09-29T04:35:43.8908147Z [command]/usr/bin/git submodule foreach --recursive sh -c "git config --local --name-only --get-regexp 'core\.sshCommand' && git config --local --unset-all 'core.sshCommand' || :"
sbcl-bin	Post Run actions/checkout@v4	2026-09-29T04:35:43.9166684Z [command]/usr/bin/git config --local --name-only --get-regexp http\.https\:\/\/github\.com\/\.extraheader
sbcl-bin	Post Run actions/checkout@v4	2026-09-29T04:35:43.9195184Z http.https://github.com/.extraheader
sbcl-bin	Post Run actions/checkout@v4	2026-09-29T04:35:43.9208148Z [command]/usr/bin/git config --local --unset-all http.https://github.com/.extraheader
sbcl-bin	Post Run actions/checkout@v4	2026-09-29T04:35:43.9251206Z [command]/usr/bin/git submodule foreach --recursive sh -c "git config --local --name-only --get-regexp 'http\.https\:\/\/github\.com\/\.extraheader' && git config --local --unset-all 'http.https://github.com/.extraheader' || :"
sbcl-bin	Post Run actions/checkout@v4	2026-09-29T04:35:43.9527246Z [command]/usr/bin/git config --local --name-only --get-regexp ^includeIf\.gitdir:
sbcl-bin	Post Run actions/checkout@v4	2026-09-29T04:35:43.9583637Z [command]/usr/bin/git submodule foreach --recursive git config --local --show-origin --name-only --get-regexp remote.origin.url
sbcl-bin	Complete job	﻿2026-09-29T04:35:44.0043934Z Cleaning up orphan processes
sbcl-bin	Complete job	2026-09-29T04:35:44.0381436Z Terminate orphan process: pid (5932) (sbcl)
sbcl-bin	Complete job	2026-09-29T04:35:44.0482189Z ##[warning]Node.js 20 is deprecated. The following actions target Node.js 20 but are being forced to run on Node.js 24: actions/checkout@v4. For more information see: https://github.blog/changelog/2025-09-19-deprecation-of-node-20-on-github-actions-runners/
